"site_code","quadrat_num","PFT","weight","volume","cover_observed","cover_predicted","quad_label"
"AMSUMMIT","10m","DECIDUOUS SHRUBS",0,810.3552952,0,2.43,"AMSUMMIT 10m"
"AMSUMMIT","10m","EVERGREEN SHRUBS",1.85,71.07713127,0.01,0.74,"AMSUMMIT 10m"
"AMSUMMIT","10m","FORBS",1.86,26.98650551,10,0.6,"AMSUMMIT 10m"
"AMSUMMIT","10m","GRAMINOIDS",21.53,20871.60937,85,90.02,"AMSUMMIT 10m"
"AMSUMMIT","10m","LICHENS",0,0,0.01,0,"AMSUMMIT 10m"
"AMSUMMIT","30m","DECIDUOUS SHRUBS",14.57,557.214293,0,1.63,"AMSUMMIT 30m"
"AMSUMMIT","30m","EVERGREEN SHRUBS",0,0,0.01,0.27,"AMSUMMIT 30m"
"AMSUMMIT","30m","FORBS",0.97,0,2.5,0,"AMSUMMIT 30m"
"AMSUMMIT","30m","GRAMINOIDS",32.23,14989.673,92.51,89.1,"AMSUMMIT 30m"
"AMSUMMIT","30m","LICHENS",0,0,0,0,"AMSUMMIT 30m"
"AMSUMMIT","50m","DECIDUOUS SHRUBS",23.08,1779.588911,30,21.4,"AMSUMMIT 50m"
"AMSUMMIT","50m","EVERGREEN SHRUBS",0,0,0,0,"AMSUMMIT 50m"
"AMSUMMIT","50m","FORBS",0.72,199.1680043,0.01,3.03,"AMSUMMIT 50m"
"AMSUMMIT","50m","GRAMINOIDS",2.75,2212.893406,25,24.94,"AMSUMMIT 50m"
"AMSUMMIT","50m","LICHENS",2.37,0,5.01,0,"AMSUMMIT 50m"
"AMSUMMIT","70m","DECIDUOUS SHRUBS",1.28,7172.328705,0.01,13.08,"AMSUMMIT 70m"
"AMSUMMIT","70m","EVERGREEN SHRUBS",0,0,0,0.25,"AMSUMMIT 70m"
"AMSUMMIT","70m","FORBS",8.69,1755.643158,40,5.36,"AMSUMMIT 70m"
"AMSUMMIT","70m","GRAMINOIDS",32.91,42747.38255,60,74.08,"AMSUMMIT 70m"
"AMSUMMIT","70m","LICHENS",0,0,0,0,"AMSUMMIT 70m"
"AMSUMMIT","90m","DECIDUOUS SHRUBS",30.96,28510.67158,25,43.95,"AMSUMMIT 90m"
"AMSUMMIT","90m","EVERGREEN SHRUBS",0,0,0,0.25,"AMSUMMIT 90m"
"AMSUMMIT","90m","FORBS",5.02,158.4982066,15,2.28,"AMSUMMIT 90m"
"AMSUMMIT","90m","GRAMINOIDS",21.16,22188.98782,60,45.72,"AMSUMMIT 90m"
"AMSUMMIT","90m","LICHENS",0,0,0,0,"AMSUMMIT 90m"
"AUFEIS","10m","DECIDUOUS SHRUBS",2.133,284.0440335,10,1.82,"AUFEIS 10m"
"AUFEIS","10m","EVERGREEN SHRUBS",7.965,3933.348162,4,20.3,"AUFEIS 10m"
"AUFEIS","10m","FORBS",6.762,122.6785188,4,1.34,"AUFEIS 10m"
"AUFEIS","10m","GRAMINOIDS",9.32,9809.190962,70,64.36,"AUFEIS 10m"
"AUFEIS","10m","LICHENS",0,0,1,0,"AUFEIS 10m"
"AUFEIS","30m","DECIDUOUS SHRUBS",2.826,141.25846,9,1.62,"AUFEIS 30m"
"AUFEIS","30m","EVERGREEN SHRUBS",3.417,2124.22178,4,16.31,"AUFEIS 30m"
"AUFEIS","30m","FORBS",3.388,28.2516911,2,0.83,"AUFEIS 30m"
"AUFEIS","30m","GRAMINOIDS",11.074,6627.185114,76,65.57,"AUFEIS 30m"
"AUFEIS","30m","LICHENS",0.23,0,1,0,"AUFEIS 30m"
"AUFEIS","50m","DECIDUOUS SHRUBS",5.437,115.8064828,12,1.41,"AUFEIS 50m"
"AUFEIS","50m","EVERGREEN SHRUBS",3.512,2567.595204,6,17.74,"AUFEIS 50m"
"AUFEIS","50m","FORBS",7.319,74.31976414,16.01,0.9,"AUFEIS 50m"
"AUFEIS","50m","GRAMINOIDS",6.176,6680.125213,60,53.52,"AUFEIS 50m"
"AUFEIS","50m","LICHENS",0,0,0,0,"AUFEIS 50m"
"AUFEIS","70m","DECIDUOUS SHRUBS",0.342,37.66892374,2,0.83,"AUFEIS 70m"
"AUFEIS","70m","EVERGREEN SHRUBS",2.64,2406.738705,8,22.06,"AUFEIS 70m"
"AUFEIS","70m","FORBS",4.222,13.48954582,5,0.35,"AUFEIS 70m"
"AUFEIS","70m","GRAMINOIDS",8.227,2682.892641,60,27.58,"AUFEIS 70m"
"AUFEIS","70m","LICHENS",0,0,2,0,"AUFEIS 70m"
"AUFEIS","90m","DECIDUOUS SHRUBS",0,526.8558736,5,2.82,"AUFEIS 90m"
"AUFEIS","90m","EVERGREEN SHRUBS",0.391,223.4683394,2,3.77,"AUFEIS 90m"
"AUFEIS","90m","FORBS",3.59,57.52146208,9,0.76,"AUFEIS 90m"
"AUFEIS","90m","GRAMINOIDS",6.564,5727.966896,70,77.36,"AUFEIS 90m"
"AUFEIS","90m","LICHENS",0,0,0,0,"AUFEIS 90m"
"BABBAGE","10m","DECIDUOUS SHRUBS",10.748,2002.500729,8,11.78,"BABBAGE 10m"
"BABBAGE","10m","EVERGREEN SHRUBS",44.531,4552.550694,26,31.5,"BABBAGE 10m"
"BABBAGE","10m","FORBS",2.224,515.8602753,4.02,3.86,"BABBAGE 10m"
"BABBAGE","10m","GRAMINOIDS",8.917,8187.644022,50,49.04,"BABBAGE 10m"
"BABBAGE","10m","LICHENS",0.299,0,0.02,0,"BABBAGE 10m"
"BABBAGE","30m","DECIDUOUS SHRUBS",85.356,7395.419198,47.01,38.36,"BABBAGE 30m"
"BABBAGE","30m","EVERGREEN SHRUBS",7.447,1371.46313,4,8.24,"BABBAGE 30m"
"BABBAGE","30m","FORBS",5.168,3410.528069,20.03,19.58,"BABBAGE 30m"
"BABBAGE","30m","GRAMINOIDS",3.559,2625.920785,6,19.99,"BABBAGE 30m"
"BABBAGE","30m","LICHENS",0.651,0,0.02,0,"BABBAGE 30m"
"BABBAGE","50m","DECIDUOUS SHRUBS",42.486,6068.747233,54,55.66,"BABBAGE 50m"
"BABBAGE","50m","EVERGREEN SHRUBS",54.124,1386.088823,24,24.36,"BABBAGE 50m"
"BABBAGE","50m","FORBS",1.21,235.5345454,0.02,3.5,"BABBAGE 50m"
"BABBAGE","50m","GRAMINOIDS",2.903,654.8043284,18.01,9.12,"BABBAGE 50m"
"BABBAGE","50m","LICHENS",0.506,0,0.03,0,"BABBAGE 50m"
"BABBAGE","70m","DECIDUOUS SHRUBS",53.906,5726.871696,43.01,34.89,"BABBAGE 70m"
"BABBAGE","70m","EVERGREEN SHRUBS",30.496,6782.663715,46,42.58,"BABBAGE 70m"
"BABBAGE","70m","FORBS",0.383,293.7326031,0.03,2.03,"BABBAGE 70m"
"BABBAGE","70m","GRAMINOIDS",1,234.6204405,2,1.83,"BABBAGE 70m"
"BABBAGE","70m","LICHENS",4.642,0,2.02,0,"BABBAGE 70m"
"BABBAGE","90m","DECIDUOUS SHRUBS",64.697,4319.453766,41,24.57,"BABBAGE 90m"
"BABBAGE","90m","EVERGREEN SHRUBS",23.166,6527.323527,38.01,39.13,"BABBAGE 90m"
"BABBAGE","90m","FORBS",2.219,307.7488966,3.04,2.36,"BABBAGE 90m"
"BABBAGE","90m","GRAMINOIDS",2.633,5250.317949,8,24.25,"BABBAGE 90m"
"BABBAGE","90m","LICHENS",2.488,0,2.01,0,"BABBAGE 90m"
"BLOWRIVER","10m","DECIDUOUS SHRUBS",6.137,107.5123091,10,0.97,"BLOWRIVER 10m"
"BLOWRIVER","10m","EVERGREEN SHRUBS",23.209,2544.953027,7,15.22,"BLOWRIVER 10m"
"BLOWRIVER","10m","FORBS",0.288,43.95530796,1,0.47,"BLOWRIVER 10m"
"BLOWRIVER","10m","GRAMINOIDS",12.052,10499.08208,57,62.53,"BLOWRIVER 10m"
"BLOWRIVER","10m","LICHENS",0,0,0,0,"BLOWRIVER 10m"
"BLOWRIVER","30m","DECIDUOUS SHRUBS",23.795,1102.149684,10,10.01,"BLOWRIVER 30m"
"BLOWRIVER","30m","EVERGREEN SHRUBS",12.166,518.5538549,5,6.06,"BLOWRIVER 30m"
"BLOWRIVER","30m","FORBS",0.146,611.2163968,0,2.87,"BLOWRIVER 30m"
"BLOWRIVER","30m","GRAMINOIDS",14.307,10612.2373,77,65.42,"BLOWRIVER 30m"
"BLOWRIVER","30m","LICHENS",0,0,0,0,"BLOWRIVER 30m"
"BLOWRIVER","50m","DECIDUOUS SHRUBS",262.538,94694.58665,60,44.34,"BLOWRIVER 50m"
"BLOWRIVER","50m","EVERGREEN SHRUBS",0,0,0,0,"BLOWRIVER 50m"
"BLOWRIVER","50m","FORBS",0.307,0,0,0.03,"BLOWRIVER 50m"
"BLOWRIVER","50m","LICHENS",0,0,0,0,"BLOWRIVER 50m"
"BLOWRIVER","70m","DECIDUOUS SHRUBS",154.69,29651.44112,64,63.64,"BLOWRIVER 70m"
"BLOWRIVER","70m","EVERGREEN SHRUBS",3.939,0,0,0,"BLOWRIVER 70m"
"BLOWRIVER","70m","FORBS",1.636,377.7780666,0.01,1.7,"BLOWRIVER 70m"
"BLOWRIVER","70m","GRAMINOIDS",3.439,12883.71786,8,34.19,"BLOWRIVER 70m"
"BLOWRIVER","70m","LICHENS",0,0,0,0,"BLOWRIVER 70m"
"BLOWRIVER","90m","DECIDUOUS SHRUBS",62.029,11769.03417,47,27.04,"BLOWRIVER 90m"
"BLOWRIVER","90m","EVERGREEN SHRUBS",6.921,331.7437911,3,5.76,"BLOWRIVER 90m"
"BLOWRIVER","90m","FORBS",0,359.6613512,0,1.89,"BLOWRIVER 90m"
"BLOWRIVER","90m","GRAMINOIDS",7.965,14499.01522,25,64.14,"BLOWRIVER 90m"
"BLOWRIVER","90m","LICHENS",0,0,0,0,"BLOWRIVER 90m"
"BROWNSCREEK","10m","DECIDUOUS SHRUBS",0,0,0,0,"BROWNSCREEK 10m"
"BROWNSCREEK","10m","EVERGREEN SHRUBS",27.001,2375.306532,30,55.36,"BROWNSCREEK 10m"
"BROWNSCREEK","10m","FORBS",0,0,0,0,"BROWNSCREEK 10m"
"BROWNSCREEK","10m","GRAMINOIDS",0.454,345.2700162,4,7.45,"BROWNSCREEK 10m"
"BROWNSCREEK","10m","LICHENS",14.738,444.8186774,22,13.96,"BROWNSCREEK 10m"
"BROWNSCREEK","30m","DECIDUOUS SHRUBS",0,0,0,0.31,"BROWNSCREEK 30m"
"BROWNSCREEK","30m","EVERGREEN SHRUBS",22.456,2335.403062,27,46.66,"BROWNSCREEK 30m"
"BROWNSCREEK","30m","FORBS",0,0,0,0,"BROWNSCREEK 30m"
"BROWNSCREEK","30m","GRAMINOIDS",0.962,722.8828497,10,8.3,"BROWNSCREEK 30m"
"BROWNSCREEK","30m","LICHENS",9.705,420.8765941,15,16.08,"BROWNSCREEK 30m"
"BROWNSCREEK","50m","DECIDUOUS SHRUBS",274.01,27383.44108,85,91.73,"BROWNSCREEK 50m"
"BROWNSCREEK","50m","EVERGREEN SHRUBS",0,0,0,0.03,"BROWNSCREEK 50m"
"BROWNSCREEK","50m","FORBS",0,0,0,0,"BROWNSCREEK 50m"
"BROWNSCREEK","50m","GRAMINOIDS",0,0,0,0.12,"BROWNSCREEK 50m"
"BROWNSCREEK","50m","LICHENS",45.01,0,13,0,"BROWNSCREEK 50m"
"BROWNSCREEK","70m","DECIDUOUS SHRUBS",91.419,11396.43098,50,59.46,"BROWNSCREEK 70m"
"BROWNSCREEK","70m","EVERGREEN SHRUBS",3.921,3171.695788,12,23.13,"BROWNSCREEK 70m"
"BROWNSCREEK","70m","FORBS",0,0,0,0,"BROWNSCREEK 70m"
"BROWNSCREEK","70m","GRAMINOIDS",1.731,940.0417356,5,5.29,"BROWNSCREEK 70m"
"BROWNSCREEK","70m","LICHENS",15.937,176.8353763,20,1.53,"BROWNSCREEK 70m"
"BROWNSCREEK","90m","DECIDUOUS SHRUBS",55.895,9591.95407,36,44.96,"BROWNSCREEK 90m"
"BROWNSCREEK","90m","EVERGREEN SHRUBS",0,545.2074125,0,7.64,"BROWNSCREEK 90m"
"BROWNSCREEK","90m","FORBS",0,0,0,0,"BROWNSCREEK 90m"
"BROWNSCREEK","90m","GRAMINOIDS",3.54,581.7505846,15,7.97,"BROWNSCREEK 90m"
"BROWNSCREEK","90m","LICHENS",12.678,606.1127009,15,8.55,"BROWNSCREEK 90m"
"BUTLER","10m","DECIDUOUS SHRUBS",0,19.97319794,0,0.34,"BUTLER 10m"
"BUTLER","10m","EVERGREEN SHRUBS",18.901,5761.268849,31,50.97,"BUTLER 10m"
"BUTLER","10m","FORBS",0.414,0,0.04,0,"BUTLER 10m"
"BUTLER","10m","GRAMINOIDS",1.898,927.255694,4.01,15.89,"BUTLER 10m"
"BUTLER","10m","LICHENS",2.916,1285.275273,24.04,8.47,"BUTLER 10m"
"BUTLER","30m","DECIDUOUS SHRUBS",25.605,1465.533368,28.01,9.27,"BUTLER 30m"
"BUTLER","30m","EVERGREEN SHRUBS",1.023,294.6046677,0.02,3.93,"BUTLER 30m"
"BUTLER","30m","FORBS",0.012,0,0.02,0,"BUTLER 30m"
"BUTLER","30m","GRAMINOIDS",5.007,2484.66579,34.01,34.4,"BUTLER 30m"
"BUTLER","30m","LICHENS",4.294,422.9324581,15.05,8.78,"BUTLER 30m"
"BUTLER","50m","DECIDUOUS SHRUBS",0,0,0,0,"BUTLER 50m"
"BUTLER","50m","EVERGREEN SHRUBS",15.193,2632.966785,38.01,33.88,"BUTLER 50m"
"BUTLER","50m","FORBS",0.293,0,1.02,0,"BUTLER 50m"
"BUTLER","50m","GRAMINOIDS",0.475,372.9994664,1.02,9.82,"BUTLER 50m"
"BUTLER","50m","LICHENS",1.962,217.7078564,6.07,8.25,"BUTLER 50m"
"BUTLER","70m","DECIDUOUS SHRUBS",0,0,0,0,"BUTLER 70m"
"BUTLER","70m","EVERGREEN SHRUBS",0,0,0,0,"BUTLER 70m"
"BUTLER","70m","FORBS",0,0,0,0,"BUTLER 70m"
"BUTLER","70m","GRAMINOIDS",0.539,15.97855797,3,0.95,"BUTLER 70m"
"BUTLER","70m","LICHENS",13.877,103.3612985,24.02,9.12,"BUTLER 70m"
"BUTLER","90m","DECIDUOUS SHRUBS",0,0,0,0.31,"BUTLER 90m"
"BUTLER","90m","EVERGREEN SHRUBS",25.8,3342.986317,60.01,42.96,"BUTLER 90m"
"BUTLER","90m","FORBS",0,0,0,0,"BUTLER 90m"
"BUTLER","90m","GRAMINOIDS",1.213,672.7001857,1,16.42,"BUTLER 90m"
"BUTLER","90m","LICHENS",8.309,603.6942157,23.05,17.61,"BUTLER 90m"
"CALF","10m","DECIDUOUS SHRUBS",11.192,238.363862,8.01,1.44,"CALF 10m"
"CALF","10m","EVERGREEN SHRUBS",32.928,3513.6814,10,21.43,"CALF 10m"
"CALF","10m","FORBS",0,61.7764492,0,0.37,"CALF 10m"
"CALF","10m","GRAMINOIDS",10.787,17122.85892,68,73.49,"CALF 10m"
"CALF","10m","LICHENS",3.751,0,4.01,0,"CALF 10m"
"CALF","30m","DECIDUOUS SHRUBS",24.031,2299.133038,30,29.01,"CALF 30m"
"CALF","30m","EVERGREEN SHRUBS",36.586,1445.044435,12,23.48,"CALF 30m"
"CALF","30m","FORBS",0,374.4468817,0.01,5.43,"CALF 30m"
"CALF","30m","GRAMINOIDS",7.82,3498.820089,54,38.78,"CALF 30m"
"CALF","30m","LICHENS",0.387,0,0,0,"CALF 30m"
"CALF","50m","DECIDUOUS SHRUBS",2.603,326.9489532,1,5.64,"CALF 50m"
"CALF","50m","EVERGREEN SHRUBS",30.879,675.7527864,28,11.79,"CALF 50m"
"CALF","50m","FORBS",1.314,31.76242065,8,1.17,"CALF 50m"
"CALF","50m","GRAMINOIDS",5.756,5012.051753,55.01,80.28,"CALF 50m"
"CALF","50m","LICHENS",0,0,0.01,0,"CALF 50m"
"CALF","70m","DECIDUOUS SHRUBS",27.477,1576.173718,25.01,10.24,"CALF 70m"
"CALF","70m","EVERGREEN SHRUBS",0,683.3291516,0,7.5,"CALF 70m"
"CALF","70m","FORBS",0,126.1754942,0,0.75,"CALF 70m"
"CALF","70m","GRAMINOIDS",10.651,13646.47643,67,73.9,"CALF 70m"
"CALF","70m","LICHENS",0,0,0,0,"CALF 70m"
"CALF","90m","DECIDUOUS SHRUBS",12.492,70.22700405,19,1.04,"CALF 90m"
"CALF","90m","EVERGREEN SHRUBS",0.028,24.18606305,0,0.69,"CALF 90m"
"CALF","90m","FORBS",0.116,44.87534761,0,0.43,"CALF 90m"
"CALF","90m","GRAMINOIDS",13.2,10678.00136,67,95.37,"CALF 90m"
"CALF","90m","LICHENS",0,0,0,0,"CALF 90m"
"COALCREEK","10m","DECIDUOUS SHRUBS",48.851,1739.079528,65,22.48,"COALCREEK 10m"
"COALCREEK","10m","EVERGREEN SHRUBS",0.964,984.6133254,0.01,17.58,"COALCREEK 10m"
"COALCREEK","10m","FORBS",0,0,0,0,"COALCREEK 10m"
"COALCREEK","10m","GRAMINOIDS",0.603,1326.852395,0,16.76,"COALCREEK 10m"
"COALCREEK","10m","LICHENS",42.833,1812.687547,31.01,40.62,"COALCREEK 10m"
"COALCREEK","30m","DECIDUOUS SHRUBS",49.643,8109.914986,76,51.06,"COALCREEK 30m"
"COALCREEK","30m","EVERGREEN SHRUBS",16.54,2335.761005,12.01,22.63,"COALCREEK 30m"
"COALCREEK","30m","FORBS",0,0,0,0,"COALCREEK 30m"
"COALCREEK","30m","GRAMINOIDS",0.003,29.10039139,0,0.61,"COALCREEK 30m"
"COALCREEK","30m","LICHENS",32.119,1002.144681,12.02,9.25,"COALCREEK 30m"
"COALCREEK","50m","DECIDUOUS SHRUBS",10.261,810.2639802,0,8.78,"COALCREEK 50m"
"COALCREEK","50m","EVERGREEN SHRUBS",9.38,3203.316391,55,59.77,"COALCREEK 50m"
"COALCREEK","50m","FORBS",0.109,0,0.01,0,"COALCREEK 50m"
"COALCREEK","50m","GRAMINOIDS",0.119,210.068441,2,5.09,"COALCREEK 50m"
"COALCREEK","50m","LICHENS",14.739,512.439682,36.03,14.45,"COALCREEK 50m"
"COALCREEK","70m","DECIDUOUS SHRUBS",0,40.92242432,0,0.08,"COALCREEK 70m"
"COALCREEK","70m","EVERGREEN SHRUBS",2.545,128.2235996,6,4.35,"COALCREEK 70m"
"COALCREEK","70m","FORBS",0,0,0,0,"COALCREEK 70m"
"COALCREEK","70m","GRAMINOIDS",0.075,278.7271822,2,9.47,"COALCREEK 70m"
"COALCREEK","70m","LICHENS",14.77,1094.447501,75.02,58.4,"COALCREEK 70m"
"COALCREEK","90m","DECIDUOUS SHRUBS",0,0,0,0,"COALCREEK 90m"
"COALCREEK","90m","EVERGREEN SHRUBS",10.273,592.9204559,18,30.39,"COALCREEK 90m"
"COALCREEK","90m","FORBS",0.143,0,0.01,0,"COALCREEK 90m"
"COALCREEK","90m","GRAMINOIDS",0.05,0,0.01,0.14,"COALCREEK 90m"
"COALCREEK","90m","LICHENS",10.479,135.4986922,26.04,15.33,"COALCREEK 90m"
"DEW","10m","DECIDUOUS SHRUBS",50.169,3439.142214,68,50.3,"DEW 10m"
"DEW","10m","EVERGREEN SHRUBS",30.213,2279.513412,22,35.56,"DEW 10m"
"DEW","10m","FORBS",0,37.86789298,0,1.59,"DEW 10m"
"DEW","10m","GRAMINOIDS",0.733,472.7053385,2,8.4,"DEW 10m"
"DEW","10m","LICHENS",14.966,0,4.03,0,"DEW 10m"
"DEW","30m","DECIDUOUS SHRUBS",13.038,1154.28224,25,22.35,"DEW 30m"
"DEW","30m","EVERGREEN SHRUBS",4.821,89.85018444,10,3.72,"DEW 30m"
"DEW","30m","FORBS",2.804,11.01611435,3,0.57,"DEW 30m"
"DEW","30m","GRAMINOIDS",0.066,740.4894407,0.01,15.41,"DEW 30m"
"DEW","30m","LICHENS",2.387,164.8974653,0.03,9.84,"DEW 30m"
"DEW","50m","DECIDUOUS SHRUBS",38.787,2361.288338,63,64.84,"DEW 50m"
"DEW","50m","EVERGREEN SHRUBS",14.792,194.5032715,15,8.34,"DEW 50m"
"DEW","50m","FORBS",3.27,7.229324818,5,0.32,"DEW 50m"
"DEW","50m","GRAMINOIDS",0.595,579.0766606,3,9.55,"DEW 50m"
"DEW","50m","LICHENS",6.735,141.8483086,8.03,6.3,"DEW 50m"
"DEW","70m","DECIDUOUS SHRUBS",10.831,898.8460738,15,13.08,"DEW 70m"
"DEW","70m","EVERGREEN SHRUBS",14.5,156.2911223,6,4.45,"DEW 70m"
"DEW","70m","FORBS",0.176,29.60580736,0.01,0.92,"DEW 70m"
"DEW","70m","GRAMINOIDS",0.276,105.3415929,4,3.82,"DEW 70m"
"DEW","70m","LICHENS",9.274,56.45758557,11.05,5.6,"DEW 70m"
"DEW","90m","DECIDUOUS SHRUBS",12.423,955.3036664,25,16.89,"DEW 90m"
"DEW","90m","EVERGREEN SHRUBS",0.625,700.9002745,0.01,11.8,"DEW 90m"
"DEW","90m","FORBS",2.704,113.6036786,5.01,2.39,"DEW 90m"
"DEW","90m","GRAMINOIDS",0,277.124127,0,8.72,"DEW 90m"
"DEW","90m","LICHENS",1.673,446.1526348,1.04,20.68,"DEW 90m"
"EXCELSIOR","10m","DECIDUOUS SHRUBS",10.966,336.8765891,16,5.06,"EXCELSIOR 10m"
"EXCELSIOR","10m","EVERGREEN SHRUBS",2.139,583.7534132,8,5.59,"EXCELSIOR 10m"
"EXCELSIOR","10m","FORBS",0,0,0.01,0,"EXCELSIOR 10m"
"EXCELSIOR","10m","GRAMINOIDS",1.77,202.0548098,10,2.27,"EXCELSIOR 10m"
"EXCELSIOR","10m","LICHENS",25.629,2777.567288,51.03,67.47,"EXCELSIOR 10m"
"EXCELSIOR","30m","DECIDUOUS SHRUBS",0.65,185.6912146,0.01,1.63,"EXCELSIOR 30m"
"EXCELSIOR","30m","EVERGREEN SHRUBS",9.352,3686.788772,36,36.55,"EXCELSIOR 30m"
"EXCELSIOR","30m","FORBS",0,0,1.01,0,"EXCELSIOR 30m"
"EXCELSIOR","30m","GRAMINOIDS",0.841,751.3023744,4.02,11.2,"EXCELSIOR 30m"
"EXCELSIOR","30m","LICHENS",41.243,3105.525469,56.02,42.3,"EXCELSIOR 30m"
"EXCELSIOR","50m","DECIDUOUS SHRUBS",0,0,0,0,"EXCELSIOR 50m"
"EXCELSIOR","50m","EVERGREEN SHRUBS",0,11.02763939,0,0.57,"EXCELSIOR 50m"
"EXCELSIOR","50m","FORBS",0,0,0,0,"EXCELSIOR 50m"
"EXCELSIOR","50m","GRAMINOIDS",0.24,0,2,0.11,"EXCELSIOR 50m"
"EXCELSIOR","50m","LICHENS",67.67,3091.169535,65.02,79.66,"EXCELSIOR 50m"
"EXCELSIOR","70m","DECIDUOUS SHRUBS",136.109,30742.21174,90,77.8,"EXCELSIOR 70m"
"EXCELSIOR","70m","EVERGREEN SHRUBS",1.752,1376.320499,0.01,3.9,"EXCELSIOR 70m"
"EXCELSIOR","70m","FORBS",0,0,0,0,"EXCELSIOR 70m"
"EXCELSIOR","70m","GRAMINOIDS",0,212.7267189,0.01,0.95,"EXCELSIOR 70m"
"EXCELSIOR","70m","LICHENS",35.522,404.1096201,6.04,2,"EXCELSIOR 70m"
"EXCELSIOR","90m","DECIDUOUS SHRUBS",0,2515.724637,2,27.69,"EXCELSIOR 90m"
"EXCELSIOR","90m","EVERGREEN SHRUBS",34.736,2483.353173,48,43.52,"EXCELSIOR 90m"
"EXCELSIOR","90m","FORBS",1.373,0,0,0,"EXCELSIOR 90m"
"EXCELSIOR","90m","GRAMINOIDS",0.534,136.9561615,4,4.58,"EXCELSIOR 90m"
"EXCELSIOR","90m","LICHENS",27.671,1038.020995,42.05,23.9,"EXCELSIOR 90m"
"FIRTH","10m","DECIDUOUS SHRUBS",1.98,22.23093796,1.02,0.18,"FIRTH 10m"
"FIRTH","10m","EVERGREEN SHRUBS",1.072,29.11939865,3,0.6,"FIRTH 10m"
"FIRTH","10m","FORBS",2.53,0,0.02,0,"FIRTH 10m"
"FIRTH","10m","GRAMINOIDS",3.398,2996.793041,43,46.02,"FIRTH 10m"
"FIRTH","10m","LICHENS",0,0,0,0,"FIRTH 10m"
"FIRTH","30m","DECIDUOUS SHRUBS",350.849,87582.69264,100.01,88.18,"FIRTH 30m"
"FIRTH","30m","EVERGREEN SHRUBS",0,67.00592804,0,0.71,"FIRTH 30m"
"FIRTH","30m","FORBS",0,2654.248711,0,2.7,"FIRTH 30m"
"FIRTH","30m","GRAMINOIDS",4.684,3286.108307,0.01,7.31,"FIRTH 30m"
"FIRTH","30m","LICHENS",0,0,0,0,"FIRTH 30m"
"FIRTH","50m","DECIDUOUS SHRUBS",15.181,4181.60805,23.01,12.14,"FIRTH 50m"
"FIRTH","50m","EVERGREEN SHRUBS",22.838,8641.885688,58,53.74,"FIRTH 50m"
"FIRTH","50m","FORBS",0.184,0,0.02,0.29,"FIRTH 50m"
"FIRTH","50m","GRAMINOIDS",4.54,5420.278323,22,32.87,"FIRTH 50m"
"FIRTH","50m","LICHENS",0,0,0,0,"FIRTH 50m"
"FIRTH","70m","DECIDUOUS SHRUBS",0.87,12.21136039,4,1.07,"FIRTH 70m"
"FIRTH","70m","EVERGREEN SHRUBS",6.291,100.8220012,10,3.3,"FIRTH 70m"
"FIRTH","70m","FORBS",0.043,3.757341623,1.01,0.26,"FIRTH 70m"
"FIRTH","70m","GRAMINOIDS",1.542,720.7833586,15,16.06,"FIRTH 70m"
"FIRTH","70m","LICHENS",0,0,0,0,"FIRTH 70m"
"FIRTH","90m","DECIDUOUS SHRUBS",1.82,44.77498746,6,1.47,"FIRTH 90m"
"FIRTH","90m","EVERGREEN SHRUBS",13.315,2914.131488,20,48.95,"FIRTH 90m"
"FIRTH","90m","FORBS",0.474,17.22114897,0.01,1.52,"FIRTH 90m"
"FIRTH","90m","GRAMINOIDS",1.232,1039.218058,8,18.14,"FIRTH 90m"
"FIRTH","90m","LICHENS",0,0,0.01,0,"FIRTH 90m"
"FRYINGPAN","10m","FORBS",0,0,0,0,"FRYINGPAN 10m"
"FRYINGPAN","10m","GRAMINOIDS",0,538.2318099,0,4.74,"FRYINGPAN 10m"
"FRYINGPAN","10m","LICHENS",0,0,0,0,"FRYINGPAN 10m"
"FRYINGPAN","30m","FORBS",0,66.13771248,0,0.43,"FRYINGPAN 30m"
"FRYINGPAN","30m","GRAMINOIDS",6.35,5839.49226,30,40.57,"FRYINGPAN 30m"
"FRYINGPAN","30m","LICHENS",10.38,98.42716622,10,1.76,"FRYINGPAN 30m"
"FRYINGPAN","50m","FORBS",0,0,0,0.06,"FRYINGPAN 50m"
"FRYINGPAN","50m","GRAMINOIDS",5.99,2849.043345,15,28.38,"FRYINGPAN 50m"
"FRYINGPAN","50m","LICHENS",50.57,1478.188986,30,23.73,"FRYINGPAN 50m"
"FRYINGPAN","70m","FORBS",0,0,0,0,"FRYINGPAN 70m"
"FRYINGPAN","70m","GRAMINOIDS",2.75,1363.505745,4,10.84,"FRYINGPAN 70m"
"FRYINGPAN","70m","LICHENS",9.15,645.5664149,8,9.36,"FRYINGPAN 70m"
"FRYINGPAN","90m","FORBS",0.34,0,0,0,"FRYINGPAN 90m"
"FRYINGPAN","90m","GRAMINOIDS",9.55,4631.866641,25,25.49,"FRYINGPAN 90m"
"FRYINGPAN","90m","LICHENS",14.17,922.1422806,10,1.01,"FRYINGPAN 90m"
"GRANITE","10m","FORBS",5.86,217.317009,8,1.29,"GRANITE 10m"
"GRANITE","10m","GRAMINOIDS",18.83,9927.585617,45,25.92,"GRANITE 10m"
"GRANITE","10m","LICHENS",0,0,0,0,"GRANITE 10m"
"GRANITE","30m","DECIDUOUS SHRUBS",221.29,118394.1221,82,88.72,"GRANITE 30m"
"GRANITE","30m","EVERGREEN SHRUBS",8.47,0,0,0.04,"GRANITE 30m"
"GRANITE","30m","FORBS",1.13,823.5047684,0,1.66,"GRANITE 30m"
"GRANITE","30m","GRAMINOIDS",14.75,2283.940849,14,1.66,"GRANITE 30m"
"GRANITE","30m","LICHENS",0,0,0,0,"GRANITE 30m"
"GRANITE","50m","DECIDUOUS SHRUBS",34.11,0,28,0.08,"GRANITE 50m"
"GRANITE","50m","EVERGREEN SHRUBS",0,1374.541844,0,11.36,"GRANITE 50m"
"GRANITE","50m","FORBS",0.35,91.05723763,1.01,1.28,"GRANITE 50m"
"GRANITE","50m","GRAMINOIDS",18.92,9845.211692,55,80.6,"GRANITE 50m"
"GRANITE","50m","LICHENS",0,0,0,0,"GRANITE 50m"
"GRANITE","70m","DECIDUOUS SHRUBS",0,2927.677927,2.01,10.59,"GRANITE 70m"
"GRANITE","70m","EVERGREEN SHRUBS",33.74,3313.497721,31,12.44,"GRANITE 70m"
"GRANITE","70m","FORBS",4.94,35.20253944,4.01,0.61,"GRANITE 70m"
"GRANITE","70m","GRAMINOIDS",35.65,22710.56664,63,70.71,"GRANITE 70m"
"GRANITE","70m","LICHENS",0,0,0,0,"GRANITE 70m"
"GRANITE","90m","FORBS",0.95,0,5,0.36,"GRANITE 90m"
"GRANITE","90m","GRAMINOIDS",3.37,2342.142317,22,24.22,"GRANITE 90m"
"GRANITE","90m","LICHENS",0,0,0,0,"GRANITE 90m"
"GULCH","10m","DECIDUOUS SHRUBS",3.97,9930.313362,1,33.88,"GULCH 10m"
"GULCH","10m","EVERGREEN SHRUBS",11.67,1894.395564,0.01,9.25,"GULCH 10m"
"GULCH","10m","FORBS",28.2,11753.62547,76.01,42.45,"GULCH 10m"
"GULCH","10m","GRAMINOIDS",9.6,3122.220303,23,12.93,"GULCH 10m"
"GULCH","10m","LICHENS",0,0,0,0,"GULCH 10m"
"GULCH","30m","FORBS",0.67,2529.567547,2,12.08,"GULCH 30m"
"GULCH","30m","GRAMINOIDS",11.74,1744.378984,40,12.7,"GULCH 30m"
"GULCH","30m","LICHENS",0,0,0.01,0,"GULCH 30m"
"GULCH","50m","FORBS",2.87,5690.600304,7.01,20.89,"GULCH 50m"
"GULCH","50m","GRAMINOIDS",4.42,12100.75691,20,41.57,"GULCH 50m"
"GULCH","50m","LICHENS",0,0,0,0,"GULCH 50m"
"GULCH","70m","DECIDUOUS SHRUBS",207.81,79052.20201,90,79.33,"GULCH 70m"
"GULCH","70m","EVERGREEN SHRUBS",0,1550.098774,0,2.88,"GULCH 70m"
"GULCH","70m","FORBS",3.85,11458.82548,0,13.56,"GULCH 70m"
"GULCH","70m","GRAMINOIDS",15.37,2990.083611,10,4.09,"GULCH 70m"
"GULCH","70m","LICHENS",0,0,0,0,"GULCH 70m"
"GULCH","90m","FORBS",4.3,2733.441839,10.01,16.18,"GULCH 90m"
"GULCH","90m","GRAMINOIDS",1.61,926.2652311,5,6.97,"GULCH 90m"
"GULCH","90m","LICHENS",0,0,0,0,"GULCH 90m"
"KINGSOLOMON","10m","DECIDUOUS SHRUBS",83.587,11553.53442,62.01,42.46,"KINGSOLOMON 10m"
"KINGSOLOMON","10m","EVERGREEN SHRUBS",35.161,6846.908029,34,30.6,"KINGSOLOMON 10m"
"KINGSOLOMON","10m","FORBS",0,837.4879742,0,3.56,"KINGSOLOMON 10m"
"KINGSOLOMON","10m","GRAMINOIDS",1.153,0,1,0,"KINGSOLOMON 10m"
"KINGSOLOMON","10m","LICHENS",6.563,1396.85146,2.01,6.87,"KINGSOLOMON 10m"
"KINGSOLOMON","30m","DECIDUOUS SHRUBS",103.024,17808.37679,86,56.83,"KINGSOLOMON 30m"
"KINGSOLOMON","30m","EVERGREEN SHRUBS",0,351.9380493,0,2.34,"KINGSOLOMON 30m"
"KINGSOLOMON","30m","FORBS",0,0,0,0.05,"KINGSOLOMON 30m"
"KINGSOLOMON","30m","GRAMINOIDS",1.699,0,0.01,0,"KINGSOLOMON 30m"
"KINGSOLOMON","30m","LICHENS",74.475,410.8020287,14.02,2.34,"KINGSOLOMON 30m"
"KINGSOLOMON","50m","DECIDUOUS SHRUBS",37.301,3295.136787,59,22.34,"KINGSOLOMON 50m"
"KINGSOLOMON","50m","EVERGREEN SHRUBS",63.197,6151.752553,40,68.69,"KINGSOLOMON 50m"
"KINGSOLOMON","50m","FORBS",0,531.6444702,0,3.47,"KINGSOLOMON 50m"
"KINGSOLOMON","50m","GRAMINOIDS",0.72,8.720588684,1,0.15,"KINGSOLOMON 50m"
"KINGSOLOMON","50m","LICHENS",1.461,186.5583172,0.02,1.68,"KINGSOLOMON 50m"
"KINGSOLOMON","70m","DECIDUOUS SHRUBS",18.256,3928.480247,48.01,38.67,"KINGSOLOMON 70m"
"KINGSOLOMON","70m","EVERGREEN SHRUBS",26.852,2166.898265,32,24.08,"KINGSOLOMON 70m"
"KINGSOLOMON","70m","FORBS",0,940.6382841,0,9.64,"KINGSOLOMON 70m"
"KINGSOLOMON","70m","GRAMINOIDS",0.249,0,0.01,0.1,"KINGSOLOMON 70m"
"KINGSOLOMON","70m","LICHENS",32.671,2507.494493,20.01,23.01,"KINGSOLOMON 70m"
"KINGSOLOMON","90m","DECIDUOUS SHRUBS",257.73,7975.289952,97,38.16,"KINGSOLOMON 90m"
"KINGSOLOMON","90m","EVERGREEN SHRUBS",3.751,4534.083317,2,29.29,"KINGSOLOMON 90m"
"KINGSOLOMON","90m","FORBS",0,212.0971775,0,1.22,"KINGSOLOMON 90m"
"KINGSOLOMON","90m","GRAMINOIDS",0,542.5452137,0.01,1.38,"KINGSOLOMON 90m"
"KINGSOLOMON","90m","LICHENS",1.095,678.337235,0.02,4.13,"KINGSOLOMON 90m"
"LOWERQUARRY","10m","DECIDUOUS SHRUBS",8.974,45.71814537,12.01,1.43,"LOWERQUARRY 10m"
"LOWERQUARRY","10m","EVERGREEN SHRUBS",14.534,1092.494334,8.01,18.17,"LOWERQUARRY 10m"
"LOWERQUARRY","10m","FORBS",0,0,0,0.06,"LOWERQUARRY 10m"
"LOWERQUARRY","10m","GRAMINOIDS",8.449,6547.515657,65.01,66.51,"LOWERQUARRY 10m"
"LOWERQUARRY","10m","LICHENS",31.526,140.8796184,14,2.78,"LOWERQUARRY 10m"
"LOWERQUARRY","30m","DECIDUOUS SHRUBS",9.708,100.9185721,12,2.08,"LOWERQUARRY 30m"
"LOWERQUARRY","30m","EVERGREEN SHRUBS",5.629,718.2828521,3.01,16,"LOWERQUARRY 30m"
"LOWERQUARRY","30m","FORBS",0.141,48.08871508,0.03,1.01,"LOWERQUARRY 30m"
"LOWERQUARRY","30m","GRAMINOIDS",3.461,2099.30947,30.02,34.96,"LOWERQUARRY 30m"
"LOWERQUARRY","30m","LICHENS",2.509,194.3867768,10,4.25,"LOWERQUARRY 30m"
"LOWERQUARRY","50m","DECIDUOUS SHRUBS",2.942,0,3,0.03,"LOWERQUARRY 50m"
"LOWERQUARRY","50m","EVERGREEN SHRUBS",21.389,813.7829764,14.01,17.35,"LOWERQUARRY 50m"
"LOWERQUARRY","50m","FORBS",1.648,14.90072823,3,0.08,"LOWERQUARRY 50m"
"LOWERQUARRY","50m","GRAMINOIDS",16.457,6574.269248,75,63.47,"LOWERQUARRY 50m"
"LOWERQUARRY","50m","LICHENS",5.079,90.08167839,2.01,1.57,"LOWERQUARRY 50m"
"LOWERQUARRY","70m","DECIDUOUS SHRUBS",29.74,1144.308232,12,4.56,"LOWERQUARRY 70m"
"LOWERQUARRY","70m","EVERGREEN SHRUBS",12.606,732.5062766,13.01,10.01,"LOWERQUARRY 70m"
"LOWERQUARRY","70m","FORBS",1.04,2493.162826,4,12.12,"LOWERQUARRY 70m"
"LOWERQUARRY","70m","GRAMINOIDS",7.871,6353.806134,45.01,49.72,"LOWERQUARRY 70m"
"LOWERQUARRY","70m","LICHENS",0,648.1816969,1.02,5.26,"LOWERQUARRY 70m"
"LOWERQUARRY","90m","DECIDUOUS SHRUBS",7.047,813.1056679,5,7.51,"LOWERQUARRY 90m"
"LOWERQUARRY","90m","EVERGREEN SHRUBS",33.684,1329.890029,13,12.71,"LOWERQUARRY 90m"
"LOWERQUARRY","90m","FORBS",0.038,596.7064583,0.01,4.87,"LOWERQUARRY 90m"
"LOWERQUARRY","90m","GRAMINOIDS",10.73,6691.443135,70.01,51.91,"LOWERQUARRY 90m"
"LOWERQUARRY","90m","LICHENS",6.52,759.598515,4.05,4.67,"LOWERQUARRY 90m"
"MATSONCREEK","10m","FORBS",0,0,0,0,"MATSONCREEK 10m"
"MATSONCREEK","10m","GRAMINOIDS",10.65,6807.233804,15,48.53,"MATSONCREEK 10m"
"MATSONCREEK","10m","LICHENS",1.01,0,5,0,"MATSONCREEK 10m"
"MATSONCREEK","30m","FORBS",0,0,0,0,"MATSONCREEK 30m"
"MATSONCREEK","30m","GRAMINOIDS",4.45,1883.219521,13,33.06,"MATSONCREEK 30m"
"MATSONCREEK","30m","LICHENS",14.59,1.151816249,19,0.59,"MATSONCREEK 30m"
"MATSONCREEK","50m","FORBS",0,0,0,0,"MATSONCREEK 50m"
"MATSONCREEK","50m","GRAMINOIDS",15.7,7553.610746,32,33.08,"MATSONCREEK 50m"
"MATSONCREEK","50m","LICHENS",3.43,0,5,0,"MATSONCREEK 50m"
"MATSONCREEK","70m","FORBS",0,0,0,0,"MATSONCREEK 70m"
"MATSONCREEK","70m","GRAMINOIDS",3.41,3051.737028,10,56.8,"MATSONCREEK 70m"
"MATSONCREEK","70m","LICHENS",3.89,0,10,0,"MATSONCREEK 70m"
"MATSONCREEK","90m","FORBS",0.12,0,1,0,"MATSONCREEK 90m"
"MATSONCREEK","90m","GRAMINOIDS",4.09,4072.246216,15,37.83,"MATSONCREEK 90m"
"MATSONCREEK","90m","LICHENS",3.7,61.62216759,7,0.5,"MATSONCREEK 90m"
"MOLLYCREEK","10m","FORBS",0,0,0,0,"MOLLYCREEK 10m"
"MOLLYCREEK","10m","GRAMINOIDS",3.17,588.8535347,5,0.67,"MOLLYCREEK 10m"
"MOLLYCREEK","10m","LICHENS",2.57,0,0.01,0,"MOLLYCREEK 10m"
"MOLLYCREEK","30m","FORBS",0,0,0,0,"MOLLYCREEK 30m"
"MOLLYCREEK","30m","GRAMINOIDS",0.98,635.2559832,10,12.43,"MOLLYCREEK 30m"
"MOLLYCREEK","30m","LICHENS",23.86,4397.448459,30.02,69.45,"MOLLYCREEK 30m"
"MOLLYCREEK","50m","FORBS",0,0,0,0,"MOLLYCREEK 50m"
"MOLLYCREEK","50m","GRAMINOIDS",0.75,591.7945395,2,5.49,"MOLLYCREEK 50m"
"MOLLYCREEK","50m","LICHENS",18.12,2641.671483,25,23.94,"MOLLYCREEK 50m"
"MOLLYCREEK","70m","FORBS",0,0,0,0,"MOLLYCREEK 70m"
"MOLLYCREEK","70m","GRAMINOIDS",1.63,1420.829742,10,5.16,"MOLLYCREEK 70m"
"MOLLYCREEK","70m","LICHENS",2.34,2988.382685,5.01,13.42,"MOLLYCREEK 70m"
"MOLLYCREEK","90m","FORBS",0,0,0,0,"MOLLYCREEK 90m"
"MOLLYCREEK","90m","GRAMINOIDS",1.54,681.9852028,5,2.2,"MOLLYCREEK 90m"
"MOLLYCREEK","90m","LICHENS",0,0,0.01,0.07,"MOLLYCREEK 90m"
"MOSQUITOCREEK","10m","DECIDUOUS SHRUBS",0,120.2491286,0,1.92,"MOSQUITOCREEK 10m"
"MOSQUITOCREEK","10m","EVERGREEN SHRUBS",14.23,3166.560432,75.01,50.31,"MOSQUITOCREEK 10m"
"MOSQUITOCREEK","10m","FORBS",0.4,8.252391815,0.02,0.42,"MOSQUITOCREEK 10m"
"MOSQUITOCREEK","10m","GRAMINOIDS",0.55,578.8463037,5,8.05,"MOSQUITOCREEK 10m"
"MOSQUITOCREEK","10m","LICHENS",4.86,1226.659032,10.01,26.4,"MOSQUITOCREEK 10m"
"MOSQUITOCREEK","30m","DECIDUOUS SHRUBS",198.54,20630.38895,42,69.63,"MOSQUITOCREEK 30m"
"MOSQUITOCREEK","30m","EVERGREEN SHRUBS",21.5,1737.717824,33,5.5,"MOSQUITOCREEK 30m"
"MOSQUITOCREEK","30m","FORBS",0,268.2027168,0,0.85,"MOSQUITOCREEK 30m"
"MOSQUITOCREEK","30m","GRAMINOIDS",0,161.8058109,0,1.27,"MOSQUITOCREEK 30m"
"MOSQUITOCREEK","30m","LICHENS",1.76,312.4119568,5,0.87,"MOSQUITOCREEK 30m"
"MOSQUITOCREEK","50m","FORBS",0,279.6971173,0,2.03,"MOSQUITOCREEK 50m"
"MOSQUITOCREEK","50m","GRAMINOIDS",0,1318.908974,0.01,7.61,"MOSQUITOCREEK 50m"
"MOSQUITOCREEK","50m","LICHENS",5.4,4188.678045,20,16.74,"MOSQUITOCREEK 50m"
"OBRIAN","10m","DECIDUOUS SHRUBS",0,0,0,0.07,"OBRIAN 10m"
"OBRIAN","10m","EVERGREEN SHRUBS",13.733,1712.283779,33,40.13,"OBRIAN 10m"
"OBRIAN","10m","FORBS",0.991,28.28712964,4.01,0.73,"OBRIAN 10m"
"OBRIAN","10m","GRAMINOIDS",0.932,334.4268624,8,7.25,"OBRIAN 10m"
"OBRIAN","10m","LICHENS",73.644,760.5587685,45,19.2,"OBRIAN 10m"
"OBRIAN","30m","DECIDUOUS SHRUBS",0,151.4730139,0,5.71,"OBRIAN 30m"
"OBRIAN","30m","EVERGREEN SHRUBS",49.812,1173.915858,41,34.26,"OBRIAN 30m"
"OBRIAN","30m","FORBS",0.059,11.40610105,0.01,1.1,"OBRIAN 30m"
"OBRIAN","30m","GRAMINOIDS",0.009,472.6688056,0.01,5.88,"OBRIAN 30m"
"OBRIAN","30m","LICHENS",42.339,518.2932001,32,25.78,"OBRIAN 30m"
"OBRIAN","50m","DECIDUOUS SHRUBS",0.762,248.6529856,2,1.5,"OBRIAN 50m"
"OBRIAN","50m","EVERGREEN SHRUBS",2.242,287.8899677,2,4.94,"OBRIAN 50m"
"OBRIAN","50m","FORBS",1.514,71.63030955,5.01,2.04,"OBRIAN 50m"
"OBRIAN","50m","GRAMINOIDS",2.575,1737.377199,11,15.17,"OBRIAN 50m"
"OBRIAN","50m","LICHENS",39.899,995.0681963,17.01,18.94,"OBRIAN 50m"
"OBRIAN","70m","DECIDUOUS SHRUBS",21.374,6105.09607,34,36.95,"OBRIAN 70m"
"OBRIAN","70m","EVERGREEN SHRUBS",6.152,2321.49302,9,25.33,"OBRIAN 70m"
"OBRIAN","70m","FORBS",3.268,72.542799,10.02,0.94,"OBRIAN 70m"
"OBRIAN","70m","GRAMINOIDS",2.154,2427.183908,20,18.08,"OBRIAN 70m"
"OBRIAN","70m","LICHENS",60.323,651.5164451,19,9.36,"OBRIAN 70m"
"OBRIAN","90m","DECIDUOUS SHRUBS",7.652,282.3874722,14,3.71,"OBRIAN 90m"
"OBRIAN","90m","EVERGREEN SHRUBS",11.622,899.3101709,13,17.32,"OBRIAN 90m"
"OBRIAN","90m","FORBS",2.18,44.32167342,2,2.04,"OBRIAN 90m"
"OBRIAN","90m","GRAMINOIDS",5.417,3040.46944,25,39.13,"OBRIAN 90m"
"OBRIAN","90m","LICHENS",31.868,618.4548852,30,14.72,"OBRIAN 90m"
"OGILVIE","10m","DECIDUOUS SHRUBS",17.99539,43.26236963,33,0.92,"OGILVIE 10m"
"OGILVIE","10m","EVERGREEN SHRUBS",34.174,2982.240571,30,44.31,"OGILVIE 10m"
"OGILVIE","10m","FORBS",3.21061,776.4959191,12,10.35,"OGILVIE 10m"
"OGILVIE","10m","GRAMINOIDS",0.847,1816.701439,0.01,15.62,"OGILVIE 10m"
"OGILVIE","10m","LICHENS",49.677,971.4946842,25,19.04,"OGILVIE 10m"
"OGILVIE","30m","DECIDUOUS SHRUBS",17.647,6310.580128,12.01,26.04,"OGILVIE 30m"
"OGILVIE","30m","EVERGREEN SHRUBS",66.497,10021.6008,70,42.65,"OGILVIE 30m"
"OGILVIE","30m","FORBS",10.836,7862.61769,12,27.04,"OGILVIE 30m"
"OGILVIE","30m","GRAMINOIDS",0.06,512.7863331,0.01,3.46,"OGILVIE 30m"
"OGILVIE","30m","LICHENS",9.344,0,0.01,0,"OGILVIE 30m"
"OGILVIE","50m","DECIDUOUS SHRUBS",0.702,397.3139763,3,3.88,"OGILVIE 50m"
"OGILVIE","50m","EVERGREEN SHRUBS",59.765,4864.153673,69,59.21,"OGILVIE 50m"
"OGILVIE","50m","FORBS",3.304,1784.890873,9,15.69,"OGILVIE 50m"
"OGILVIE","50m","GRAMINOIDS",0.268,1628.382891,0.01,9.44,"OGILVIE 50m"
"OGILVIE","50m","LICHENS",57.95,451.85248,15,8.14,"OGILVIE 50m"
"OGILVIE","70m","DECIDUOUS SHRUBS",8.36,87.79716206,8,1.19,"OGILVIE 70m"
"OGILVIE","70m","EVERGREEN SHRUBS",20.267,3929.297901,12,37.3,"OGILVIE 70m"
"OGILVIE","70m","FORBS",5.417,1055.474585,8,11.56,"OGILVIE 70m"
"OGILVIE","70m","GRAMINOIDS",0,710.6480457,0.01,10.18,"OGILVIE 70m"
"OGILVIE","70m","LICHENS",114.459,1805.444235,68,37.19,"OGILVIE 70m"
"OGILVIE","90m","DECIDUOUS SHRUBS",7.988,1857.100854,20,19.09,"OGILVIE 90m"
"OGILVIE","90m","EVERGREEN SHRUBS",39.401,8388.764395,34,71.51,"OGILVIE 90m"
"OGILVIE","90m","FORBS",4.936,204.2238364,17,2.27,"OGILVIE 90m"
"OGILVIE","90m","GRAMINOIDS",0,12.40612125,0,0.15,"OGILVIE 90m"
"OGILVIE","90m","LICHENS",11.115,0,6,0,"OGILVIE 90m"
"PAGE","10m","DECIDUOUS SHRUBS",14.694,768.621448,25,12.43,"PAGE 10m"
"PAGE","10m","EVERGREEN SHRUBS",47.348,3068.807178,40,48.59,"PAGE 10m"
"PAGE","10m","FORBS",1.821,874.8455417,10.01,9.16,"PAGE 10m"
"PAGE","10m","GRAMINOIDS",0.913,742.232446,5,11.97,"PAGE 10m"
"PAGE","10m","LICHENS",0.091,0,0.01,0,"PAGE 10m"
"PAGE","30m","DECIDUOUS SHRUBS",17.78,2414.760731,42,21.09,"PAGE 30m"
"PAGE","30m","EVERGREEN SHRUBS",26.392,1889.31896,19,26.74,"PAGE 30m"
"PAGE","30m","FORBS",7.808,2794.895983,17.01,19.19,"PAGE 30m"
"PAGE","30m","GRAMINOIDS",0,785.6573887,0.01,13.89,"PAGE 30m"
"PAGE","30m","LICHENS",2.102,0,0.01,0,"PAGE 30m"
"PAGE","50m","DECIDUOUS SHRUBS",14.099,1884.976473,27,20.67,"PAGE 50m"
"PAGE","50m","EVERGREEN SHRUBS",21.466,2748.798734,17,31.98,"PAGE 50m"
"PAGE","50m","FORBS",3.228,460.9724441,10.01,3.5,"PAGE 50m"
"PAGE","50m","GRAMINOIDS",0,1895.331633,1,12.16,"PAGE 50m"
"PAGE","50m","LICHENS",9.114,0,6.01,0,"PAGE 50m"
"PAGE","70m","DECIDUOUS SHRUBS",30.677,1417.657299,36.01,8.79,"PAGE 70m"
"PAGE","70m","EVERGREEN SHRUBS",6.662,5878.734832,4.02,22.56,"PAGE 70m"
"PAGE","70m","FORBS",0.605,197.41646,4,1.34,"PAGE 70m"
"PAGE","70m","GRAMINOIDS",7.003,6789.6565,40,53.51,"PAGE 70m"
"PAGE","70m","LICHENS",0,0,0,0,"PAGE 70m"
"PAGE","90m","DECIDUOUS SHRUBS",14.913,2212.667711,24,13.43,"PAGE 90m"
"PAGE","90m","EVERGREEN SHRUBS",50.91,3663.394804,31,38.99,"PAGE 90m"
"PAGE","90m","FORBS",0.865,475.0020411,6,3.5,"PAGE 90m"
"PAGE","90m","GRAMINOIDS",3.681,2652.929853,24,28.53,"PAGE 90m"
"PAGE","90m","LICHENS",0,0,0,0,"PAGE 90m"
"PEDRO","10m","DECIDUOUS SHRUBS",111.401,32243.7566,93,73.02,"PEDRO 10m"
"PEDRO","10m","EVERGREEN SHRUBS",5.839,2047.656736,2,6.28,"PEDRO 10m"
"PEDRO","10m","FORBS",0.834,3651.837731,2,11.11,"PEDRO 10m"
"PEDRO","10m","GRAMINOIDS",0.626,63.43422318,0.01,0.15,"PEDRO 10m"
"PEDRO","10m","LICHENS",1.699,0,0.01,0,"PEDRO 10m"
"PEDRO","30m","DECIDUOUS SHRUBS",115.055,169408.5637,60,89.9,"PEDRO 30m"
"PEDRO","30m","EVERGREEN SHRUBS",45.469,4252.066441,31,6.93,"PEDRO 30m"
"PEDRO","30m","FORBS",2.261,1063.439484,6,0.95,"PEDRO 30m"
"PEDRO","30m","GRAMINOIDS",0.385,85.70668411,1,0.35,"PEDRO 30m"
"PEDRO","30m","LICHENS",0,0,0,0,"PEDRO 30m"
"PEDRO","50m","DECIDUOUS SHRUBS",108.634,50141.22943,55,45.63,"PEDRO 50m"
"PEDRO","50m","EVERGREEN SHRUBS",44.53,23433.44771,15,38.35,"PEDRO 50m"
"PEDRO","50m","FORBS",1.918,1593.749596,2,4.07,"PEDRO 50m"
"PEDRO","50m","GRAMINOIDS",0.897,1228.932348,0.01,3.16,"PEDRO 50m"
"PEDRO","50m","LICHENS",0,0,0,0,"PEDRO 50m"
"PEDRO","70m","DECIDUOUS SHRUBS",244.621,241128.1432,40,82.43,"PEDRO 70m"
"PEDRO","70m","EVERGREEN SHRUBS",128.559,22254.41723,58,8.94,"PEDRO 70m"
"PEDRO","70m","FORBS",4.918,15018.40479,2.01,7.23,"PEDRO 70m"
"PEDRO","70m","GRAMINOIDS",0.28,609.8143311,0,0.6,"PEDRO 70m"
"PEDRO","70m","LICHENS",0,0,0,0,"PEDRO 70m"
"PEDRO","90m","DECIDUOUS SHRUBS",258.018,76075.9591,50,76.56,"PEDRO 90m"
"PEDRO","90m","EVERGREEN SHRUBS",0.954,4550.630199,0,7.43,"PEDRO 90m"
"PEDRO","90m","FORBS",1.534,1234.570946,4,2.21,"PEDRO 90m"
"PEDRO","90m","GRAMINOIDS",1.034,0,0,0.45,"PEDRO 90m"
"PEDRO","90m","LICHENS",5.067,0,2,0,"PEDRO 90m"
"PINNELL","10m","DECIDUOUS SHRUBS",17.019,289.9807129,14,3.22,"PINNELL 10m"
"PINNELL","10m","EVERGREEN SHRUBS",19.577,2321.375121,23,39.05,"PINNELL 10m"
"PINNELL","10m","FORBS",0.097,6.11773634,0.01,0.48,"PINNELL 10m"
"PINNELL","10m","GRAMINOIDS",0.34,387.2527188,0.01,10.13,"PINNELL 10m"
"PINNELL","10m","LICHENS",93.693,1260.865498,47.01,32.75,"PINNELL 10m"
"PINNELL","30m","DECIDUOUS SHRUBS",3.281,51.69487381,8,0.75,"PINNELL 30m"
"PINNELL","30m","EVERGREEN SHRUBS",0.843,641.7505611,0,13.08,"PINNELL 30m"
"PINNELL","30m","FORBS",0.463,0,2.01,0,"PINNELL 30m"
"PINNELL","30m","GRAMINOIDS",0.819,1305.830865,12,25.1,"PINNELL 30m"
"PINNELL","30m","LICHENS",92.352,480.2423227,52.01,18.61,"PINNELL 30m"
"PINNELL","50m","DECIDUOUS SHRUBS",32.228,1687.577625,20,14.61,"PINNELL 50m"
"PINNELL","50m","EVERGREEN SHRUBS",17.324,1980.617199,13,24.15,"PINNELL 50m"
"PINNELL","50m","FORBS",0,0,0,0.03,"PINNELL 50m"
"PINNELL","50m","GRAMINOIDS",0.447,479.9364339,3,6.86,"PINNELL 50m"
"PINNELL","50m","LICHENS",11.935,55.97728652,7,1.68,"PINNELL 50m"
"PINNELL","70m","DECIDUOUS SHRUBS",69.369,7256.553156,37,46.57,"PINNELL 70m"
"PINNELL","70m","EVERGREEN SHRUBS",7.123,1916.380967,8,18.2,"PINNELL 70m"
"PINNELL","70m","FORBS",0,56.89495087,0,0.64,"PINNELL 70m"
"PINNELL","70m","GRAMINOIDS",2.185,437.1122764,10,6.83,"PINNELL 70m"
"PINNELL","70m","LICHENS",69.223,970.578894,37,11.71,"PINNELL 70m"
"PINNELL","90m","DECIDUOUS SHRUBS",0,186.2850747,0,1.93,"PINNELL 90m"
"PINNELL","90m","EVERGREEN SHRUBS",33.756,4196.318751,43,53.57,"PINNELL 90m"
"PINNELL","90m","FORBS",0.127,24.77683258,0.02,0.42,"PINNELL 90m"
"PINNELL","90m","GRAMINOIDS",0.209,936.3989699,1.01,14.53,"PINNELL 90m"
"PINNELL","90m","LICHENS",42.876,974.9770127,33,22.09,"PINNELL 90m"
"PORCUPINECREEK","10m","DECIDUOUS SHRUBS",42.284,3271.241776,60,28.13,"PORCUPINECREEK 10m"
"PORCUPINECREEK","10m","EVERGREEN SHRUBS",10.071,4282.616847,15,38.02,"PORCUPINECREEK 10m"
"PORCUPINECREEK","10m","FORBS",0,0,0,0,"PORCUPINECREEK 10m"
"PORCUPINECREEK","10m","GRAMINOIDS",4.182,1870.504097,12,18.23,"PORCUPINECREEK 10m"
"PORCUPINECREEK","10m","LICHENS",15.356,811.1101389,12.01,8.43,"PORCUPINECREEK 10m"
"PORCUPINECREEK","30m","DECIDUOUS SHRUBS",70.604,23948.7803,42,63.1,"PORCUPINECREEK 30m"
"PORCUPINECREEK","30m","EVERGREEN SHRUBS",101.454,6314.672907,35,26.78,"PORCUPINECREEK 30m"
"PORCUPINECREEK","30m","FORBS",0,0,0,0.13,"PORCUPINECREEK 30m"
"PORCUPINECREEK","30m","GRAMINOIDS",2.342,837.911377,8.01,3.06,"PORCUPINECREEK 30m"
"PORCUPINECREEK","30m","LICHENS",5.05,513.3184357,6.02,2.35,"PORCUPINECREEK 30m"
"PORCUPINECREEK","50m","DECIDUOUS SHRUBS",20.533,1754.737572,28,12.42,"PORCUPINECREEK 50m"
"PORCUPINECREEK","50m","EVERGREEN SHRUBS",18.582,5419.808895,41,37.56,"PORCUPINECREEK 50m"
"PORCUPINECREEK","50m","FORBS",0,0,1.02,0,"PORCUPINECREEK 50m"
"PORCUPINECREEK","50m","GRAMINOIDS",3.498,2285.923507,13,16.98,"PORCUPINECREEK 50m"
"PORCUPINECREEK","50m","LICHENS",5.559,661.0975597,8.04,6.39,"PORCUPINECREEK 50m"
"PORCUPINECREEK","70m","DECIDUOUS SHRUBS",20.138,6206.351143,34,29.98,"PORCUPINECREEK 70m"
"PORCUPINECREEK","70m","EVERGREEN SHRUBS",15.602,5426.509175,22,35.7,"PORCUPINECREEK 70m"
"PORCUPINECREEK","70m","FORBS",0.135,0,0.01,0.04,"PORCUPINECREEK 70m"
"PORCUPINECREEK","70m","GRAMINOIDS",4.849,2968.983221,20,29.67,"PORCUPINECREEK 70m"
"PORCUPINECREEK","70m","LICHENS",0,0,0,0.89,"PORCUPINECREEK 70m"
"PORCUPINECREEK","90m","DECIDUOUS SHRUBS",17.443,2533.835081,38,20.32,"PORCUPINECREEK 90m"
"PORCUPINECREEK","90m","EVERGREEN SHRUBS",11.902,4872.988866,22,39.53,"PORCUPINECREEK 90m"
"PORCUPINECREEK","90m","FORBS",0.038,0,0,0.13,"PORCUPINECREEK 90m"
"PORCUPINECREEK","90m","GRAMINOIDS",2.885,3979.986015,14,25.91,"PORCUPINECREEK 90m"
"PORCUPINECREEK","90m","LICHENS",6.921,878.8577456,12,9.01,"PORCUPINECREEK 90m"
"PRINDLE","10m","DECIDUOUS SHRUBS",0,13.08911705,1,0.42,"PRINDLE 10m"
"PRINDLE","10m","EVERGREEN SHRUBS",58.33,1874.823541,42,49.08,"PRINDLE 10m"
"PRINDLE","10m","FORBS",1.6,23.86839032,4,0.52,"PRINDLE 10m"
"PRINDLE","10m","GRAMINOIDS",0.81,4.619688392,5,1.02,"PRINDLE 10m"
"PRINDLE","10m","LICHENS",46.16,417.3118541,36,17.91,"PRINDLE 10m"
"PRINDLE","30m","FORBS",1.2,7.31450671,5,0.35,"PRINDLE 30m"
"PRINDLE","30m","GRAMINOIDS",2.22,2939.276735,10,35.76,"PRINDLE 30m"
"PRINDLE","30m","LICHENS",102.02,803.8257868,38,24.04,"PRINDLE 30m"
"PRINDLE","50m","DECIDUOUS SHRUBS",0,83.53936446,3,1.54,"PRINDLE 50m"
"PRINDLE","50m","EVERGREEN SHRUBS",37.81,4549.238143,32,59.15,"PRINDLE 50m"
"PRINDLE","50m","FORBS",3.77,11.54922104,2,0.82,"PRINDLE 50m"
"PRINDLE","50m","GRAMINOIDS",0.99,950.8858591,4,11.27,"PRINDLE 50m"
"PRINDLE","50m","LICHENS",51.61,958.9703248,28,18.51,"PRINDLE 50m"
"PRINDLE","70m","DECIDUOUS SHRUBS",0,112.0424156,4,1.79,"PRINDLE 70m"
"PRINDLE","70m","EVERGREEN SHRUBS",21.96,2223.973767,8,31.2,"PRINDLE 70m"
"PRINDLE","70m","FORBS",7.53,10.03806973,16,0.62,"PRINDLE 70m"
"PRINDLE","70m","GRAMINOIDS",1.07,1746.584495,4,19.33,"PRINDLE 70m"
"PRINDLE","70m","LICHENS",68.95,658.6087066,25,21.05,"PRINDLE 70m"
"PRINDLE","90m","DECIDUOUS SHRUBS",0,205.9611149,0,1.84,"PRINDLE 90m"
"PRINDLE","90m","EVERGREEN SHRUBS",24.91,6620.013487,25,54.08,"PRINDLE 90m"
"PRINDLE","90m","FORBS",0.68,216.7403812,4,3.36,"PRINDLE 90m"
"PRINDLE","90m","GRAMINOIDS",2.96,3273.049253,12,29.34,"PRINDLE 90m"
"PRINDLE","90m","LICHENS",51.62,885.4402723,39,10.73,"PRINDLE 90m"
"QUARTZ02","10m","DECIDUOUS SHRUBS",0,0,0,0,"QUARTZ02 10m"
"QUARTZ02","10m","EVERGREEN SHRUBS",78.01,2031.537258,45,20.72,"QUARTZ02 10m"
"QUARTZ02","10m","FORBS",0,0,0,0,"QUARTZ02 10m"
"QUARTZ02","10m","GRAMINOIDS",0,566.1063067,2,7.54,"QUARTZ02 10m"
"QUARTZ02","10m","LICHENS",74.99,3205.098136,41,50.62,"QUARTZ02 10m"
"QUARTZ02","30m","FORBS",0,0,0,0.09,"QUARTZ02 30m"
"QUARTZ02","30m","GRAMINOIDS",0.27,704.4405589,3,9.47,"QUARTZ02 30m"
"QUARTZ02","30m","LICHENS",176.17,5602.385066,70,60.71,"QUARTZ02 30m"
"QUARTZ02","50m","FORBS",0,0,0.01,0.03,"QUARTZ02 50m"
"QUARTZ02","50m","GRAMINOIDS",0.53,2722.296416,2,35.73,"QUARTZ02 50m"
"QUARTZ02","50m","LICHENS",108.32,1345.642603,42,26.02,"QUARTZ02 50m"
"QUARTZ02","70m","DECIDUOUS SHRUBS",0,23.71444273,0,0.26,"QUARTZ02 70m"
"QUARTZ02","70m","EVERGREEN SHRUBS",24.31,2109.977322,16,20.07,"QUARTZ02 70m"
"QUARTZ02","70m","FORBS",1.69,59.59013939,6,0.35,"QUARTZ02 70m"
"QUARTZ02","70m","GRAMINOIDS",2.79,558.2014942,6,6.65,"QUARTZ02 70m"
"QUARTZ02","70m","LICHENS",148.05,3642.295159,65,52.91,"QUARTZ02 70m"
"QUARTZ02","90m","FORBS",1.39,0,7.01,0,"QUARTZ02 90m"
"QUARTZ02","90m","GRAMINOIDS",0.38,0,1,0.03,"QUARTZ02 90m"
"QUARTZ02","90m","LICHENS",18.32,1526.541241,15,39.2,"QUARTZ02 90m"
"SCHAR","10m","DECIDUOUS SHRUBS",57.63,11186.13829,47.5,49.25,"SCHAR 10m"
"SCHAR","10m","EVERGREEN SHRUBS",54.25,5616.913577,47.5,32.93,"SCHAR 10m"
"SCHAR","10m","FORBS",0.16,0,0,0,"SCHAR 10m"
"SCHAR","10m","GRAMINOIDS",1.69,854.9400258,4,9.7,"SCHAR 10m"
"SCHAR","10m","LICHENS",9.29,61.14955759,1,1.34,"SCHAR 10m"
"SCHAR","30m","DECIDUOUS SHRUBS",127.83,45329.89656,95,78.59,"SCHAR 30m"
"SCHAR","30m","EVERGREEN SHRUBS",132.12,8414.409657,5.01,20.19,"SCHAR 30m"
"SCHAR","30m","FORBS",0,0,0,0,"SCHAR 30m"
"SCHAR","30m","GRAMINOIDS",0,0,0,0,"SCHAR 30m"
"SCHAR","30m","LICHENS",0,0,0,0,"SCHAR 30m"
"SCHAR","50m","EVERGREEN SHRUBS",63.8,6334.940161,26.4,29.1,"SCHAR 50m"
"SCHAR","50m","FORBS",0,0,0,0,"SCHAR 50m"
"SCHAR","50m","GRAMINOIDS",0.88,0,10,0.56,"SCHAR 50m"
"SCHAR","50m","LICHENS",3.92,0,1.01,0.31,"SCHAR 50m"
"SCHAR","70m","DECIDUOUS SHRUBS",66.29,6785.677744,43,39.57,"SCHAR 70m"
"SCHAR","70m","EVERGREEN SHRUBS",0,2399.83163,0,16.89,"SCHAR 70m"
"SCHAR","70m","FORBS",0,0,0,0,"SCHAR 70m"
"SCHAR","70m","GRAMINOIDS",4.07,1161.456968,5,8.28,"SCHAR 70m"
"SCHAR","70m","LICHENS",13.39,773.7918579,2.03,6.7,"SCHAR 70m"
"SCHAR","90m","FORBS",0,0,0,0,"SCHAR 90m"
"SCHAR","90m","GRAMINOIDS",2.26,673.4142904,5,19.85,"SCHAR 90m"
"SCHAR","90m","LICHENS",11.22,453.0451391,10.01,17.38,"SCHAR 90m"
"SEELA","10m","DECIDUOUS SHRUBS",12.43,0,0,0.06,"SEELA 10m"
"SEELA","10m","EVERGREEN SHRUBS",13.577,2728.377607,40,39.47,"SEELA 10m"
"SEELA","10m","FORBS",0.084,20.17699146,0.01,0.67,"SEELA 10m"
"SEELA","10m","GRAMINOIDS",1.053,823.5201754,5.01,10.93,"SEELA 10m"
"SEELA","10m","LICHENS",1.427,0,0,0,"SEELA 10m"
"SEELA","30m","DECIDUOUS SHRUBS",0.063,48.20059109,0.01,0.48,"SEELA 30m"
"SEELA","30m","EVERGREEN SHRUBS",16.523,4068.652993,35,65.02,"SEELA 30m"
"SEELA","30m","FORBS",0.589,3.362831831,2,0.38,"SEELA 30m"
"SEELA","30m","GRAMINOIDS",0.433,1116.460191,4,16.96,"SEELA 30m"
"SEELA","30m","LICHENS",0.285,120.6882995,0.02,1.73,"SEELA 30m"
"SEELA","50m","DECIDUOUS SHRUBS",0,240.6293039,0,1.63,"SEELA 50m"
"SEELA","50m","EVERGREEN SHRUBS",68.839,4375.044336,50,40.84,"SEELA 50m"
"SEELA","50m","FORBS",2.843,0,2,0.13,"SEELA 50m"
"SEELA","50m","GRAMINOIDS",0.09,916.9321651,2,7.94,"SEELA 50m"
"SEELA","50m","LICHENS",13.162,195.0442504,24.02,5.16,"SEELA 50m"
"SEELA","70m","DECIDUOUS SHRUBS",1.04,78.83972454,4.01,1.57,"SEELA 70m"
"SEELA","70m","EVERGREEN SHRUBS",10.039,1540.550669,20,21.88,"SEELA 70m"
"SEELA","70m","FORBS",0.314,0,0.01,0,"SEELA 70m"
"SEELA","70m","GRAMINOIDS",2.958,1923.913512,20,24.79,"SEELA 70m"
"SEELA","70m","LICHENS",9.606,1673.1957,25.04,30.49,"SEELA 70m"
"SEELA","90m","DECIDUOUS SHRUBS",0,31.01278305,0.01,0.67,"SEELA 90m"
"SEELA","90m","EVERGREEN SHRUBS",18.217,3897.895828,27,68.7,"SEELA 90m"
"SEELA","90m","FORBS",5.284,16.44051218,9.03,0.45,"SEELA 90m"
"SEELA","90m","GRAMINOIDS",0.765,294.434618,3,5.48,"SEELA 90m"
"SEELA","90m","LICHENS",1.456,10.46214366,5.01,0.26,"SEELA 90m"
"SHEEPCREEK","10m","DECIDUOUS SHRUBS",0,10014.34844,10,27.76,"SHEEPCREEK 10m"
"SHEEPCREEK","10m","EVERGREEN SHRUBS",41.894,4886.991732,40,31.12,"SHEEPCREEK 10m"
"SHEEPCREEK","10m","FORBS",0.767,0,0,0,"SHEEPCREEK 10m"
"SHEEPCREEK","10m","GRAMINOIDS",0.622,1485.001776,5,23.43,"SHEEPCREEK 10m"
"SHEEPCREEK","10m","LICHENS",2.328,0,4,0,"SHEEPCREEK 10m"
"SHEEPCREEK","30m","DECIDUOUS SHRUBS",3.387,3311.982056,23,18.64,"SHEEPCREEK 30m"
"SHEEPCREEK","30m","EVERGREEN SHRUBS",35.942,2869.937425,37,30.1,"SHEEPCREEK 30m"
"SHEEPCREEK","30m","FORBS",0.065,0,2,0,"SHEEPCREEK 30m"
"SHEEPCREEK","30m","GRAMINOIDS",0.222,835.6036403,2,11.52,"SHEEPCREEK 30m"
"SHEEPCREEK","30m","LICHENS",3.549,0,9.01,0,"SHEEPCREEK 30m"
"SHEEPCREEK","50m","DECIDUOUS SHRUBS",0,175.1156979,0,0.79,"SHEEPCREEK 50m"
"SHEEPCREEK","50m","EVERGREEN SHRUBS",30.235,2280.114731,35,25.77,"SHEEPCREEK 50m"
"SHEEPCREEK","50m","FORBS",0.26,0,0.01,0,"SHEEPCREEK 50m"
"SHEEPCREEK","50m","GRAMINOIDS",3.435,3601.606415,30,58.08,"SHEEPCREEK 50m"
"SHEEPCREEK","50m","LICHENS",0.097,0,0,0,"SHEEPCREEK 50m"
"SHEEPCREEK","70m","DECIDUOUS SHRUBS",10.586,9.026582181,13,0.33,"SHEEPCREEK 70m"
"SHEEPCREEK","70m","EVERGREEN SHRUBS",14.879,70.14944267,2,1.2,"SHEEPCREEK 70m"
"SHEEPCREEK","70m","FORBS",0,0,0,0,"SHEEPCREEK 70m"
"SHEEPCREEK","70m","GRAMINOIDS",2.092,4580.345853,35,71.57,"SHEEPCREEK 70m"
"SHEEPCREEK","70m","LICHENS",2.163,0,6,0,"SHEEPCREEK 70m"
"SHEEPCREEK","90m","DECIDUOUS SHRUBS",3.125,550.1057284,8,6.24,"SHEEPCREEK 90m"
"SHEEPCREEK","90m","EVERGREEN SHRUBS",21.698,69.89154032,12,1.5,"SHEEPCREEK 90m"
"SHEEPCREEK","90m","FORBS",2.051,0,4.01,0,"SHEEPCREEK 90m"
"SHEEPCREEK","90m","GRAMINOIDS",1.09,2260.514159,8,46.16,"SHEEPCREEK 90m"
"SHEEPCREEK","90m","LICHENS",1.482,22.1796031,3.03,0.71,"SHEEPCREEK 90m"
"SIXTYMILE","10m","FORBS",0,0,0,0,"SIXTYMILE 10m"
"SIXTYMILE","10m","LICHENS",7.44,99.2358551,9,1.44,"SIXTYMILE 10m"
"SIXTYMILE","50m","FORBS",0,0,0,0.1,"SIXTYMILE 50m"
"SIXTYMILE","50m","GRAMINOIDS",0.59,15.39866734,2,0.38,"SIXTYMILE 50m"
"SIXTYMILE","50m","LICHENS",73.09,41.6334343,22,1.1,"SIXTYMILE 50m"
"SIXTYMILE","70m","FORBS",0,59.88370413,0,1.43,"SIXTYMILE 70m"
"SIXTYMILE","70m","GRAMINOIDS",0,53.03985596,0,0.67,"SIXTYMILE 70m"
"SIXTYMILE","70m","LICHENS",40.21,29.65669191,41,3.87,"SIXTYMILE 70m"
"SIXTYMILE","90m","FORBS",0,165.3930931,0,1.58,"SIXTYMILE 90m"
"SIXTYMILE","90m","GRAMINOIDS",0.9,2584.124466,6,14.8,"SIXTYMILE 90m"
"SIXTYMILE","90m","LICHENS",32.35,1535.874497,30,8.69,"SIXTYMILE 90m"
"SOUTHSTONEBOY","10m","DECIDUOUS SHRUBS",42.938,4179.022685,15.01,21.53,"SOUTHSTONEBOY 10m"
"SOUTHSTONEBOY","10m","EVERGREEN SHRUBS",31.165,4712.999619,34,37.98,"SOUTHSTONEBOY 10m"
"SOUTHSTONEBOY","10m","FORBS",5.396,0,5.01,0.31,"SOUTHSTONEBOY 10m"
"SOUTHSTONEBOY","10m","GRAMINOIDS",1.345,1497.748323,2,14.73,"SOUTHSTONEBOY 10m"
"SOUTHSTONEBOY","10m","LICHENS",13.05,228.7993993,14.01,2.46,"SOUTHSTONEBOY 10m"
"SOUTHSTONEBOY","30m","DECIDUOUS SHRUBS",0.066,9.379770517,0,0.47,"SOUTHSTONEBOY 30m"
"SOUTHSTONEBOY","30m","EVERGREEN SHRUBS",43.901,2607.911169,60,25.91,"SOUTHSTONEBOY 30m"
"SOUTHSTONEBOY","30m","FORBS",0.945,0,1.02,0,"SOUTHSTONEBOY 30m"
"SOUTHSTONEBOY","30m","GRAMINOIDS",1.906,6661.981915,10.01,66.93,"SOUTHSTONEBOY 30m"
"SOUTHSTONEBOY","30m","LICHENS",4.501,145.3864436,8,1.93,"SOUTHSTONEBOY 30m"
"SOUTHSTONEBOY","50m","DECIDUOUS SHRUBS",0,0,0,0,"SOUTHSTONEBOY 50m"
"SOUTHSTONEBOY","50m","EVERGREEN SHRUBS",0,0,0,0,"SOUTHSTONEBOY 50m"
"SOUTHSTONEBOY","50m","FORBS",0.317,0,0,0,"SOUTHSTONEBOY 50m"
"SOUTHSTONEBOY","50m","GRAMINOIDS",0,0,0,0.16,"SOUTHSTONEBOY 50m"
"SOUTHSTONEBOY","50m","LICHENS",1.554,0,8,0.1,"SOUTHSTONEBOY 50m"
"SOUTHSTONEBOY","70m","DECIDUOUS SHRUBS",0,1177.831167,0.01,9.09,"SOUTHSTONEBOY 70m"
"SOUTHSTONEBOY","70m","EVERGREEN SHRUBS",47.617,7303.15621,55,71.59,"SOUTHSTONEBOY 70m"
"SOUTHSTONEBOY","70m","FORBS",6.394,153.4262389,4,3.08,"SOUTHSTONEBOY 70m"
"SOUTHSTONEBOY","70m","GRAMINOIDS",3.112,277.708199,16,5.64,"SOUTHSTONEBOY 70m"
"SOUTHSTONEBOY","70m","LICHENS",21.825,0,16.02,0,"SOUTHSTONEBOY 70m"
"SOUTHSTONEBOY","90m","DECIDUOUS SHRUBS",0.697,1169.456362,1,5.43,"SOUTHSTONEBOY 90m"
"SOUTHSTONEBOY","90m","EVERGREEN SHRUBS",22.614,1126.912407,38,10.03,"SOUTHSTONEBOY 90m"
"SOUTHSTONEBOY","90m","FORBS",0.498,0,2.01,0,"SOUTHSTONEBOY 90m"
"SOUTHSTONEBOY","90m","GRAMINOIDS",3.69,8775.780163,20,61.65,"SOUTHSTONEBOY 90m"
"SOUTHSTONEBOY","90m","LICHENS",10.73,168.1658809,24.03,2.66,"SOUTHSTONEBOY 90m"
"SPRINGRIVER","10m","DECIDUOUS SHRUBS",0,546.8577008,0,7.09,"SPRINGRIVER 10m"
"SPRINGRIVER","10m","EVERGREEN SHRUBS",39.26,2823.514796,60,71.18,"SPRINGRIVER 10m"
"SPRINGRIVER","10m","FORBS",1.983,541.7024202,15.01,11.04,"SPRINGRIVER 10m"
"SPRINGRIVER","10m","GRAMINOIDS",1.5,383.0779972,16,5.85,"SPRINGRIVER 10m"
"SPRINGRIVER","10m","LICHENS",2.304,0,4,0.04,"SPRINGRIVER 10m"
"SPRINGRIVER","30m","DECIDUOUS SHRUBS",2.882,19.82805288,4,1.94,"SPRINGRIVER 30m"
"SPRINGRIVER","30m","EVERGREEN SHRUBS",18.422,1646.521549,40,37.17,"SPRINGRIVER 30m"
"SPRINGRIVER","30m","FORBS",0.9,40.44923067,3.01,0.98,"SPRINGRIVER 30m"
"SPRINGRIVER","30m","GRAMINOIDS",0.119,167.7453333,2,7.43,"SPRINGRIVER 30m"
"SPRINGRIVER","30m","LICHENS",0.492,0,4,0.04,"SPRINGRIVER 30m"
"SPRINGRIVER","50m","DECIDUOUS SHRUBS",11.526,1236.477406,30,13.29,"SPRINGRIVER 50m"
"SPRINGRIVER","50m","EVERGREEN SHRUBS",13.441,2266.743052,20,33.33,"SPRINGRIVER 50m"
"SPRINGRIVER","50m","FORBS",2.622,1043.352175,28.03,17.03,"SPRINGRIVER 50m"
"SPRINGRIVER","50m","GRAMINOIDS",0.196,2371.038625,2,30.01,"SPRINGRIVER 50m"
"SPRINGRIVER","50m","LICHENS",0,0,0,0,"SPRINGRIVER 50m"
"SPRINGRIVER","70m","DECIDUOUS SHRUBS",2.632,647.9807817,10,8.77,"SPRINGRIVER 70m"
"SPRINGRIVER","70m","EVERGREEN SHRUBS",11.033,1119.09533,15,32.09,"SPRINGRIVER 70m"
"SPRINGRIVER","70m","FORBS",4.686,319.6282191,40,10.02,"SPRINGRIVER 70m"
"SPRINGRIVER","70m","GRAMINOIDS",1.908,1376.066898,15,27.57,"SPRINGRIVER 70m"
"SPRINGRIVER","70m","LICHENS",1.335,0,6,0.12,"SPRINGRIVER 70m"
"SPRINGRIVER","90m","DECIDUOUS SHRUBS",0.428,103.5024395,4,1.9,"SPRINGRIVER 90m"
"SPRINGRIVER","90m","EVERGREEN SHRUBS",25.624,2426.528799,60,58.27,"SPRINGRIVER 90m"
"SPRINGRIVER","90m","FORBS",4.169,96.36433911,25.01,5.36,"SPRINGRIVER 90m"
"SPRINGRIVER","90m","GRAMINOIDS",0.434,1559.379648,1,25.52,"SPRINGRIVER 90m"
"SPRINGRIVER","90m","LICHENS",3.687,185.1940168,4,2.84,"SPRINGRIVER 90m"
"STONE01","10m","FORBS",0,3.775351286,0,0.31,"STONE01 10m"
"STONE01","10m","GRAMINOIDS",2.36,418.434765,3,6.9,"STONE01 10m"
"STONE01","10m","LICHENS",7.75,73.61935073,8,3.85,"STONE01 10m"
"STONE01","30m","FORBS",0,0,0,0,"STONE01 30m"
"STONE01","30m","GRAMINOIDS",8.55,1279.529476,35,14.71,"STONE01 30m"
"STONE01","30m","LICHENS",0,577.628751,0.01,5.18,"STONE01 30m"
"STONE01","50m","FORBS",0.38,87.46230698,2,0.94,"STONE01 50m"
"STONE01","50m","GRAMINOIDS",1.93,1253.102021,15,16.75,"STONE01 50m"
"STONE01","50m","LICHENS",2.11,537.6729488,15,10.55,"STONE01 50m"
"STONE01","70m","FORBS",0,63.5517478,1,0.41,"STONE01 70m"
"STONE01","70m","GRAMINOIDS",2.68,2985.359034,10,34.82,"STONE01 70m"
"STONE01","70m","LICHENS",2.24,615.6968729,17,9.37,"STONE01 70m"
"STONE01","90m","FORBS",0,0,0,0.1,"STONE01 90m"
"STONE01","90m","GRAMINOIDS",6.15,634.2711168,25,18.35,"STONE01 90m"
"STONE01","90m","LICHENS",6.6,172.0930955,6,5.28,"STONE01 90m"
"STONE02","10m","FORBS",0.09,48.87230492,2,0.4,"STONE02 10m"
"STONE02","10m","GRAMINOIDS",4.14,156.6317352,8,2.21,"STONE02 10m"
"STONE02","10m","LICHENS",0.08,0,0.02,0,"STONE02 10m"
"STONE02","30m","FORBS",0.05,0,0.01,0.04,"STONE02 30m"
"STONE02","30m","GRAMINOIDS",1.29,781.1556931,2,7.89,"STONE02 30m"
"STONE02","30m","LICHENS",0.68,0,1,0,"STONE02 30m"
"STONE02","50m","DECIDUOUS SHRUBS",15.58,245.1627131,25,3.21,"STONE02 50m"
"STONE02","50m","EVERGREEN SHRUBS",0,805.5918548,0.01,14.74,"STONE02 50m"
"STONE02","50m","FORBS",0,0,0,0,"STONE02 50m"
"STONE02","50m","GRAMINOIDS",6.87,2097.102602,25,33.23,"STONE02 50m"
"STONE02","50m","LICHENS",0,0,0,0.32,"STONE02 50m"
"STONE02","70m","FORBS",0,0,0,0,"STONE02 70m"
"STONE02","70m","GRAMINOIDS",5.39,4835.15345,15,44.71,"STONE02 70m"
"STONE02","70m","LICHENS",1.32,4.807111979,2.01,0.78,"STONE02 70m"
"STONE02","90m","FORBS",0,0,0.01,0.02,"STONE02 90m"
"STONE02","90m","GRAMINOIDS",4.73,1689.299286,15,13.77,"STONE02 90m"
"STONE02","90m","LICHENS",4,39.25807953,2,0.46,"STONE02 90m"
"SWEDE","10m","DECIDUOUS SHRUBS",2.101,5878.602484,25,18.97,"SWEDE 10m"
"SWEDE","10m","EVERGREEN SHRUBS",55.46,12953.62599,47,53.13,"SWEDE 10m"
"SWEDE","10m","FORBS",0.502,410.1071539,3,3.94,"SWEDE 10m"
"SWEDE","10m","GRAMINOIDS",1.545,5834.201757,5,21.43,"SWEDE 10m"
"SWEDE","10m","LICHENS",18.305,168.0029292,15.01,1.02,"SWEDE 10m"
"SWEDE","30m","DECIDUOUS SHRUBS",12.253,495.3086414,18,2.47,"SWEDE 30m"
"SWEDE","30m","EVERGREEN SHRUBS",45.867,6553.314342,33,33.13,"SWEDE 30m"
"SWEDE","30m","FORBS",1.205,1204.521021,4,8.99,"SWEDE 30m"
"SWEDE","30m","GRAMINOIDS",1.6,4691.48183,2,22.95,"SWEDE 30m"
"SWEDE","30m","LICHENS",39.756,3129.054576,42,26.1,"SWEDE 30m"
"SWEDE","50m","DECIDUOUS SHRUBS",15.494,4914.385735,11,14.92,"SWEDE 50m"
"SWEDE","50m","EVERGREEN SHRUBS",54.003,4938.986167,41,33.08,"SWEDE 50m"
"SWEDE","50m","FORBS",3.998,3973.569326,20,29.3,"SWEDE 50m"
"SWEDE","50m","GRAMINOIDS",3.571,1329.923196,22,16.37,"SWEDE 50m"
"SWEDE","50m","LICHENS",0.457,693.0120817,1,1.45,"SWEDE 50m"
"SWEDE","70m","DECIDUOUS SHRUBS",8.357,5988.104435,10,12.08,"SWEDE 70m"
"SWEDE","70m","EVERGREEN SHRUBS",11.699,6793.918474,10.01,23.45,"SWEDE 70m"
"SWEDE","70m","FORBS",0.545,6230.208647,45,19.28,"SWEDE 70m"
"SWEDE","70m","GRAMINOIDS",3.146,5617.898002,25,30.45,"SWEDE 70m"
"SWEDE","70m","LICHENS",0,12.90022564,0,0.79,"SWEDE 70m"
"SWEDE","90m","DECIDUOUS SHRUBS",14.466,2802.648907,24,14.07,"SWEDE 90m"
"SWEDE","90m","EVERGREEN SHRUBS",27.039,4481.178184,31.01,19.77,"SWEDE 90m"
"SWEDE","90m","FORBS",1.362,5828.501649,9,32.81,"SWEDE 90m"
"SWEDE","90m","GRAMINOIDS",1.254,1274.122242,6,7.09,"SWEDE 90m"
"SWEDE","90m","LICHENS",5.105,565.2098616,14,7.37,"SWEDE 90m"
"THISTLE","10m","DECIDUOUS SHRUBS",1.371,43.70721245,2,0.86,"THISTLE 10m"
"THISTLE","10m","EVERGREEN SHRUBS",24.032,2737.329802,22.01,17.87,"THISTLE 10m"
"THISTLE","10m","FORBS",4.628,1877.092375,20,10.83,"THISTLE 10m"
"THISTLE","10m","GRAMINOIDS",3.416,4569.059388,8.01,26.62,"THISTLE 10m"
"THISTLE","10m","LICHENS",56.449,4172.714399,46.02,41.64,"THISTLE 10m"
"THISTLE","30m","DECIDUOUS SHRUBS",30.345,5193.873791,26.01,16.68,"THISTLE 30m"
"THISTLE","30m","EVERGREEN SHRUBS",31.944,7636.511012,42,51.53,"THISTLE 30m"
"THISTLE","30m","FORBS",0,86.08996582,0,0.48,"THISTLE 30m"
"THISTLE","30m","GRAMINOIDS",3.023,1559.22172,4,10.38,"THISTLE 30m"
"THISTLE","30m","LICHENS",21.192,675.8062339,18.02,6.07,"THISTLE 30m"
"THISTLE","50m","DECIDUOUS SHRUBS",18.851,7036.199084,21,26.69,"THISTLE 50m"
"THISTLE","50m","EVERGREEN SHRUBS",31.077,8474.563745,48,54.78,"THISTLE 50m"
"THISTLE","50m","FORBS",0,270.1900473,0,1.53,"THISTLE 50m"
"THISTLE","50m","GRAMINOIDS",3.519,1677.429861,6,12.56,"THISTLE 50m"
"THISTLE","50m","LICHENS",1.543,0,6.01,0,"THISTLE 50m"
"THISTLE","70m","DECIDUOUS SHRUBS",3.117,0,6.01,0.13,"THISTLE 70m"
"THISTLE","70m","EVERGREEN SHRUBS",13.284,2608.525958,30.01,32.86,"THISTLE 70m"
"THISTLE","70m","FORBS",0.983,0,2.01,0,"THISTLE 70m"
"THISTLE","70m","GRAMINOIDS",4.381,3988.614317,20,42.67,"THISTLE 70m"
"THISTLE","70m","LICHENS",62.708,631.7679026,38.03,9.58,"THISTLE 70m"
"THISTLE","90m","DECIDUOUS SHRUBS",7.935,51.98509318,19,1.09,"THISTLE 90m"
"THISTLE","90m","EVERGREEN SHRUBS",1.374,650.6414606,2,10.73,"THISTLE 90m"
"THISTLE","90m","FORBS",2.887,21.19137573,2,0.38,"THISTLE 90m"
"THISTLE","90m","GRAMINOIDS",2.113,163.2398171,6,2.23,"THISTLE 90m"
"THISTLE","90m","LICHENS",61.057,1706.899121,67.01,47.25,"THISTLE 90m"
"TOPOFTHEWORLD","10m","FORBS",0,0,5,0,"TOPOFTHEWORLD 10m"
"TOPOFTHEWORLD","10m","GRAMINOIDS",2.74,6.857886791,10,1,"TOPOFTHEWORLD 10m"
"TOPOFTHEWORLD","10m","LICHENS",46.86,13520.50502,60,21.9,"TOPOFTHEWORLD 10m"
"TOPOFTHEWORLD","30m","FORBS",0.54,0,5,0,"TOPOFTHEWORLD 30m"
"TOPOFTHEWORLD","30m","GRAMINOIDS",0.3,0,0.01,0,"TOPOFTHEWORLD 30m"
"TOPOFTHEWORLD","30m","LICHENS",0,0,0.01,0.07,"TOPOFTHEWORLD 30m"
"TOPOFTHEWORLD","50m","FORBS",0,0,0,0,"TOPOFTHEWORLD 50m"
"TOPOFTHEWORLD","50m","GRAMINOIDS",0,0,0.01,0.17,"TOPOFTHEWORLD 50m"
"TOPOFTHEWORLD","70m","FORBS",0.39,0,0.01,0,"TOPOFTHEWORLD 70m"
"TOPOFTHEWORLD","70m","GRAMINOIDS",0,0,5,0,"TOPOFTHEWORLD 70m"
"TOPOFTHEWORLD","70m","LICHENS",3.71,0,0,0.09,"TOPOFTHEWORLD 70m"
"TOPOFTHEWORLD","90m","FORBS",0,0,0,0,"TOPOFTHEWORLD 90m"
"TOPOFTHEWORLD","90m","GRAMINOIDS",2.76,277.9249053,20,2.55,"TOPOFTHEWORLD 90m"
"TOPOFTHEWORLD","90m","LICHENS",23.92,8392.971089,30.02,37.22,"TOPOFTHEWORLD 90m"
"TOWYK","10m","FORBS",0,0,0,0,"TOWYK 10m"
"TOWYK","10m","GRAMINOIDS",0.28,0,4,0,"TOWYK 10m"
"TOWYK","10m","LICHENS",15.87,53.0278759,16,1.24,"TOWYK 10m"
"TOWYK","30m","FORBS",0,0,0,0,"TOWYK 30m"
"TOWYK","30m","GRAMINOIDS",0.64,0,3,0,"TOWYK 30m"
"TOWYK","30m","LICHENS",9.84,50.17691612,16,2.58,"TOWYK 30m"
"TOWYK","50m","FORBS",0,0,0,0,"TOWYK 50m"
"TOWYK","50m","GRAMINOIDS",0.29,0,3,0,"TOWYK 50m"
"TOWYK","50m","LICHENS",10.47,11.40384436,7,1.75,"TOWYK 50m"
"TOWYK","70m","DECIDUOUS SHRUBS",0,935.6854162,0,17.12,"TOWYK 70m"
"TOWYK","70m","EVERGREEN SHRUBS",32.59,2608.059182,18,59.28,"TOWYK 70m"
"TOWYK","70m","FORBS",0,0,0,0,"TOWYK 70m"
"TOWYK","70m","GRAMINOIDS",0.34,0,2,0,"TOWYK 70m"
"TOWYK","70m","LICHENS",33.48,87.23940992,63,2.82,"TOWYK 70m"
"TOWYK","90m","FORBS",0,0,0,0,"TOWYK 90m"
"TOWYK","90m","GRAMINOIDS",0.37,0,2,0,"TOWYK 90m"
"TOWYK","90m","LICHENS",3.67,14.8249979,16,0.76,"TOWYK 90m"
"TWELVEMILE","0m","FORBS",0,0,0.01,0,"TWELVEMILE 0m"
"TWELVEMILE","0m","GRAMINOIDS",2.29,0,3,0,"TWELVEMILE 0m"
"TWELVEMILE","0m","LICHENS",259.57,2768.254545,90.01,89.22,"TWELVEMILE 0m"
"TWELVEMILE","10m","FORBS",0,0,1,0,"TWELVEMILE 10m"
"TWELVEMILE","10m","GRAMINOIDS",3.25,1078.084161,3,11.46,"TWELVEMILE 10m"
"TWELVEMILE","10m","LICHENS",172.91,3766.263615,75.01,59.19,"TWELVEMILE 10m"
"TWELVEMILE","30m","DECIDUOUS SHRUBS",103.29,28414.15805,68,63.62,"TWELVEMILE 30m"
"TWELVEMILE","30m","EVERGREEN SHRUBS",17.31,16.4056282,2,0.49,"TWELVEMILE 30m"
"TWELVEMILE","30m","FORBS",0,0,0,0,"TWELVEMILE 30m"
"TWELVEMILE","30m","GRAMINOIDS",0.97,23.43661118,0.01,0.52,"TWELVEMILE 30m"
"TWELVEMILE","30m","LICHENS",189.95,1172.611822,30.03,7.54,"TWELVEMILE 30m"
"TWELVEMILE","50m","FORBS",0,0,0,0,"TWELVEMILE 50m"
"TWELVEMILE","50m","GRAMINOIDS",2.56,173.0403194,5,4.22,"TWELVEMILE 50m"
"TWELVEMILE","50m","LICHENS",93.15,5457.996384,80.01,74.72,"TWELVEMILE 50m"
"TWELVEMILE","90m","FORBS",0,0,0,0,"TWELVEMILE 90m"
"TWELVEMILE","90m","GRAMINOIDS",0,292.875104,0,5.75,"TWELVEMILE 90m"
"TWELVEMILE","90m","LICHENS",110.05,1493.399605,50.02,24.51,"TWELVEMILE 90m"
"UPPERPALDO","10m","FORBS",0.23,0,1,0,"UPPERPALDO 10m"
"UPPERPALDO","10m","GRAMINOIDS",0.81,0,8,0.97,"UPPERPALDO 10m"
"UPPERPALDO","10m","LICHENS",5.53,19.68306506,17,2.01,"UPPERPALDO 10m"
"UPPERPALDO","30m","DECIDUOUS SHRUBS",0,4.920766354,4,0.17,"UPPERPALDO 30m"
"UPPERPALDO","30m","EVERGREEN SHRUBS",7.3,997.2752908,16,23.45,"UPPERPALDO 30m"
"UPPERPALDO","30m","FORBS",0,0,1,0,"UPPERPALDO 30m"
"UPPERPALDO","30m","GRAMINOIDS",2.72,1082.568571,20,35.53,"UPPERPALDO 30m"
"UPPERPALDO","30m","LICHENS",43.84,75.04168653,35,4.22,"UPPERPALDO 30m"
"UPPERPALDO","50m","DECIDUOUS SHRUBS",99.01,21919.14303,47,87.75,"UPPERPALDO 50m"
"UPPERPALDO","50m","FORBS",0,0,0,0,"UPPERPALDO 50m"
"UPPERPALDO","50m","GRAMINOIDS",4.34,221.024415,10,0.99,"UPPERPALDO 50m"
"UPPERPALDO","50m","LICHENS",6.52,0,8.02,0,"UPPERPALDO 50m"
"UPPERPALDO","70m","DECIDUOUS SHRUBS",164.04,42336.63226,75,88.41,"UPPERPALDO 70m"
"UPPERPALDO","70m","EVERGREEN SHRUBS",0.66,772.1502371,0,4.47,"UPPERPALDO 70m"
"UPPERPALDO","70m","FORBS",0.25,0,0.01,0,"UPPERPALDO 70m"
"UPPERPALDO","70m","GRAMINOIDS",4.49,173.4570131,8.01,1.54,"UPPERPALDO 70m"
"UPPERPALDO","70m","LICHENS",7.25,0,7,0.1,"UPPERPALDO 70m"
"UPPERPALDO","90m","FORBS",0.23,0,0.01,0,"UPPERPALDO 90m"
"UPPERPALDO","90m","GRAMINOIDS",1.61,488.7961189,8,14.71,"UPPERPALDO 90m"
"UPPERPALDO","90m","LICHENS",6.81,78.32219803,19.02,3.25,"UPPERPALDO 90m"
"UPPERQUARRY","10m","DECIDUOUS SHRUBS",6.22,60.74279594,14.01,0.41,"UPPERQUARRY 10m"
"UPPERQUARRY","10m","EVERGREEN SHRUBS",20.73,6991.423834,18,22.56,"UPPERQUARRY 10m"
"UPPERQUARRY","10m","FORBS",0,0,0,0,"UPPERQUARRY 10m"
"UPPERQUARRY","10m","GRAMINOIDS",7.936,26857.43937,53,74.3,"UPPERQUARRY 10m"
"UPPERQUARRY","10m","LICHENS",28.006,405.0320034,8.02,2.25,"UPPERQUARRY 10m"
"UPPERQUARRY","30m","DECIDUOUS SHRUBS",3.759,201.6756855,6,3.67,"UPPERQUARRY 30m"
"UPPERQUARRY","30m","EVERGREEN SHRUBS",18.353,1765.38254,10,30.87,"UPPERQUARRY 30m"
"UPPERQUARRY","30m","FORBS",0.199,0,1,0,"UPPERQUARRY 30m"
"UPPERQUARRY","30m","GRAMINOIDS",12.412,5463.970599,75,61.82,"UPPERQUARRY 30m"
"UPPERQUARRY","30m","LICHENS",0.32,12.24459457,0.01,0.23,"UPPERQUARRY 30m"
"UPPERQUARRY","50m","DECIDUOUS SHRUBS",4.749,869.3662632,5,5.59,"UPPERQUARRY 50m"
"UPPERQUARRY","50m","EVERGREEN SHRUBS",28.166,3045.542965,15,24.46,"UPPERQUARRY 50m"
"UPPERQUARRY","50m","FORBS",0,0,0.01,0,"UPPERQUARRY 50m"
"UPPERQUARRY","50m","LICHENS",18.873,269.3810959,15.02,2.53,"UPPERQUARRY 50m"
"UPPERQUARRY","70m","DECIDUOUS SHRUBS",7.6,162.0322251,17.01,1.34,"UPPERQUARRY 70m"
"UPPERQUARRY","70m","EVERGREEN SHRUBS",8.043,953.5560058,10,12.28,"UPPERQUARRY 70m"
"UPPERQUARRY","70m","FORBS",0,0,0.01,0,"UPPERQUARRY 70m"
"UPPERQUARRY","70m","GRAMINOIDS",5.047,8661.552096,50.01,82.9,"UPPERQUARRY 70m"
"UPPERQUARRY","70m","LICHENS",7.315,116.1066669,7,2.1,"UPPERQUARRY 70m"
"UPPERQUARRY","90m","DECIDUOUS SHRUBS",4.823,44.41666889,25,1.19,"UPPERQUARRY 90m"
"UPPERQUARRY","90m","EVERGREEN SHRUBS",29.907,3279.630825,29,32.02,"UPPERQUARRY 90m"
"UPPERQUARRY","90m","FORBS",0,0,0,0,"UPPERQUARRY 90m"
"UPPERQUARRY","90m","GRAMINOIDS",6.166,8219.484711,35,64.9,"UPPERQUARRY 90m"
"UPPERQUARRY","90m","LICHENS",22.172,115.2432513,8.03,1.77,"UPPERQUARRY 90m"
"WHEATEAR","10m","DECIDUOUS SHRUBS",0.796,0,3,0.46,"WHEATEAR 10m"
"WHEATEAR","10m","EVERGREEN SHRUBS",35.918,2540.80035,31,36.49,"WHEATEAR 10m"
"WHEATEAR","10m","FORBS",0.519,3.919778347,4,1.42,"WHEATEAR 10m"
"WHEATEAR","10m","GRAMINOIDS",1.103,1142.223429,9,16.42,"WHEATEAR 10m"
"WHEATEAR","10m","LICHENS",23.411,1174.365601,40,33.13,"WHEATEAR 10m"
"WHEATEAR","30m","DECIDUOUS SHRUBS",0.203,2.351866961,2,1.06,"WHEATEAR 30m"
"WHEATEAR","30m","EVERGREEN SHRUBS",26.358,1989.287538,39,49.37,"WHEATEAR 30m"
"WHEATEAR","30m","FORBS",0,39.19778305,0.01,1.61,"WHEATEAR 30m"
"WHEATEAR","30m","GRAMINOIDS",3.111,1124.976405,15.01,24.43,"WHEATEAR 30m"
"WHEATEAR","30m","LICHENS",19.16,253.2176841,36.02,12.63,"WHEATEAR 30m"
"WHEATEAR","50m","DECIDUOUS SHRUBS",0,0,0,0.14,"WHEATEAR 50m"
"WHEATEAR","50m","EVERGREEN SHRUBS",6.314,917.2281487,14,15.39,"WHEATEAR 50m"
"WHEATEAR","50m","FORBS",0.869,5.095711946,2,2.04,"WHEATEAR 50m"
"WHEATEAR","50m","GRAMINOIDS",0.277,76.04370308,4.01,2.18,"WHEATEAR 50m"
"WHEATEAR","50m","LICHENS",3.571,103.8741266,6.02,3.77,"WHEATEAR 50m"
"WHEATEAR","70m","DECIDUOUS SHRUBS",4.928,0,10,0,"WHEATEAR 70m"
"WHEATEAR","70m","EVERGREEN SHRUBS",2.108,685.9612162,2,11.54,"WHEATEAR 70m"
"WHEATEAR","70m","FORBS",1.496,0,15,0.53,"WHEATEAR 70m"
"WHEATEAR","70m","GRAMINOIDS",9.636,9525.06154,57.01,84.48,"WHEATEAR 70m"
"WHEATEAR","70m","LICHENS",2.194,35.27800608,3,0.41,"WHEATEAR 70m"
"WHEATEAR","90m","DECIDUOUS SHRUBS",0,0,0,0,"WHEATEAR 90m"
"WHEATEAR","90m","EVERGREEN SHRUBS",0,0,0,0,"WHEATEAR 90m"
"WHEATEAR","90m","FORBS",2.101,50.95711887,1,3.45,"WHEATEAR 90m"
"WHEATEAR","90m","GRAMINOIDS",0.494,0,6.01,0.14,"WHEATEAR 90m"
"WHEATEAR","90m","LICHENS",0,0,0,0,"WHEATEAR 90m"
"WICKERSHAM","10m","DECIDUOUS SHRUBS",119.06,4690.601013,90,13.91,"WICKERSHAM 10m"
"WICKERSHAM","10m","EVERGREEN SHRUBS",0,1714.472473,0.01,10.62,"WICKERSHAM 10m"
"WICKERSHAM","10m","FORBS",0.99,0,0.01,0,"WICKERSHAM 10m"
"WICKERSHAM","10m","GRAMINOIDS",1.67,0,5,0,"WICKERSHAM 10m"
"WICKERSHAM","10m","LICHENS",0,37.84633398,0.02,0.84,"WICKERSHAM 10m"
"WICKERSHAM","30m","FORBS",0,7.368312836,0.01,0.02,"WICKERSHAM 30m"
"WICKERSHAM","30m","GRAMINOIDS",2.32,64.64020014,5,1.05,"WICKERSHAM 30m"
"WICKERSHAM","30m","LICHENS",102.57,1817.293925,50.02,32.83,"WICKERSHAM 30m"
"WICKERSHAM","50m","FORBS",0.42,0,0.01,0,"WICKERSHAM 50m"
"WICKERSHAM","50m","GRAMINOIDS",5.2,23.10970879,5,0.64,"WICKERSHAM 50m"
"WICKERSHAM","50m","LICHENS",39.06,1691.027829,15,26.05,"WICKERSHAM 50m"
"WICKERSHAM","60m","FORBS",0,0,0,0,"WICKERSHAM 60m"
"WICKERSHAM","60m","GRAMINOIDS",0,0,2,0,"WICKERSHAM 60m"
"WICKERSHAM","60m","LICHENS",5.7,12.39216238,10,0.75,"WICKERSHAM 60m"
"WICKERSHAM","70m","DECIDUOUS SHRUBS",38.37,516.7866819,50,4.15,"WICKERSHAM 70m"
"WICKERSHAM","70m","EVERGREEN SHRUBS",0,4858.732549,0,30.05,"WICKERSHAM 70m"
"WICKERSHAM","70m","FORBS",0,0,0,0.05,"WICKERSHAM 70m"
"WICKERSHAM","70m","GRAMINOIDS",2.62,0,8,0,"WICKERSHAM 70m"
"WICKERSHAM","70m","LICHENS",0,114.5437734,2.01,2.14,"WICKERSHAM 70m"
"WICKERSHAM","90m","DECIDUOUS SHRUBS",0,0,3,0,"WICKERSHAM 90m"
"WICKERSHAM","90m","EVERGREEN SHRUBS",50.05,1098.213565,17,32.16,"WICKERSHAM 90m"
"WICKERSHAM","90m","FORBS",0,0,0.01,0.02,"WICKERSHAM 90m"
"WICKERSHAM","90m","GRAMINOIDS",12.7,0,10,0.05,"WICKERSHAM 90m"
"WICKERSHAM","90m","LICHENS",78.22,527.5042228,70,23.51,"WICKERSHAM 90m"
