id,site_code,quadrat_num,PFT,weight,volume
1,AMSUMMIT,10m,DECIDUOUS SHRUBS,0,810.3552952
2,AMSUMMIT,10m,EVERGREEN SHRUBS,1.85,71.07713127
3,AMSUMMIT,10m,FORBS,1.86,26.98650551
4,AMSUMMIT,10m,GRAMINOIDS,21.53,20871.60937
5,AMSUMMIT,10m,LICHENS,0,0
6,AMSUMMIT,30m,DECIDUOUS SHRUBS,14.57,557.214293
7,AMSUMMIT,30m,EVERGREEN SHRUBS,0,0
8,AMSUMMIT,30m,FORBS,0.97,0
9,AMSUMMIT,30m,GRAMINOIDS,32.23,14989.673
10,AMSUMMIT,30m,LICHENS,0,0
11,AMSUMMIT,50m,DECIDUOUS SHRUBS,23.08,1779.588911
12,AMSUMMIT,50m,EVERGREEN SHRUBS,0,0
13,AMSUMMIT,50m,FORBS,0.72,199.1680043
14,AMSUMMIT,50m,GRAMINOIDS,2.75,2212.893406
15,AMSUMMIT,50m,LICHENS,2.37,0
16,AMSUMMIT,70m,DECIDUOUS SHRUBS,1.28,7172.328705
17,AMSUMMIT,70m,EVERGREEN SHRUBS,0,0
18,AMSUMMIT,70m,FORBS,8.69,1755.643158
19,AMSUMMIT,70m,GRAMINOIDS,32.91,42747.38255
20,AMSUMMIT,70m,LICHENS,0,0
21,AMSUMMIT,90m,DECIDUOUS SHRUBS,30.96,28510.67158
22,AMSUMMIT,90m,EVERGREEN SHRUBS,0,0
23,AMSUMMIT,90m,FORBS,5.02,158.4982066
24,AMSUMMIT,90m,GRAMINOIDS,21.16,22188.98782
25,AMSUMMIT,90m,LICHENS,0,0
26,AUFEIS,10m,DECIDUOUS SHRUBS,2.133,284.0440335
27,AUFEIS,10m,EVERGREEN SHRUBS,7.965,3933.348162
28,AUFEIS,10m,FORBS,6.762,122.6785188
29,AUFEIS,10m,GRAMINOIDS,9.32,9809.190962
30,AUFEIS,10m,LICHENS,0,0
31,AUFEIS,30m,DECIDUOUS SHRUBS,2.826,141.25846
32,AUFEIS,30m,EVERGREEN SHRUBS,3.417,2124.22178
33,AUFEIS,30m,FORBS,3.388,28.2516911
34,AUFEIS,30m,GRAMINOIDS,11.074,6627.185114
35,AUFEIS,30m,LICHENS,0.23,0
36,AUFEIS,50m,DECIDUOUS SHRUBS,5.437,115.8064828
37,AUFEIS,50m,EVERGREEN SHRUBS,3.512,2567.595204
38,AUFEIS,50m,FORBS,7.319,74.31976414
39,AUFEIS,50m,GRAMINOIDS,6.176,6680.125213
40,AUFEIS,50m,LICHENS,0,0
41,AUFEIS,70m,DECIDUOUS SHRUBS,0.342,37.66892374
42,AUFEIS,70m,EVERGREEN SHRUBS,2.64,2406.738705
43,AUFEIS,70m,FORBS,4.222,13.48954582
44,AUFEIS,70m,GRAMINOIDS,8.227,2682.892641
45,AUFEIS,70m,LICHENS,0,0
46,AUFEIS,90m,DECIDUOUS SHRUBS,0,526.8558736
47,AUFEIS,90m,EVERGREEN SHRUBS,0.391,223.4683394
48,AUFEIS,90m,FORBS,3.59,57.52146208
49,AUFEIS,90m,GRAMINOIDS,6.564,5727.966896
50,AUFEIS,90m,LICHENS,0,0
51,BABBAGE,10m,DECIDUOUS SHRUBS,10.748,2002.500729
52,BABBAGE,10m,EVERGREEN SHRUBS,44.531,4552.550694
53,BABBAGE,10m,FORBS,2.224,515.8602753
54,BABBAGE,10m,GRAMINOIDS,8.917,8187.644022
55,BABBAGE,10m,LICHENS,0.299,0
56,BABBAGE,30m,DECIDUOUS SHRUBS,85.356,7395.419198
57,BABBAGE,30m,EVERGREEN SHRUBS,7.447,1371.46313
58,BABBAGE,30m,FORBS,5.168,3410.528069
59,BABBAGE,30m,GRAMINOIDS,3.559,2625.920785
60,BABBAGE,30m,LICHENS,0.651,0
61,BABBAGE,50m,DECIDUOUS SHRUBS,42.486,6068.747233
62,BABBAGE,50m,EVERGREEN SHRUBS,54.124,1386.088823
63,BABBAGE,50m,FORBS,1.21,235.5345454
64,BABBAGE,50m,GRAMINOIDS,2.903,654.8043284
65,BABBAGE,50m,LICHENS,0.506,0
66,BABBAGE,70m,DECIDUOUS SHRUBS,53.906,5726.871696
67,BABBAGE,70m,EVERGREEN SHRUBS,30.496,6782.663715
68,BABBAGE,70m,FORBS,0.383,293.7326031
69,BABBAGE,70m,GRAMINOIDS,1,234.6204405
70,BABBAGE,70m,LICHENS,4.642,0
71,BABBAGE,90m,DECIDUOUS SHRUBS,64.697,4319.453766
72,BABBAGE,90m,EVERGREEN SHRUBS,23.166,6527.323527
73,BABBAGE,90m,FORBS,2.219,307.7488966
74,BABBAGE,90m,GRAMINOIDS,2.633,5250.317949
75,BABBAGE,90m,LICHENS,2.488,0
76,BLOWRIVER,10m,DECIDUOUS SHRUBS,6.137,107.5123091
77,BLOWRIVER,10m,EVERGREEN SHRUBS,23.209,2544.953027
78,BLOWRIVER,10m,FORBS,0.288,43.95530796
79,BLOWRIVER,10m,GRAMINOIDS,12.052,10499.08208
80,BLOWRIVER,10m,LICHENS,0,0
81,BLOWRIVER,30m,DECIDUOUS SHRUBS,23.795,1102.149684
82,BLOWRIVER,30m,EVERGREEN SHRUBS,12.166,518.5538549
83,BLOWRIVER,30m,FORBS,0.146,611.2163968
84,BLOWRIVER,30m,GRAMINOIDS,14.307,10612.2373
85,BLOWRIVER,30m,LICHENS,0,0
86,BLOWRIVER,50m,DECIDUOUS SHRUBS,262.538,94694.58665
87,BLOWRIVER,50m,EVERGREEN SHRUBS,0,0
88,BLOWRIVER,50m,FORBS,0.307,0
89,BLOWRIVER,50m,LICHENS,0,0
90,BLOWRIVER,70m,DECIDUOUS SHRUBS,154.69,29651.44112
91,BLOWRIVER,70m,EVERGREEN SHRUBS,3.939,0
92,BLOWRIVER,70m,FORBS,1.636,377.7780666
93,BLOWRIVER,70m,GRAMINOIDS,3.439,12883.71786
94,BLOWRIVER,70m,LICHENS,0,0
95,BLOWRIVER,90m,DECIDUOUS SHRUBS,62.029,11769.03417
96,BLOWRIVER,90m,EVERGREEN SHRUBS,6.921,331.7437911
97,BLOWRIVER,90m,FORBS,0,359.6613512
98,BLOWRIVER,90m,GRAMINOIDS,7.965,14499.01522
99,BLOWRIVER,90m,LICHENS,0,0
100,BROWNSCREEK,10m,DECIDUOUS SHRUBS,0,0
101,BROWNSCREEK,10m,EVERGREEN SHRUBS,27.001,2375.306532
102,BROWNSCREEK,10m,FORBS,0,0
103,BROWNSCREEK,10m,GRAMINOIDS,0.454,345.2700162
104,BROWNSCREEK,10m,LICHENS,14.738,444.8186774
105,BROWNSCREEK,30m,DECIDUOUS SHRUBS,0,0
106,BROWNSCREEK,30m,EVERGREEN SHRUBS,22.456,2335.403062
107,BROWNSCREEK,30m,FORBS,0,0
108,BROWNSCREEK,30m,GRAMINOIDS,0.962,722.8828497
109,BROWNSCREEK,30m,LICHENS,9.705,420.8765941
110,BROWNSCREEK,50m,DECIDUOUS SHRUBS,274.01,27383.44108
111,BROWNSCREEK,50m,EVERGREEN SHRUBS,0,0
112,BROWNSCREEK,50m,FORBS,0,0
113,BROWNSCREEK,50m,GRAMINOIDS,0,0
114,BROWNSCREEK,50m,LICHENS,45.01,0
115,BROWNSCREEK,70m,DECIDUOUS SHRUBS,91.419,11396.43098
116,BROWNSCREEK,70m,EVERGREEN SHRUBS,3.921,3171.695788
117,BROWNSCREEK,70m,FORBS,0,0
118,BROWNSCREEK,70m,GRAMINOIDS,1.731,940.0417356
119,BROWNSCREEK,70m,LICHENS,15.937,176.8353763
120,BROWNSCREEK,90m,DECIDUOUS SHRUBS,55.895,9591.95407
121,BROWNSCREEK,90m,EVERGREEN SHRUBS,0,545.2074125
122,BROWNSCREEK,90m,FORBS,0,0
123,BROWNSCREEK,90m,GRAMINOIDS,3.54,581.7505846
124,BROWNSCREEK,90m,LICHENS,12.678,606.1127009
125,BUTLER,10m,DECIDUOUS SHRUBS,0,19.97319794
126,BUTLER,10m,EVERGREEN SHRUBS,18.901,5761.268849
127,BUTLER,10m,FORBS,0.414,0
128,BUTLER,10m,GRAMINOIDS,1.898,927.255694
129,BUTLER,10m,LICHENS,2.916,1285.275273
130,BUTLER,30m,DECIDUOUS SHRUBS,25.605,1465.533368
131,BUTLER,30m,EVERGREEN SHRUBS,1.023,294.6046677
132,BUTLER,30m,FORBS,0.012,0
133,BUTLER,30m,GRAMINOIDS,5.007,2484.66579
134,BUTLER,30m,LICHENS,4.294,422.9324581
135,BUTLER,50m,DECIDUOUS SHRUBS,0,0
136,BUTLER,50m,EVERGREEN SHRUBS,15.193,2632.966785
137,BUTLER,50m,FORBS,0.293,0
138,BUTLER,50m,GRAMINOIDS,0.475,372.9994664
139,BUTLER,50m,LICHENS,1.962,217.7078564
140,BUTLER,70m,DECIDUOUS SHRUBS,0,0
141,BUTLER,70m,EVERGREEN SHRUBS,0,0
142,BUTLER,70m,FORBS,0,0
143,BUTLER,70m,GRAMINOIDS,0.539,15.97855797
144,BUTLER,70m,LICHENS,13.877,103.3612985
145,BUTLER,90m,DECIDUOUS SHRUBS,0,0
146,BUTLER,90m,EVERGREEN SHRUBS,25.8,3342.986317
147,BUTLER,90m,FORBS,0,0
148,BUTLER,90m,GRAMINOIDS,1.213,672.7001857
149,BUTLER,90m,LICHENS,8.309,603.6942157
150,CALF,10m,DECIDUOUS SHRUBS,11.192,238.363862
151,CALF,10m,EVERGREEN SHRUBS,32.928,3513.6814
152,CALF,10m,FORBS,0,61.7764492
153,CALF,10m,GRAMINOIDS,10.787,17122.85892
154,CALF,10m,LICHENS,3.751,0
155,CALF,30m,DECIDUOUS SHRUBS,24.031,2299.133038
156,CALF,30m,EVERGREEN SHRUBS,36.586,1445.044435
157,CALF,30m,FORBS,0,374.4468817
158,CALF,30m,GRAMINOIDS,7.82,3498.820089
159,CALF,30m,LICHENS,0.387,0
160,CALF,50m,DECIDUOUS SHRUBS,2.603,326.9489532
161,CALF,50m,EVERGREEN SHRUBS,30.879,675.7527864
162,CALF,50m,FORBS,1.314,31.76242065
163,CALF,50m,GRAMINOIDS,5.756,5012.051753
164,CALF,50m,LICHENS,0,0
165,CALF,70m,DECIDUOUS SHRUBS,27.477,1576.173718
166,CALF,70m,EVERGREEN SHRUBS,0,683.3291516
167,CALF,70m,FORBS,0,126.1754942
168,CALF,70m,GRAMINOIDS,10.651,13646.47643
169,CALF,70m,LICHENS,0,0
170,CALF,90m,DECIDUOUS SHRUBS,12.492,70.22700405
171,CALF,90m,EVERGREEN SHRUBS,0.028,24.18606305
172,CALF,90m,FORBS,0.116,44.87534761
173,CALF,90m,GRAMINOIDS,13.2,10678.00136
174,CALF,90m,LICHENS,0,0
175,COALCREEK,10m,DECIDUOUS SHRUBS,48.851,1739.079528
176,COALCREEK,10m,EVERGREEN SHRUBS,0.964,984.6133254
177,COALCREEK,10m,FORBS,0,0
178,COALCREEK,10m,GRAMINOIDS,0.603,1326.852395
179,COALCREEK,10m,LICHENS,42.833,1812.687547
180,COALCREEK,30m,DECIDUOUS SHRUBS,49.643,8109.914986
181,COALCREEK,30m,EVERGREEN SHRUBS,16.54,2335.761005
182,COALCREEK,30m,FORBS,0,0
183,COALCREEK,30m,GRAMINOIDS,0.003,29.10039139
184,COALCREEK,30m,LICHENS,32.119,1002.144681
185,COALCREEK,50m,DECIDUOUS SHRUBS,10.261,810.2639802
186,COALCREEK,50m,EVERGREEN SHRUBS,9.38,3203.316391
187,COALCREEK,50m,FORBS,0.109,0
188,COALCREEK,50m,GRAMINOIDS,0.119,210.068441
189,COALCREEK,50m,LICHENS,14.739,512.439682
190,COALCREEK,70m,DECIDUOUS SHRUBS,0,40.92242432
191,COALCREEK,70m,EVERGREEN SHRUBS,2.545,128.2235996
192,COALCREEK,70m,FORBS,0,0
193,COALCREEK,70m,GRAMINOIDS,0.075,278.7271822
194,COALCREEK,70m,LICHENS,14.77,1094.447501
195,COALCREEK,90m,DECIDUOUS SHRUBS,0,0
196,COALCREEK,90m,EVERGREEN SHRUBS,10.273,592.9204559
197,COALCREEK,90m,FORBS,0.143,0
198,COALCREEK,90m,GRAMINOIDS,0.05,0
199,COALCREEK,90m,LICHENS,10.479,135.4986922
200,DEW,10m,DECIDUOUS SHRUBS,50.169,3439.142214
201,DEW,10m,EVERGREEN SHRUBS,30.213,2279.513412
202,DEW,10m,FORBS,0,37.86789298
203,DEW,10m,GRAMINOIDS,0.733,472.7053385
204,DEW,10m,LICHENS,14.966,0
205,DEW,30m,DECIDUOUS SHRUBS,13.038,1154.28224
206,DEW,30m,EVERGREEN SHRUBS,4.821,89.85018444
207,DEW,30m,FORBS,2.804,11.01611435
208,DEW,30m,GRAMINOIDS,0.066,740.4894407
209,DEW,30m,LICHENS,2.387,164.8974653
210,DEW,50m,DECIDUOUS SHRUBS,38.787,2361.288338
211,DEW,50m,EVERGREEN SHRUBS,14.792,194.5032715
212,DEW,50m,FORBS,3.27,7.229324818
213,DEW,50m,GRAMINOIDS,0.595,579.0766606
214,DEW,50m,LICHENS,6.735,141.8483086
215,DEW,70m,DECIDUOUS SHRUBS,10.831,898.8460738
216,DEW,70m,EVERGREEN SHRUBS,14.5,156.2911223
217,DEW,70m,FORBS,0.176,29.60580736
218,DEW,70m,GRAMINOIDS,0.276,105.3415929
219,DEW,70m,LICHENS,9.274,56.45758557
220,DEW,90m,DECIDUOUS SHRUBS,12.423,955.3036664
221,DEW,90m,EVERGREEN SHRUBS,0.625,700.9002745
222,DEW,90m,FORBS,2.704,113.6036786
223,DEW,90m,GRAMINOIDS,0,277.124127
224,DEW,90m,LICHENS,1.673,446.1526348
225,EXCELSIOR,10m,DECIDUOUS SHRUBS,10.966,336.8765891
226,EXCELSIOR,10m,EVERGREEN SHRUBS,2.139,583.7534132
227,EXCELSIOR,10m,FORBS,0,0
228,EXCELSIOR,10m,GRAMINOIDS,1.77,202.0548098
229,EXCELSIOR,10m,LICHENS,25.629,2777.567288
230,EXCELSIOR,30m,DECIDUOUS SHRUBS,0.65,185.6912146
231,EXCELSIOR,30m,EVERGREEN SHRUBS,9.352,3686.788772
232,EXCELSIOR,30m,FORBS,0,0
233,EXCELSIOR,30m,GRAMINOIDS,0.841,751.3023744
234,EXCELSIOR,30m,LICHENS,41.243,3105.525469
235,EXCELSIOR,50m,DECIDUOUS SHRUBS,0,0
236,EXCELSIOR,50m,EVERGREEN SHRUBS,0,11.02763939
237,EXCELSIOR,50m,FORBS,0,0
238,EXCELSIOR,50m,GRAMINOIDS,0.24,0
239,EXCELSIOR,50m,LICHENS,67.67,3091.169535
240,EXCELSIOR,70m,DECIDUOUS SHRUBS,136.109,30742.21174
241,EXCELSIOR,70m,EVERGREEN SHRUBS,1.752,1376.320499
242,EXCELSIOR,70m,FORBS,0,0
243,EXCELSIOR,70m,GRAMINOIDS,0,212.7267189
244,EXCELSIOR,70m,LICHENS,35.522,404.1096201
245,EXCELSIOR,90m,DECIDUOUS SHRUBS,0,2515.724637
246,EXCELSIOR,90m,EVERGREEN SHRUBS,34.736,2483.353173
247,EXCELSIOR,90m,FORBS,1.373,0
248,EXCELSIOR,90m,GRAMINOIDS,0.534,136.9561615
249,EXCELSIOR,90m,LICHENS,27.671,1038.020995
250,FIRTH,10m,DECIDUOUS SHRUBS,1.98,22.23093796
251,FIRTH,10m,EVERGREEN SHRUBS,1.072,29.11939865
252,FIRTH,10m,FORBS,2.53,0
253,FIRTH,10m,GRAMINOIDS,3.398,2996.793041
254,FIRTH,10m,LICHENS,0,0
255,FIRTH,30m,DECIDUOUS SHRUBS,350.849,87582.69264
256,FIRTH,30m,EVERGREEN SHRUBS,0,67.00592804
257,FIRTH,30m,FORBS,0,2654.248711
258,FIRTH,30m,GRAMINOIDS,4.684,3286.108307
259,FIRTH,30m,LICHENS,0,0
260,FIRTH,50m,DECIDUOUS SHRUBS,15.181,4181.60805
261,FIRTH,50m,EVERGREEN SHRUBS,22.838,8641.885688
262,FIRTH,50m,FORBS,0.184,0
263,FIRTH,50m,GRAMINOIDS,4.54,5420.278323
264,FIRTH,50m,LICHENS,0,0
265,FIRTH,70m,DECIDUOUS SHRUBS,0.87,12.21136039
266,FIRTH,70m,EVERGREEN SHRUBS,6.291,100.8220012
267,FIRTH,70m,FORBS,0.043,3.757341623
268,FIRTH,70m,GRAMINOIDS,1.542,720.7833586
269,FIRTH,70m,LICHENS,0,0
270,FIRTH,90m,DECIDUOUS SHRUBS,1.82,44.77498746
271,FIRTH,90m,EVERGREEN SHRUBS,13.315,2914.131488
272,FIRTH,90m,FORBS,0.474,17.22114897
273,FIRTH,90m,GRAMINOIDS,1.232,1039.218058
274,FIRTH,90m,LICHENS,0,0
275,FRYINGPAN,10m,FORBS,0,0
276,FRYINGPAN,10m,GRAMINOIDS,0,538.2318099
277,FRYINGPAN,10m,LICHENS,0,0
278,FRYINGPAN,30m,FORBS,0,66.13771248
279,FRYINGPAN,30m,GRAMINOIDS,6.35,5839.49226
280,FRYINGPAN,30m,LICHENS,10.38,98.42716622
281,FRYINGPAN,50m,FORBS,0,0
282,FRYINGPAN,50m,GRAMINOIDS,5.99,2849.043345
283,FRYINGPAN,50m,LICHENS,50.57,1478.188986
284,FRYINGPAN,70m,FORBS,0,0
285,FRYINGPAN,70m,GRAMINOIDS,2.75,1363.505745
286,FRYINGPAN,70m,LICHENS,9.15,645.5664149
287,FRYINGPAN,90m,FORBS,0.34,0
288,FRYINGPAN,90m,GRAMINOIDS,9.55,4631.866641
289,FRYINGPAN,90m,LICHENS,14.17,922.1422806
290,GRANITE,10m,FORBS,5.86,217.317009
291,GRANITE,10m,GRAMINOIDS,18.83,9927.585617
292,GRANITE,10m,LICHENS,0,0
293,GRANITE,30m,DECIDUOUS SHRUBS,221.29,118394.1221
294,GRANITE,30m,EVERGREEN SHRUBS,8.47,0
295,GRANITE,30m,FORBS,1.13,823.5047684
296,GRANITE,30m,GRAMINOIDS,14.75,2283.940849
297,GRANITE,30m,LICHENS,0,0
298,GRANITE,50m,DECIDUOUS SHRUBS,34.11,0
299,GRANITE,50m,EVERGREEN SHRUBS,0,1374.541844
300,GRANITE,50m,FORBS,0.35,91.05723763
301,GRANITE,50m,GRAMINOIDS,18.92,9845.211692
302,GRANITE,50m,LICHENS,0,0
303,GRANITE,70m,DECIDUOUS SHRUBS,0,2927.677927
304,GRANITE,70m,EVERGREEN SHRUBS,33.74,3313.497721
305,GRANITE,70m,FORBS,4.94,35.20253944
306,GRANITE,70m,GRAMINOIDS,35.65,22710.56664
307,GRANITE,70m,LICHENS,0,0
308,GRANITE,90m,FORBS,0.95,0
309,GRANITE,90m,GRAMINOIDS,3.37,2342.142317
310,GRANITE,90m,LICHENS,0,0
311,GULCH,10m,DECIDUOUS SHRUBS,3.97,9930.313362
312,GULCH,10m,EVERGREEN SHRUBS,11.67,1894.395564
313,GULCH,10m,FORBS,28.2,11753.62547
314,GULCH,10m,GRAMINOIDS,9.6,3122.220303
315,GULCH,10m,LICHENS,0,0
316,GULCH,30m,FORBS,0.67,2529.567547
317,GULCH,30m,GRAMINOIDS,11.74,1744.378984
318,GULCH,30m,LICHENS,0,0
319,GULCH,50m,FORBS,2.87,5690.600304
320,GULCH,50m,GRAMINOIDS,4.42,12100.75691
321,GULCH,50m,LICHENS,0,0
322,GULCH,70m,DECIDUOUS SHRUBS,207.81,79052.20201
323,GULCH,70m,EVERGREEN SHRUBS,0,1550.098774
324,GULCH,70m,FORBS,3.85,11458.82548
325,GULCH,70m,GRAMINOIDS,15.37,2990.083611
326,GULCH,70m,LICHENS,0,0
327,GULCH,90m,FORBS,4.3,2733.441839
328,GULCH,90m,GRAMINOIDS,1.61,926.2652311
329,GULCH,90m,LICHENS,0,0
330,KINGSOLOMON,10m,DECIDUOUS SHRUBS,83.587,11553.53442
331,KINGSOLOMON,10m,EVERGREEN SHRUBS,35.161,6846.908029
332,KINGSOLOMON,10m,FORBS,0,837.4879742
333,KINGSOLOMON,10m,GRAMINOIDS,1.153,0
334,KINGSOLOMON,10m,LICHENS,6.563,1396.85146
335,KINGSOLOMON,30m,DECIDUOUS SHRUBS,103.024,17808.37679
336,KINGSOLOMON,30m,EVERGREEN SHRUBS,0,351.9380493
337,KINGSOLOMON,30m,FORBS,0,0
338,KINGSOLOMON,30m,GRAMINOIDS,1.699,0
339,KINGSOLOMON,30m,LICHENS,74.475,410.8020287
340,KINGSOLOMON,50m,DECIDUOUS SHRUBS,37.301,3295.136787
341,KINGSOLOMON,50m,EVERGREEN SHRUBS,63.197,6151.752553
342,KINGSOLOMON,50m,FORBS,0,531.6444702
343,KINGSOLOMON,50m,GRAMINOIDS,0.72,8.720588684
344,KINGSOLOMON,50m,LICHENS,1.461,186.5583172
345,KINGSOLOMON,70m,DECIDUOUS SHRUBS,18.256,3928.480247
346,KINGSOLOMON,70m,EVERGREEN SHRUBS,26.852,2166.898265
347,KINGSOLOMON,70m,FORBS,0,940.6382841
348,KINGSOLOMON,70m,GRAMINOIDS,0.249,0
349,KINGSOLOMON,70m,LICHENS,32.671,2507.494493
350,KINGSOLOMON,90m,DECIDUOUS SHRUBS,257.73,7975.289952
351,KINGSOLOMON,90m,EVERGREEN SHRUBS,3.751,4534.083317
352,KINGSOLOMON,90m,FORBS,0,212.0971775
353,KINGSOLOMON,90m,GRAMINOIDS,0,542.5452137
354,KINGSOLOMON,90m,LICHENS,1.095,678.337235
355,LOWERQUARRY,10m,DECIDUOUS SHRUBS,8.974,45.71814537
356,LOWERQUARRY,10m,EVERGREEN SHRUBS,14.534,1092.494334
357,LOWERQUARRY,10m,FORBS,0,0
358,LOWERQUARRY,10m,GRAMINOIDS,8.449,6547.515657
359,LOWERQUARRY,10m,LICHENS,31.526,140.8796184
360,LOWERQUARRY,30m,DECIDUOUS SHRUBS,9.708,100.9185721
361,LOWERQUARRY,30m,EVERGREEN SHRUBS,5.629,718.2828521
362,LOWERQUARRY,30m,FORBS,0.141,48.08871508
363,LOWERQUARRY,30m,GRAMINOIDS,3.461,2099.30947
364,LOWERQUARRY,30m,LICHENS,2.509,194.3867768
365,LOWERQUARRY,50m,DECIDUOUS SHRUBS,2.942,0
366,LOWERQUARRY,50m,EVERGREEN SHRUBS,21.389,813.7829764
367,LOWERQUARRY,50m,FORBS,1.648,14.90072823
368,LOWERQUARRY,50m,GRAMINOIDS,16.457,6574.269248
369,LOWERQUARRY,50m,LICHENS,5.079,90.08167839
370,LOWERQUARRY,70m,DECIDUOUS SHRUBS,29.74,1144.308232
371,LOWERQUARRY,70m,EVERGREEN SHRUBS,12.606,732.5062766
372,LOWERQUARRY,70m,FORBS,1.04,2493.162826
373,LOWERQUARRY,70m,GRAMINOIDS,7.871,6353.806134
374,LOWERQUARRY,70m,LICHENS,0,648.1816969
375,LOWERQUARRY,90m,DECIDUOUS SHRUBS,7.047,813.1056679
376,LOWERQUARRY,90m,EVERGREEN SHRUBS,33.684,1329.890029
377,LOWERQUARRY,90m,FORBS,0.038,596.7064583
378,LOWERQUARRY,90m,GRAMINOIDS,10.73,6691.443135
379,LOWERQUARRY,90m,LICHENS,6.52,759.598515
380,MATSONCREEK,10m,FORBS,0,0
381,MATSONCREEK,10m,GRAMINOIDS,10.65,6807.233804
382,MATSONCREEK,10m,LICHENS,1.01,0
383,MATSONCREEK,30m,FORBS,0,0
384,MATSONCREEK,30m,GRAMINOIDS,4.45,1883.219521
385,MATSONCREEK,30m,LICHENS,14.59,1.151816249
386,MATSONCREEK,50m,FORBS,0,0
387,MATSONCREEK,50m,GRAMINOIDS,15.7,7553.610746
388,MATSONCREEK,50m,LICHENS,3.43,0
389,MATSONCREEK,70m,FORBS,0,0
390,MATSONCREEK,70m,GRAMINOIDS,3.41,3051.737028
391,MATSONCREEK,70m,LICHENS,3.89,0
392,MATSONCREEK,90m,FORBS,0.12,0
393,MATSONCREEK,90m,GRAMINOIDS,4.09,4072.246216
394,MATSONCREEK,90m,LICHENS,3.7,61.62216759
395,MOLLYCREEK,10m,FORBS,0,0
396,MOLLYCREEK,10m,GRAMINOIDS,3.17,588.8535347
397,MOLLYCREEK,10m,LICHENS,2.57,0
398,MOLLYCREEK,30m,FORBS,0,0
399,MOLLYCREEK,30m,GRAMINOIDS,0.98,635.2559832
400,MOLLYCREEK,30m,LICHENS,23.86,4397.448459
401,MOLLYCREEK,50m,FORBS,0,0
402,MOLLYCREEK,50m,GRAMINOIDS,0.75,591.7945395
403,MOLLYCREEK,50m,LICHENS,18.12,2641.671483
404,MOLLYCREEK,70m,FORBS,0,0
405,MOLLYCREEK,70m,GRAMINOIDS,1.63,1420.829742
406,MOLLYCREEK,70m,LICHENS,2.34,2988.382685
407,MOLLYCREEK,90m,FORBS,0,0
408,MOLLYCREEK,90m,GRAMINOIDS,1.54,681.9852028
409,MOLLYCREEK,90m,LICHENS,0,0
410,MOSQUITOCREEK,10m,DECIDUOUS SHRUBS,0,120.2491286
411,MOSQUITOCREEK,10m,EVERGREEN SHRUBS,14.23,3166.560432
412,MOSQUITOCREEK,10m,FORBS,0.4,8.252391815
413,MOSQUITOCREEK,10m,GRAMINOIDS,0.55,578.8463037
414,MOSQUITOCREEK,10m,LICHENS,4.86,1226.659032
415,MOSQUITOCREEK,30m,DECIDUOUS SHRUBS,198.54,20630.38895
416,MOSQUITOCREEK,30m,EVERGREEN SHRUBS,21.5,1737.717824
417,MOSQUITOCREEK,30m,FORBS,0,268.2027168
418,MOSQUITOCREEK,30m,GRAMINOIDS,0,161.8058109
419,MOSQUITOCREEK,30m,LICHENS,1.76,312.4119568
420,MOSQUITOCREEK,50m,FORBS,0,279.6971173
421,MOSQUITOCREEK,50m,GRAMINOIDS,0,1318.908974
422,MOSQUITOCREEK,50m,LICHENS,5.4,4188.678045
423,OBRIAN,10m,DECIDUOUS SHRUBS,0,0
424,OBRIAN,10m,EVERGREEN SHRUBS,13.733,1712.283779
425,OBRIAN,10m,FORBS,0.991,28.28712964
426,OBRIAN,10m,GRAMINOIDS,0.932,334.4268624
427,OBRIAN,10m,LICHENS,73.644,760.5587685
428,OBRIAN,30m,DECIDUOUS SHRUBS,0,151.4730139
429,OBRIAN,30m,EVERGREEN SHRUBS,49.812,1173.915858
430,OBRIAN,30m,FORBS,0.059,11.40610105
431,OBRIAN,30m,GRAMINOIDS,0.009,472.6688056
432,OBRIAN,30m,LICHENS,42.339,518.2932001
433,OBRIAN,50m,DECIDUOUS SHRUBS,0.762,248.6529856
434,OBRIAN,50m,EVERGREEN SHRUBS,2.242,287.8899677
435,OBRIAN,50m,FORBS,1.514,71.63030955
436,OBRIAN,50m,GRAMINOIDS,2.575,1737.377199
437,OBRIAN,50m,LICHENS,39.899,995.0681963
438,OBRIAN,70m,DECIDUOUS SHRUBS,21.374,6105.09607
439,OBRIAN,70m,EVERGREEN SHRUBS,6.152,2321.49302
440,OBRIAN,70m,FORBS,3.268,72.542799
441,OBRIAN,70m,GRAMINOIDS,2.154,2427.183908
442,OBRIAN,70m,LICHENS,60.323,651.5164451
443,OBRIAN,90m,DECIDUOUS SHRUBS,7.652,282.3874722
444,OBRIAN,90m,EVERGREEN SHRUBS,11.622,899.3101709
445,OBRIAN,90m,FORBS,2.18,44.32167342
446,OBRIAN,90m,GRAMINOIDS,5.417,3040.46944
447,OBRIAN,90m,LICHENS,31.868,618.4548852
448,OGILVIE,10m,DECIDUOUS SHRUBS,17.99539,43.26236963
449,OGILVIE,10m,EVERGREEN SHRUBS,34.174,2982.240571
450,OGILVIE,10m,FORBS,3.21061,776.4959191
451,OGILVIE,10m,GRAMINOIDS,0.847,1816.701439
452,OGILVIE,10m,LICHENS,49.677,971.4946842
453,OGILVIE,30m,DECIDUOUS SHRUBS,17.647,6310.580128
454,OGILVIE,30m,EVERGREEN SHRUBS,66.497,10021.6008
455,OGILVIE,30m,FORBS,10.836,7862.61769
456,OGILVIE,30m,GRAMINOIDS,0.06,512.7863331
457,OGILVIE,30m,LICHENS,9.344,0
458,OGILVIE,50m,DECIDUOUS SHRUBS,0.702,397.3139763
459,OGILVIE,50m,EVERGREEN SHRUBS,59.765,4864.153673
460,OGILVIE,50m,FORBS,3.304,1784.890873
461,OGILVIE,50m,GRAMINOIDS,0.268,1628.382891
462,OGILVIE,50m,LICHENS,57.95,451.85248
463,OGILVIE,70m,DECIDUOUS SHRUBS,8.36,87.79716206
464,OGILVIE,70m,EVERGREEN SHRUBS,20.267,3929.297901
465,OGILVIE,70m,FORBS,5.417,1055.474585
466,OGILVIE,70m,GRAMINOIDS,0,710.6480457
467,OGILVIE,70m,LICHENS,114.459,1805.444235
468,OGILVIE,90m,DECIDUOUS SHRUBS,7.988,1857.100854
469,OGILVIE,90m,EVERGREEN SHRUBS,39.401,8388.764395
470,OGILVIE,90m,FORBS,4.936,204.2238364
471,OGILVIE,90m,GRAMINOIDS,0,12.40612125
472,OGILVIE,90m,LICHENS,11.115,0
473,PAGE,10m,DECIDUOUS SHRUBS,14.694,768.621448
474,PAGE,10m,EVERGREEN SHRUBS,47.348,3068.807178
475,PAGE,10m,FORBS,1.821,874.8455417
476,PAGE,10m,GRAMINOIDS,0.913,742.232446
477,PAGE,10m,LICHENS,0.091,0
478,PAGE,30m,DECIDUOUS SHRUBS,17.78,2414.760731
479,PAGE,30m,EVERGREEN SHRUBS,26.392,1889.31896
480,PAGE,30m,FORBS,7.808,2794.895983
481,PAGE,30m,GRAMINOIDS,0,785.6573887
482,PAGE,30m,LICHENS,2.102,0
483,PAGE,50m,DECIDUOUS SHRUBS,14.099,1884.976473
484,PAGE,50m,EVERGREEN SHRUBS,21.466,2748.798734
485,PAGE,50m,FORBS,3.228,460.9724441
486,PAGE,50m,GRAMINOIDS,0,1895.331633
487,PAGE,50m,LICHENS,9.114,0
488,PAGE,70m,DECIDUOUS SHRUBS,30.677,1417.657299
489,PAGE,70m,EVERGREEN SHRUBS,6.662,5878.734832
490,PAGE,70m,FORBS,0.605,197.41646
491,PAGE,70m,GRAMINOIDS,7.003,6789.6565
492,PAGE,70m,LICHENS,0,0
493,PAGE,90m,DECIDUOUS SHRUBS,14.913,2212.667711
494,PAGE,90m,EVERGREEN SHRUBS,50.91,3663.394804
495,PAGE,90m,FORBS,0.865,475.0020411
496,PAGE,90m,GRAMINOIDS,3.681,2652.929853
497,PAGE,90m,LICHENS,0,0
498,PEDRO,10m,DECIDUOUS SHRUBS,111.401,32243.7566
499,PEDRO,10m,EVERGREEN SHRUBS,5.839,2047.656736
500,PEDRO,10m,FORBS,0.834,3651.837731
501,PEDRO,10m,GRAMINOIDS,0.626,63.43422318
502,PEDRO,10m,LICHENS,1.699,0
503,PEDRO,30m,DECIDUOUS SHRUBS,115.055,169408.5637
504,PEDRO,30m,EVERGREEN SHRUBS,45.469,4252.066441
505,PEDRO,30m,FORBS,2.261,1063.439484
506,PEDRO,30m,GRAMINOIDS,0.385,85.70668411
507,PEDRO,30m,LICHENS,0,0
508,PEDRO,50m,DECIDUOUS SHRUBS,108.634,50141.22943
509,PEDRO,50m,EVERGREEN SHRUBS,44.53,23433.44771
510,PEDRO,50m,FORBS,1.918,1593.749596
511,PEDRO,50m,GRAMINOIDS,0.897,1228.932348
512,PEDRO,50m,LICHENS,0,0
513,PEDRO,70m,DECIDUOUS SHRUBS,244.621,241128.1432
514,PEDRO,70m,EVERGREEN SHRUBS,128.559,22254.41723
515,PEDRO,70m,FORBS,4.918,15018.40479
516,PEDRO,70m,GRAMINOIDS,0.28,609.8143311
517,PEDRO,70m,LICHENS,0,0
518,PEDRO,90m,DECIDUOUS SHRUBS,258.018,76075.9591
519,PEDRO,90m,EVERGREEN SHRUBS,0.954,4550.630199
520,PEDRO,90m,FORBS,1.534,1234.570946
521,PEDRO,90m,GRAMINOIDS,1.034,0
522,PEDRO,90m,LICHENS,5.067,0
523,PINNELL,10m,DECIDUOUS SHRUBS,17.019,289.9807129
524,PINNELL,10m,EVERGREEN SHRUBS,19.577,2321.375121
525,PINNELL,10m,FORBS,0.097,6.11773634
526,PINNELL,10m,GRAMINOIDS,0.34,387.2527188
527,PINNELL,10m,LICHENS,93.693,1260.865498
528,PINNELL,30m,DECIDUOUS SHRUBS,3.281,51.69487381
529,PINNELL,30m,EVERGREEN SHRUBS,0.843,641.7505611
530,PINNELL,30m,FORBS,0.463,0
531,PINNELL,30m,GRAMINOIDS,0.819,1305.830865
532,PINNELL,30m,LICHENS,92.352,480.2423227
533,PINNELL,50m,DECIDUOUS SHRUBS,32.228,1687.577625
534,PINNELL,50m,EVERGREEN SHRUBS,17.324,1980.617199
535,PINNELL,50m,FORBS,0,0
536,PINNELL,50m,GRAMINOIDS,0.447,479.9364339
537,PINNELL,50m,LICHENS,11.935,55.97728652
538,PINNELL,70m,DECIDUOUS SHRUBS,69.369,7256.553156
539,PINNELL,70m,EVERGREEN SHRUBS,7.123,1916.380967
540,PINNELL,70m,FORBS,0,56.89495087
541,PINNELL,70m,GRAMINOIDS,2.185,437.1122764
542,PINNELL,70m,LICHENS,69.223,970.578894
543,PINNELL,90m,DECIDUOUS SHRUBS,0,186.2850747
544,PINNELL,90m,EVERGREEN SHRUBS,33.756,4196.318751
545,PINNELL,90m,FORBS,0.127,24.77683258
546,PINNELL,90m,GRAMINOIDS,0.209,936.3989699
547,PINNELL,90m,LICHENS,42.876,974.9770127
548,PORCUPINECREEK,10m,DECIDUOUS SHRUBS,42.284,3271.241776
549,PORCUPINECREEK,10m,EVERGREEN SHRUBS,10.071,4282.616847
550,PORCUPINECREEK,10m,FORBS,0,0
551,PORCUPINECREEK,10m,GRAMINOIDS,4.182,1870.504097
552,PORCUPINECREEK,10m,LICHENS,15.356,811.1101389
553,PORCUPINECREEK,30m,DECIDUOUS SHRUBS,70.604,23948.7803
554,PORCUPINECREEK,30m,EVERGREEN SHRUBS,101.454,6314.672907
555,PORCUPINECREEK,30m,FORBS,0,0
556,PORCUPINECREEK,30m,GRAMINOIDS,2.342,837.911377
557,PORCUPINECREEK,30m,LICHENS,5.05,513.3184357
558,PORCUPINECREEK,50m,DECIDUOUS SHRUBS,20.533,1754.737572
559,PORCUPINECREEK,50m,EVERGREEN SHRUBS,18.582,5419.808895
560,PORCUPINECREEK,50m,FORBS,0,0
561,PORCUPINECREEK,50m,GRAMINOIDS,3.498,2285.923507
562,PORCUPINECREEK,50m,LICHENS,5.559,661.0975597
563,PORCUPINECREEK,70m,DECIDUOUS SHRUBS,20.138,6206.351143
564,PORCUPINECREEK,70m,EVERGREEN SHRUBS,15.602,5426.509175
565,PORCUPINECREEK,70m,FORBS,0.135,0
566,PORCUPINECREEK,70m,GRAMINOIDS,4.849,2968.983221
567,PORCUPINECREEK,70m,LICHENS,0,0
568,PORCUPINECREEK,90m,DECIDUOUS SHRUBS,17.443,2533.835081
569,PORCUPINECREEK,90m,EVERGREEN SHRUBS,11.902,4872.988866
570,PORCUPINECREEK,90m,FORBS,0.038,0
571,PORCUPINECREEK,90m,GRAMINOIDS,2.885,3979.986015
572,PORCUPINECREEK,90m,LICHENS,6.921,878.8577456
573,PRINDLE,10m,DECIDUOUS SHRUBS,0,13.08911705
574,PRINDLE,10m,EVERGREEN SHRUBS,58.33,1874.823541
575,PRINDLE,10m,FORBS,1.6,23.86839032
576,PRINDLE,10m,GRAMINOIDS,0.81,4.619688392
577,PRINDLE,10m,LICHENS,46.16,417.3118541
578,PRINDLE,30m,FORBS,1.2,7.31450671
579,PRINDLE,30m,GRAMINOIDS,2.22,2939.276735
580,PRINDLE,30m,LICHENS,102.02,803.8257868
581,PRINDLE,50m,DECIDUOUS SHRUBS,0,83.53936446
582,PRINDLE,50m,EVERGREEN SHRUBS,37.81,4549.238143
583,PRINDLE,50m,FORBS,3.77,11.54922104
584,PRINDLE,50m,GRAMINOIDS,0.99,950.8858591
585,PRINDLE,50m,LICHENS,51.61,958.9703248
586,PRINDLE,70m,DECIDUOUS SHRUBS,0,112.0424156
587,PRINDLE,70m,EVERGREEN SHRUBS,21.96,2223.973767
588,PRINDLE,70m,FORBS,7.53,10.03806973
589,PRINDLE,70m,GRAMINOIDS,1.07,1746.584495
590,PRINDLE,70m,LICHENS,68.95,658.6087066
591,PRINDLE,90m,DECIDUOUS SHRUBS,0,205.9611149
592,PRINDLE,90m,EVERGREEN SHRUBS,24.91,6620.013487
593,PRINDLE,90m,FORBS,0.68,216.7403812
594,PRINDLE,90m,GRAMINOIDS,2.96,3273.049253
595,PRINDLE,90m,LICHENS,51.62,885.4402723
596,QUARTZ02,10m,DECIDUOUS SHRUBS,0,0
597,QUARTZ02,10m,EVERGREEN SHRUBS,78.01,2031.537258
598,QUARTZ02,10m,FORBS,0,0
599,QUARTZ02,10m,GRAMINOIDS,0,566.1063067
600,QUARTZ02,10m,LICHENS,74.99,3205.098136
601,QUARTZ02,30m,FORBS,0,0
602,QUARTZ02,30m,GRAMINOIDS,0.27,704.4405589
603,QUARTZ02,30m,LICHENS,176.17,5602.385066
604,QUARTZ02,50m,FORBS,0,0
605,QUARTZ02,50m,GRAMINOIDS,0.53,2722.296416
606,QUARTZ02,50m,LICHENS,108.32,1345.642603
607,QUARTZ02,70m,DECIDUOUS SHRUBS,0,23.71444273
608,QUARTZ02,70m,EVERGREEN SHRUBS,24.31,2109.977322
609,QUARTZ02,70m,FORBS,1.69,59.59013939
610,QUARTZ02,70m,GRAMINOIDS,2.79,558.2014942
611,QUARTZ02,70m,LICHENS,148.05,3642.295159
612,QUARTZ02,90m,FORBS,1.39,0
613,QUARTZ02,90m,GRAMINOIDS,0.38,0
614,QUARTZ02,90m,LICHENS,18.32,1526.541241
615,SCHAR,10m,DECIDUOUS SHRUBS,57.63,11186.13829
616,SCHAR,10m,EVERGREEN SHRUBS,54.25,5616.913577
617,SCHAR,10m,FORBS,0.16,0
618,SCHAR,10m,GRAMINOIDS,1.69,854.9400258
619,SCHAR,10m,LICHENS,9.29,61.14955759
620,SCHAR,30m,DECIDUOUS SHRUBS,127.83,45329.89656
621,SCHAR,30m,EVERGREEN SHRUBS,132.12,8414.409657
622,SCHAR,30m,FORBS,0,0
623,SCHAR,30m,GRAMINOIDS,0,0
624,SCHAR,30m,LICHENS,0,0
625,SCHAR,50m,EVERGREEN SHRUBS,63.8,6334.940161
626,SCHAR,50m,FORBS,0,0
627,SCHAR,50m,GRAMINOIDS,0.88,0
628,SCHAR,50m,LICHENS,3.92,0
629,SCHAR,70m,DECIDUOUS SHRUBS,66.29,6785.677744
630,SCHAR,70m,EVERGREEN SHRUBS,0,2399.83163
631,SCHAR,70m,FORBS,0,0
632,SCHAR,70m,GRAMINOIDS,4.07,1161.456968
633,SCHAR,70m,LICHENS,13.39,773.7918579
634,SCHAR,90m,FORBS,0,0
635,SCHAR,90m,GRAMINOIDS,2.26,673.4142904
636,SCHAR,90m,LICHENS,11.22,453.0451391
637,SEELA,10m,DECIDUOUS SHRUBS,12.43,0
638,SEELA,10m,EVERGREEN SHRUBS,13.577,2728.377607
639,SEELA,10m,FORBS,0.084,20.17699146
640,SEELA,10m,GRAMINOIDS,1.053,823.5201754
641,SEELA,10m,LICHENS,1.427,0
642,SEELA,30m,DECIDUOUS SHRUBS,0.063,48.20059109
643,SEELA,30m,EVERGREEN SHRUBS,16.523,4068.652993
644,SEELA,30m,FORBS,0.589,3.362831831
645,SEELA,30m,GRAMINOIDS,0.433,1116.460191
646,SEELA,30m,LICHENS,0.285,120.6882995
647,SEELA,50m,DECIDUOUS SHRUBS,0,240.6293039
648,SEELA,50m,EVERGREEN SHRUBS,68.839,4375.044336
649,SEELA,50m,FORBS,2.843,0
650,SEELA,50m,GRAMINOIDS,0.09,916.9321651
651,SEELA,50m,LICHENS,13.162,195.0442504
652,SEELA,70m,DECIDUOUS SHRUBS,1.04,78.83972454
653,SEELA,70m,EVERGREEN SHRUBS,10.039,1540.550669
654,SEELA,70m,FORBS,0.314,0
655,SEELA,70m,GRAMINOIDS,2.958,1923.913512
656,SEELA,70m,LICHENS,9.606,1673.1957
657,SEELA,90m,DECIDUOUS SHRUBS,0,31.01278305
658,SEELA,90m,EVERGREEN SHRUBS,18.217,3897.895828
659,SEELA,90m,FORBS,5.284,16.44051218
660,SEELA,90m,GRAMINOIDS,0.765,294.434618
661,SEELA,90m,LICHENS,1.456,10.46214366
662,SHEEPCREEK,10m,DECIDUOUS SHRUBS,0,10014.34844
663,SHEEPCREEK,10m,EVERGREEN SHRUBS,41.894,4886.991732
664,SHEEPCREEK,10m,FORBS,0.767,0
665,SHEEPCREEK,10m,GRAMINOIDS,0.622,1485.001776
666,SHEEPCREEK,10m,LICHENS,2.328,0
667,SHEEPCREEK,30m,DECIDUOUS SHRUBS,3.387,3311.982056
668,SHEEPCREEK,30m,EVERGREEN SHRUBS,35.942,2869.937425
669,SHEEPCREEK,30m,FORBS,0.065,0
670,SHEEPCREEK,30m,GRAMINOIDS,0.222,835.6036403
671,SHEEPCREEK,30m,LICHENS,3.549,0
672,SHEEPCREEK,50m,DECIDUOUS SHRUBS,0,175.1156979
673,SHEEPCREEK,50m,EVERGREEN SHRUBS,30.235,2280.114731
674,SHEEPCREEK,50m,FORBS,0.26,0
675,SHEEPCREEK,50m,GRAMINOIDS,3.435,3601.606415
676,SHEEPCREEK,50m,LICHENS,0.097,0
677,SHEEPCREEK,70m,DECIDUOUS SHRUBS,10.586,9.026582181
678,SHEEPCREEK,70m,EVERGREEN SHRUBS,14.879,70.14944267
679,SHEEPCREEK,70m,FORBS,0,0
680,SHEEPCREEK,70m,GRAMINOIDS,2.092,4580.345853
681,SHEEPCREEK,70m,LICHENS,2.163,0
682,SHEEPCREEK,90m,DECIDUOUS SHRUBS,3.125,550.1057284
683,SHEEPCREEK,90m,EVERGREEN SHRUBS,21.698,69.89154032
684,SHEEPCREEK,90m,FORBS,2.051,0
685,SHEEPCREEK,90m,GRAMINOIDS,1.09,2260.514159
686,SHEEPCREEK,90m,LICHENS,1.482,22.1796031
687,SIXTYMILE,10m,FORBS,0,0
688,SIXTYMILE,10m,LICHENS,7.44,99.2358551
689,SIXTYMILE,50m,FORBS,0,0
690,SIXTYMILE,50m,GRAMINOIDS,0.59,15.39866734
691,SIXTYMILE,50m,LICHENS,73.09,41.6334343
692,SIXTYMILE,70m,FORBS,0,59.88370413
693,SIXTYMILE,70m,GRAMINOIDS,0,53.03985596
694,SIXTYMILE,70m,LICHENS,40.21,29.65669191
695,SIXTYMILE,90m,FORBS,0,165.3930931
696,SIXTYMILE,90m,GRAMINOIDS,0.9,2584.124466
697,SIXTYMILE,90m,LICHENS,32.35,1535.874497
698,SOUTHSTONEBOY,10m,DECIDUOUS SHRUBS,42.938,4179.022685
699,SOUTHSTONEBOY,10m,EVERGREEN SHRUBS,31.165,4712.999619
700,SOUTHSTONEBOY,10m,FORBS,5.396,0
701,SOUTHSTONEBOY,10m,GRAMINOIDS,1.345,1497.748323
702,SOUTHSTONEBOY,10m,LICHENS,13.05,228.7993993
703,SOUTHSTONEBOY,30m,DECIDUOUS SHRUBS,0.066,9.379770517
704,SOUTHSTONEBOY,30m,EVERGREEN SHRUBS,43.901,2607.911169
705,SOUTHSTONEBOY,30m,FORBS,0.945,0
706,SOUTHSTONEBOY,30m,GRAMINOIDS,1.906,6661.981915
707,SOUTHSTONEBOY,30m,LICHENS,4.501,145.3864436
708,SOUTHSTONEBOY,50m,DECIDUOUS SHRUBS,0,0
709,SOUTHSTONEBOY,50m,EVERGREEN SHRUBS,0,0
710,SOUTHSTONEBOY,50m,FORBS,0.317,0
711,SOUTHSTONEBOY,50m,GRAMINOIDS,0,0
712,SOUTHSTONEBOY,50m,LICHENS,1.554,0
713,SOUTHSTONEBOY,70m,DECIDUOUS SHRUBS,0,1177.831167
714,SOUTHSTONEBOY,70m,EVERGREEN SHRUBS,47.617,7303.15621
715,SOUTHSTONEBOY,70m,FORBS,6.394,153.4262389
716,SOUTHSTONEBOY,70m,GRAMINOIDS,3.112,277.708199
717,SOUTHSTONEBOY,70m,LICHENS,21.825,0
718,SOUTHSTONEBOY,90m,DECIDUOUS SHRUBS,0.697,1169.456362
719,SOUTHSTONEBOY,90m,EVERGREEN SHRUBS,22.614,1126.912407
720,SOUTHSTONEBOY,90m,FORBS,0.498,0
721,SOUTHSTONEBOY,90m,GRAMINOIDS,3.69,8775.780163
722,SOUTHSTONEBOY,90m,LICHENS,10.73,168.1658809
723,SPRINGRIVER,10m,DECIDUOUS SHRUBS,0,546.8577008
724,SPRINGRIVER,10m,EVERGREEN SHRUBS,39.26,2823.514796
725,SPRINGRIVER,10m,FORBS,1.983,541.7024202
726,SPRINGRIVER,10m,GRAMINOIDS,1.5,383.0779972
727,SPRINGRIVER,10m,LICHENS,2.304,0
728,SPRINGRIVER,30m,DECIDUOUS SHRUBS,2.882,19.82805288
729,SPRINGRIVER,30m,EVERGREEN SHRUBS,18.422,1646.521549
730,SPRINGRIVER,30m,FORBS,0.9,40.44923067
731,SPRINGRIVER,30m,GRAMINOIDS,0.119,167.7453333
732,SPRINGRIVER,30m,LICHENS,0.492,0
733,SPRINGRIVER,50m,DECIDUOUS SHRUBS,11.526,1236.477406
734,SPRINGRIVER,50m,EVERGREEN SHRUBS,13.441,2266.743052
735,SPRINGRIVER,50m,FORBS,2.622,1043.352175
736,SPRINGRIVER,50m,GRAMINOIDS,0.196,2371.038625
737,SPRINGRIVER,50m,LICHENS,0,0
738,SPRINGRIVER,70m,DECIDUOUS SHRUBS,2.632,647.9807817
739,SPRINGRIVER,70m,EVERGREEN SHRUBS,11.033,1119.09533
740,SPRINGRIVER,70m,FORBS,4.686,319.6282191
741,SPRINGRIVER,70m,GRAMINOIDS,1.908,1376.066898
742,SPRINGRIVER,70m,LICHENS,1.335,0
743,SPRINGRIVER,90m,DECIDUOUS SHRUBS,0.428,103.5024395
744,SPRINGRIVER,90m,EVERGREEN SHRUBS,25.624,2426.528799
745,SPRINGRIVER,90m,FORBS,4.169,96.36433911
746,SPRINGRIVER,90m,GRAMINOIDS,0.434,1559.379648
747,SPRINGRIVER,90m,LICHENS,3.687,185.1940168
748,STONE01,10m,FORBS,0,3.775351286
749,STONE01,10m,GRAMINOIDS,2.36,418.434765
750,STONE01,10m,LICHENS,7.75,73.61935073
751,STONE01,30m,FORBS,0,0
752,STONE01,30m,GRAMINOIDS,8.55,1279.529476
753,STONE01,30m,LICHENS,0,577.628751
754,STONE01,50m,FORBS,0.38,87.46230698
755,STONE01,50m,GRAMINOIDS,1.93,1253.102021
756,STONE01,50m,LICHENS,2.11,537.6729488
757,STONE01,70m,FORBS,0,63.5517478
758,STONE01,70m,GRAMINOIDS,2.68,2985.359034
759,STONE01,70m,LICHENS,2.24,615.6968729
760,STONE01,90m,FORBS,0,0
761,STONE01,90m,GRAMINOIDS,6.15,634.2711168
762,STONE01,90m,LICHENS,6.6,172.0930955
763,STONE02,10m,FORBS,0.09,48.87230492
764,STONE02,10m,GRAMINOIDS,4.14,156.6317352
765,STONE02,10m,LICHENS,0.08,0
766,STONE02,30m,FORBS,0.05,0
767,STONE02,30m,GRAMINOIDS,1.29,781.1556931
768,STONE02,30m,LICHENS,0.68,0
769,STONE02,50m,DECIDUOUS SHRUBS,15.58,245.1627131
770,STONE02,50m,EVERGREEN SHRUBS,0,805.5918548
771,STONE02,50m,FORBS,0,0
772,STONE02,50m,GRAMINOIDS,6.87,2097.102602
773,STONE02,50m,LICHENS,0,0
774,STONE02,70m,FORBS,0,0
775,STONE02,70m,GRAMINOIDS,5.39,4835.15345
776,STONE02,70m,LICHENS,1.32,4.807111979
777,STONE02,90m,FORBS,0,0
778,STONE02,90m,GRAMINOIDS,4.73,1689.299286
779,STONE02,90m,LICHENS,4,39.25807953
780,SWEDE,10m,DECIDUOUS SHRUBS,2.101,5878.602484
781,SWEDE,10m,EVERGREEN SHRUBS,55.46,12953.62599
782,SWEDE,10m,FORBS,0.502,410.1071539
783,SWEDE,10m,GRAMINOIDS,1.545,5834.201757
784,SWEDE,10m,LICHENS,18.305,168.0029292
785,SWEDE,30m,DECIDUOUS SHRUBS,12.253,495.3086414
786,SWEDE,30m,EVERGREEN SHRUBS,45.867,6553.314342
787,SWEDE,30m,FORBS,1.205,1204.521021
788,SWEDE,30m,GRAMINOIDS,1.6,4691.48183
789,SWEDE,30m,LICHENS,39.756,3129.054576
790,SWEDE,50m,DECIDUOUS SHRUBS,15.494,4914.385735
791,SWEDE,50m,EVERGREEN SHRUBS,54.003,4938.986167
792,SWEDE,50m,FORBS,3.998,3973.569326
793,SWEDE,50m,GRAMINOIDS,3.571,1329.923196
794,SWEDE,50m,LICHENS,0.457,693.0120817
795,SWEDE,70m,DECIDUOUS SHRUBS,8.357,5988.104435
796,SWEDE,70m,EVERGREEN SHRUBS,11.699,6793.918474
797,SWEDE,70m,FORBS,0.545,6230.208647
798,SWEDE,70m,GRAMINOIDS,3.146,5617.898002
799,SWEDE,70m,LICHENS,0,12.90022564
800,SWEDE,90m,DECIDUOUS SHRUBS,14.466,2802.648907
801,SWEDE,90m,EVERGREEN SHRUBS,27.039,4481.178184
802,SWEDE,90m,FORBS,1.362,5828.501649
803,SWEDE,90m,GRAMINOIDS,1.254,1274.122242
804,SWEDE,90m,LICHENS,5.105,565.2098616
805,THISTLE,10m,DECIDUOUS SHRUBS,1.371,43.70721245
806,THISTLE,10m,EVERGREEN SHRUBS,24.032,2737.329802
807,THISTLE,10m,FORBS,4.628,1877.092375
808,THISTLE,10m,GRAMINOIDS,3.416,4569.059388
809,THISTLE,10m,LICHENS,56.449,4172.714399
810,THISTLE,30m,DECIDUOUS SHRUBS,30.345,5193.873791
811,THISTLE,30m,EVERGREEN SHRUBS,31.944,7636.511012
812,THISTLE,30m,FORBS,0,86.08996582
813,THISTLE,30m,GRAMINOIDS,3.023,1559.22172
814,THISTLE,30m,LICHENS,21.192,675.8062339
815,THISTLE,50m,DECIDUOUS SHRUBS,18.851,7036.199084
816,THISTLE,50m,EVERGREEN SHRUBS,31.077,8474.563745
817,THISTLE,50m,FORBS,0,270.1900473
818,THISTLE,50m,GRAMINOIDS,3.519,1677.429861
819,THISTLE,50m,LICHENS,1.543,0
820,THISTLE,70m,DECIDUOUS SHRUBS,3.117,0
821,THISTLE,70m,EVERGREEN SHRUBS,13.284,2608.525958
822,THISTLE,70m,FORBS,0.983,0
823,THISTLE,70m,GRAMINOIDS,4.381,3988.614317
824,THISTLE,70m,LICHENS,62.708,631.7679026
825,THISTLE,90m,DECIDUOUS SHRUBS,7.935,51.98509318
826,THISTLE,90m,EVERGREEN SHRUBS,1.374,650.6414606
827,THISTLE,90m,FORBS,2.887,21.19137573
828,THISTLE,90m,GRAMINOIDS,2.113,163.2398171
829,THISTLE,90m,LICHENS,61.057,1706.899121
830,TOPOFTHEWORLD,10m,FORBS,0,0
831,TOPOFTHEWORLD,10m,GRAMINOIDS,2.74,6.857886791
832,TOPOFTHEWORLD,10m,LICHENS,46.86,13520.50502
833,TOPOFTHEWORLD,30m,FORBS,0.54,0
834,TOPOFTHEWORLD,30m,GRAMINOIDS,0.3,0
835,TOPOFTHEWORLD,30m,LICHENS,0,0
836,TOPOFTHEWORLD,50m,FORBS,0,0
837,TOPOFTHEWORLD,50m,GRAMINOIDS,0,0
838,TOPOFTHEWORLD,70m,FORBS,0.39,0
839,TOPOFTHEWORLD,70m,GRAMINOIDS,0,0
840,TOPOFTHEWORLD,70m,LICHENS,3.71,0
841,TOPOFTHEWORLD,90m,FORBS,0,0
842,TOPOFTHEWORLD,90m,GRAMINOIDS,2.76,277.9249053
843,TOPOFTHEWORLD,90m,LICHENS,23.92,8392.971089
844,TOWYK,10m,FORBS,0,0
845,TOWYK,10m,GRAMINOIDS,0.28,0
846,TOWYK,10m,LICHENS,15.87,53.0278759
847,TOWYK,30m,FORBS,0,0
848,TOWYK,30m,GRAMINOIDS,0.64,0
849,TOWYK,30m,LICHENS,9.84,50.17691612
850,TOWYK,50m,FORBS,0,0
851,TOWYK,50m,GRAMINOIDS,0.29,0
852,TOWYK,50m,LICHENS,10.47,11.40384436
853,TOWYK,70m,DECIDUOUS SHRUBS,0,935.6854162
854,TOWYK,70m,EVERGREEN SHRUBS,32.59,2608.059182
855,TOWYK,70m,FORBS,0,0
856,TOWYK,70m,GRAMINOIDS,0.34,0
857,TOWYK,70m,LICHENS,33.48,87.23940992
858,TOWYK,90m,FORBS,0,0
859,TOWYK,90m,GRAMINOIDS,0.37,0
860,TOWYK,90m,LICHENS,3.67,14.8249979
861,TWELVEMILE,0m,FORBS,0,0
862,TWELVEMILE,0m,GRAMINOIDS,2.29,0
863,TWELVEMILE,0m,LICHENS,259.57,2768.254545
864,TWELVEMILE,10m,FORBS,0,0
865,TWELVEMILE,10m,GRAMINOIDS,3.25,1078.084161
866,TWELVEMILE,10m,LICHENS,172.91,3766.263615
867,TWELVEMILE,30m,DECIDUOUS SHRUBS,103.29,28414.15805
868,TWELVEMILE,30m,EVERGREEN SHRUBS,17.31,16.4056282
869,TWELVEMILE,30m,FORBS,0,0
870,TWELVEMILE,30m,GRAMINOIDS,0.97,23.43661118
871,TWELVEMILE,30m,LICHENS,189.95,1172.611822
872,TWELVEMILE,50m,FORBS,0,0
873,TWELVEMILE,50m,GRAMINOIDS,2.56,173.0403194
874,TWELVEMILE,90m,FORBS,0,0
875,TWELVEMILE,90m,GRAMINOIDS,0,292.875104
876,TWELVEMILE,90m,LICHENS,110.05,1493.399605
877,UPPERPALDO,10m,FORBS,0.23,0
878,UPPERPALDO,10m,GRAMINOIDS,0.81,0
879,UPPERPALDO,10m,LICHENS,5.53,19.68306506
880,UPPERPALDO,30m,DECIDUOUS SHRUBS,0,4.920766354
881,UPPERPALDO,30m,EVERGREEN SHRUBS,7.3,997.2752908
882,UPPERPALDO,30m,FORBS,0,0
883,UPPERPALDO,30m,GRAMINOIDS,2.72,1082.568571
884,UPPERPALDO,30m,LICHENS,43.84,75.04168653
885,UPPERPALDO,50m,DECIDUOUS SHRUBS,99.01,21919.14303
886,UPPERPALDO,50m,FORBS,0,0
887,UPPERPALDO,50m,GRAMINOIDS,4.34,221.024415
888,UPPERPALDO,50m,LICHENS,6.52,0
889,UPPERPALDO,70m,DECIDUOUS SHRUBS,164.04,42336.63226
890,UPPERPALDO,70m,EVERGREEN SHRUBS,0.66,772.1502371
891,UPPERPALDO,70m,FORBS,0.25,0
892,UPPERPALDO,70m,GRAMINOIDS,4.49,173.4570131
893,UPPERPALDO,70m,LICHENS,7.25,0
894,UPPERPALDO,90m,FORBS,0.23,0
895,UPPERPALDO,90m,GRAMINOIDS,1.61,488.7961189
896,UPPERPALDO,90m,LICHENS,6.81,78.32219803
897,UPPERQUARRY,10m,DECIDUOUS SHRUBS,6.22,60.74279594
898,UPPERQUARRY,10m,EVERGREEN SHRUBS,20.73,6991.423834
899,UPPERQUARRY,10m,FORBS,0,0
900,UPPERQUARRY,10m,GRAMINOIDS,7.936,26857.43937
901,UPPERQUARRY,10m,LICHENS,28.006,405.0320034
902,UPPERQUARRY,30m,DECIDUOUS SHRUBS,3.759,201.6756855
903,UPPERQUARRY,30m,EVERGREEN SHRUBS,18.353,1765.38254
904,UPPERQUARRY,30m,FORBS,0.199,0
905,UPPERQUARRY,30m,GRAMINOIDS,12.412,5463.970599
906,UPPERQUARRY,30m,LICHENS,0.32,12.24459457
907,UPPERQUARRY,50m,DECIDUOUS SHRUBS,4.749,869.3662632
908,UPPERQUARRY,50m,EVERGREEN SHRUBS,28.166,3045.542965
909,UPPERQUARRY,50m,FORBS,0,0
910,UPPERQUARRY,50m,LICHENS,18.873,269.3810959
911,UPPERQUARRY,70m,DECIDUOUS SHRUBS,7.6,162.0322251
912,UPPERQUARRY,70m,EVERGREEN SHRUBS,8.043,953.5560058
913,UPPERQUARRY,70m,FORBS,0,0
914,UPPERQUARRY,70m,GRAMINOIDS,5.047,8661.552096
915,UPPERQUARRY,70m,LICHENS,7.315,116.1066669
916,UPPERQUARRY,90m,DECIDUOUS SHRUBS,4.823,44.41666889
917,UPPERQUARRY,90m,EVERGREEN SHRUBS,29.907,3279.630825
918,UPPERQUARRY,90m,FORBS,0,0
919,UPPERQUARRY,90m,GRAMINOIDS,6.166,8219.484711
920,UPPERQUARRY,90m,LICHENS,22.172,115.2432513
921,WHEATEAR,10m,DECIDUOUS SHRUBS,0.796,0
922,WHEATEAR,10m,EVERGREEN SHRUBS,35.918,2540.80035
923,WHEATEAR,10m,FORBS,0.519,3.919778347
924,WHEATEAR,10m,GRAMINOIDS,1.103,1142.223429
925,WHEATEAR,10m,LICHENS,23.411,1174.365601
926,WHEATEAR,30m,DECIDUOUS SHRUBS,0.203,2.351866961
927,WHEATEAR,30m,EVERGREEN SHRUBS,26.358,1989.287538
928,WHEATEAR,30m,FORBS,0,39.19778305
929,WHEATEAR,30m,GRAMINOIDS,3.111,1124.976405
930,WHEATEAR,30m,LICHENS,19.16,253.2176841
931,WHEATEAR,50m,DECIDUOUS SHRUBS,0,0
932,WHEATEAR,50m,EVERGREEN SHRUBS,6.314,917.2281487
933,WHEATEAR,50m,FORBS,0.869,5.095711946
934,WHEATEAR,50m,GRAMINOIDS,0.277,76.04370308
935,WHEATEAR,50m,LICHENS,3.571,103.8741266
936,WHEATEAR,70m,DECIDUOUS SHRUBS,4.928,0
937,WHEATEAR,70m,EVERGREEN SHRUBS,2.108,685.9612162
938,WHEATEAR,70m,FORBS,1.496,0
939,WHEATEAR,70m,GRAMINOIDS,9.636,9525.06154
940,WHEATEAR,70m,LICHENS,2.194,35.27800608
941,WHEATEAR,90m,DECIDUOUS SHRUBS,0,0
942,WHEATEAR,90m,EVERGREEN SHRUBS,0,0
943,WHEATEAR,90m,FORBS,2.101,50.95711887
944,WHEATEAR,90m,GRAMINOIDS,0.494,0
945,WHEATEAR,90m,LICHENS,0,0
946,WICKERSHAM,60m,FORBS,0,0
947,WICKERSHAM,60m,GRAMINOIDS,0,0
948,WICKERSHAM,60m,LICHENS,5.7,12.39216238
