"site_code","quadrat_num","PFT","cover_observed","cover_predicted"
"AMSUMMIT","0m","DECIDUOUS SHRUBS",8,8.75
"AMSUMMIT","0m","EVERGREEN SHRUBS",12,1.18
"AMSUMMIT","0m","FORBS",0.01,7.25
"AMSUMMIT","0m","GRAMINOIDS",50,65.48
"AMSUMMIT","0m","LICHENS",0.01,0
"AMSUMMIT","10m","DECIDUOUS SHRUBS",0,2.43
"AMSUMMIT","10m","EVERGREEN SHRUBS",0.01,0.74
"AMSUMMIT","10m","FORBS",10,0.6
"AMSUMMIT","10m","GRAMINOIDS",85,90.02
"AMSUMMIT","10m","LICHENS",0.01,0
"AMSUMMIT","20m","DECIDUOUS SHRUBS",0,1.99
"AMSUMMIT","20m","EVERGREEN SHRUBS",0,0.78
"AMSUMMIT","20m","FORBS",10,3.35
"AMSUMMIT","20m","GRAMINOIDS",80,89.24
"AMSUMMIT","20m","LICHENS",0,0
"AMSUMMIT","30m","DECIDUOUS SHRUBS",0,1.63
"AMSUMMIT","30m","EVERGREEN SHRUBS",0.01,0.27
"AMSUMMIT","30m","FORBS",2.5,0
"AMSUMMIT","30m","GRAMINOIDS",92.51,89.1
"AMSUMMIT","30m","LICHENS",0,0
"AMSUMMIT","40m","DECIDUOUS SHRUBS",0,1.16
"AMSUMMIT","40m","EVERGREEN SHRUBS",0,1.52
"AMSUMMIT","40m","FORBS",20.02,0.22
"AMSUMMIT","40m","GRAMINOIDS",75,93.77
"AMSUMMIT","40m","LICHENS",0,0
"AMSUMMIT","50m","DECIDUOUS SHRUBS",30,21.4
"AMSUMMIT","50m","EVERGREEN SHRUBS",0,0
"AMSUMMIT","50m","FORBS",0.01,3.03
"AMSUMMIT","50m","GRAMINOIDS",25,24.94
"AMSUMMIT","50m","LICHENS",5.01,0
"AMSUMMIT","60m","DECIDUOUS SHRUBS",25,62.07
"AMSUMMIT","60m","EVERGREEN SHRUBS",0,0.22
"AMSUMMIT","60m","FORBS",15,1.09
"AMSUMMIT","60m","GRAMINOIDS",45,28.6
"AMSUMMIT","60m","LICHENS",0.01,0
"AMSUMMIT","70m","DECIDUOUS SHRUBS",0.01,13.08
"AMSUMMIT","70m","EVERGREEN SHRUBS",0,0.25
"AMSUMMIT","70m","FORBS",40,5.36
"AMSUMMIT","70m","GRAMINOIDS",60,74.08
"AMSUMMIT","70m","LICHENS",0,0
"AMSUMMIT","80m","DECIDUOUS SHRUBS",30,22.62
"AMSUMMIT","80m","EVERGREEN SHRUBS",0,0
"AMSUMMIT","80m","FORBS",0.01,0.07
"AMSUMMIT","80m","GRAMINOIDS",10,55.99
"AMSUMMIT","80m","LICHENS",0.01,0
"AMSUMMIT","90m","DECIDUOUS SHRUBS",25,43.95
"AMSUMMIT","90m","EVERGREEN SHRUBS",0,0.25
"AMSUMMIT","90m","FORBS",15,2.28
"AMSUMMIT","90m","GRAMINOIDS",60,45.72
"AMSUMMIT","90m","LICHENS",0,0
"AUFEIS","0m","DECIDUOUS SHRUBS",4,1.48
"AUFEIS","0m","EVERGREEN SHRUBS",1,17.95
"AUFEIS","0m","FORBS",1,2.13
"AUFEIS","0m","GRAMINOIDS",84,57.69
"AUFEIS","0m","LICHENS",0.01,0
"AUFEIS","10m","DECIDUOUS SHRUBS",10,1.82
"AUFEIS","10m","EVERGREEN SHRUBS",4,20.3
"AUFEIS","10m","FORBS",4,1.34
"AUFEIS","10m","GRAMINOIDS",70,64.36
"AUFEIS","10m","LICHENS",1,0
"AUFEIS","20m","DECIDUOUS SHRUBS",12,0.99
"AUFEIS","20m","EVERGREEN SHRUBS",5,11.8
"AUFEIS","20m","FORBS",8,0.18
"AUFEIS","20m","GRAMINOIDS",51,40.15
"AUFEIS","20m","LICHENS",0,0
"AUFEIS","30m","DECIDUOUS SHRUBS",9,1.62
"AUFEIS","30m","EVERGREEN SHRUBS",4,16.31
"AUFEIS","30m","FORBS",2,0.83
"AUFEIS","30m","GRAMINOIDS",76,65.57
"AUFEIS","30m","LICHENS",1,0
"AUFEIS","40m","DECIDUOUS SHRUBS",2,1.09
"AUFEIS","40m","EVERGREEN SHRUBS",1,8.66
"AUFEIS","40m","FORBS",8,1.59
"AUFEIS","40m","GRAMINOIDS",85,79.05
"AUFEIS","40m","LICHENS",0,0
"AUFEIS","50m","DECIDUOUS SHRUBS",12,1.41
"AUFEIS","50m","EVERGREEN SHRUBS",6,17.74
"AUFEIS","50m","FORBS",16.01,0.9
"AUFEIS","50m","GRAMINOIDS",60,53.52
"AUFEIS","50m","LICHENS",0,0
"AUFEIS","60m","DECIDUOUS SHRUBS",8,10.81
"AUFEIS","60m","EVERGREEN SHRUBS",3,3.93
"AUFEIS","60m","FORBS",19,0
"AUFEIS","60m","GRAMINOIDS",60,70.04
"AUFEIS","60m","LICHENS",0,0
"AUFEIS","70m","DECIDUOUS SHRUBS",2,0.83
"AUFEIS","70m","EVERGREEN SHRUBS",8,22.06
"AUFEIS","70m","FORBS",5,0.35
"AUFEIS","70m","GRAMINOIDS",60,27.58
"AUFEIS","70m","LICHENS",2,0
"AUFEIS","80m","DECIDUOUS SHRUBS",8,0.3
"AUFEIS","80m","EVERGREEN SHRUBS",1,10.51
"AUFEIS","80m","FORBS",7.01,3.37
"AUFEIS","80m","GRAMINOIDS",49,69.5
"AUFEIS","80m","LICHENS",0,0
"AUFEIS","90m","DECIDUOUS SHRUBS",5,2.82
"AUFEIS","90m","EVERGREEN SHRUBS",2,3.77
"AUFEIS","90m","FORBS",9,0.76
"AUFEIS","90m","GRAMINOIDS",70,77.36
"AUFEIS","90m","LICHENS",0,0
"BABBAGE","0m","DECIDUOUS SHRUBS",59.01,28.04
"BABBAGE","0m","EVERGREEN SHRUBS",20.01,48.34
"BABBAGE","0m","FORBS",3.03,9.16
"BABBAGE","0m","GRAMINOIDS",12,11.58
"BABBAGE","0m","LICHENS",0.02,0
"BABBAGE","10m","DECIDUOUS SHRUBS",8,11.78
"BABBAGE","10m","EVERGREEN SHRUBS",26,31.5
"BABBAGE","10m","FORBS",4.02,3.86
"BABBAGE","10m","GRAMINOIDS",50,49.04
"BABBAGE","10m","LICHENS",0.02,0
"BABBAGE","20m","DECIDUOUS SHRUBS",26,14.25
"BABBAGE","20m","EVERGREEN SHRUBS",34,42.42
"BABBAGE","20m","FORBS",6.02,7.09
"BABBAGE","20m","GRAMINOIDS",8,29.11
"BABBAGE","20m","LICHENS",1,0
"BABBAGE","30m","DECIDUOUS SHRUBS",47.01,38.36
"BABBAGE","30m","EVERGREEN SHRUBS",4,8.24
"BABBAGE","30m","FORBS",20.03,19.58
"BABBAGE","30m","GRAMINOIDS",6,19.99
"BABBAGE","30m","LICHENS",0.02,0
"BABBAGE","40m","DECIDUOUS SHRUBS",24,8.16
"BABBAGE","40m","EVERGREEN SHRUBS",37,61.6
"BABBAGE","40m","FORBS",9.02,1.47
"BABBAGE","40m","GRAMINOIDS",12,17.96
"BABBAGE","40m","LICHENS",0.03,0
"BABBAGE","50m","DECIDUOUS SHRUBS",54,55.66
"BABBAGE","50m","EVERGREEN SHRUBS",24,24.36
"BABBAGE","50m","FORBS",0.02,3.5
"BABBAGE","50m","GRAMINOIDS",18.01,9.12
"BABBAGE","50m","LICHENS",0.03,0
"BABBAGE","60m","DECIDUOUS SHRUBS",7,0.32
"BABBAGE","60m","EVERGREEN SHRUBS",9,9.24
"BABBAGE","60m","FORBS",2,0
"BABBAGE","60m","GRAMINOIDS",82,89.94
"BABBAGE","60m","LICHENS",0,0
"BABBAGE","70m","DECIDUOUS SHRUBS",43.01,34.89
"BABBAGE","70m","EVERGREEN SHRUBS",46,42.58
"BABBAGE","70m","FORBS",0.03,2.03
"BABBAGE","70m","GRAMINOIDS",2,1.83
"BABBAGE","70m","LICHENS",2.02,0
"BABBAGE","80m","DECIDUOUS SHRUBS",61,51.3
"BABBAGE","80m","EVERGREEN SHRUBS",5.02,1.5
"BABBAGE","80m","FORBS",3.04,0.59
"BABBAGE","80m","GRAMINOIDS",6.01,7.54
"BABBAGE","80m","LICHENS",0.03,0
"BABBAGE","90m","DECIDUOUS SHRUBS",41,24.57
"BABBAGE","90m","EVERGREEN SHRUBS",38.01,39.13
"BABBAGE","90m","FORBS",3.04,2.36
"BABBAGE","90m","GRAMINOIDS",8,24.25
"BABBAGE","90m","LICHENS",2.01,0
"BLOWRIVER","0m","DECIDUOUS SHRUBS",29,31.74
"BLOWRIVER","0m","EVERGREEN SHRUBS",10,26.87
"BLOWRIVER","0m","FORBS",1.01,2.42
"BLOWRIVER","0m","GRAMINOIDS",30,36.36
"BLOWRIVER","0m","LICHENS",12,0
"BLOWRIVER","10m","DECIDUOUS SHRUBS",10,0.97
"BLOWRIVER","10m","EVERGREEN SHRUBS",7,15.22
"BLOWRIVER","10m","FORBS",1,0.47
"BLOWRIVER","10m","GRAMINOIDS",57,62.53
"BLOWRIVER","10m","LICHENS",0,0
"BLOWRIVER","20m","DECIDUOUS SHRUBS",6,5.9
"BLOWRIVER","20m","EVERGREEN SHRUBS",10,24.28
"BLOWRIVER","20m","FORBS",9,3.2
"BLOWRIVER","20m","GRAMINOIDS",67,59.55
"BLOWRIVER","20m","LICHENS",0,0
"BLOWRIVER","30m","DECIDUOUS SHRUBS",10,10.01
"BLOWRIVER","30m","EVERGREEN SHRUBS",5,6.06
"BLOWRIVER","30m","FORBS",0,2.87
"BLOWRIVER","30m","GRAMINOIDS",77,65.42
"BLOWRIVER","30m","LICHENS",0,0
"BLOWRIVER","40m","DECIDUOUS SHRUBS",45,46.34
"BLOWRIVER","40m","EVERGREEN SHRUBS",0,3.42
"BLOWRIVER","40m","FORBS",0,4.56
"BLOWRIVER","40m","GRAMINOIDS",35,44.56
"BLOWRIVER","40m","LICHENS",5,0
"BLOWRIVER","50m","DECIDUOUS SHRUBS",60,44.34
"BLOWRIVER","50m","EVERGREEN SHRUBS",0,0
"BLOWRIVER","50m","FORBS",0,0.03
"BLOWRIVER","50m","GRAMINOIDS",40,55.63
"BLOWRIVER","50m","LICHENS",0,0
"BLOWRIVER","60m","DECIDUOUS SHRUBS",35,74.97
"BLOWRIVER","60m","EVERGREEN SHRUBS",0,0
"BLOWRIVER","60m","FORBS",20,0.28
"BLOWRIVER","60m","GRAMINOIDS",5,24.65
"BLOWRIVER","60m","LICHENS",0,0
"BLOWRIVER","70m","DECIDUOUS SHRUBS",64,63.64
"BLOWRIVER","70m","EVERGREEN SHRUBS",0,0
"BLOWRIVER","70m","FORBS",0.01,1.7
"BLOWRIVER","70m","GRAMINOIDS",8,34.19
"BLOWRIVER","70m","LICHENS",0,0
"BLOWRIVER","80m","DECIDUOUS SHRUBS",20,20.92
"BLOWRIVER","80m","EVERGREEN SHRUBS",0,0.03
"BLOWRIVER","80m","FORBS",0.01,3.01
"BLOWRIVER","80m","GRAMINOIDS",75,75.96
"BLOWRIVER","80m","LICHENS",0,0
"BLOWRIVER","90m","DECIDUOUS SHRUBS",47,27.04
"BLOWRIVER","90m","EVERGREEN SHRUBS",3,5.76
"BLOWRIVER","90m","FORBS",0,1.89
"BLOWRIVER","90m","GRAMINOIDS",25,64.14
"BLOWRIVER","90m","LICHENS",0,0
"BROWNSCREEK","0m","DECIDUOUS SHRUBS",8,0
"BROWNSCREEK","0m","EVERGREEN SHRUBS",22,43.72
"BROWNSCREEK","0m","FORBS",0,0
"BROWNSCREEK","0m","GRAMINOIDS",3,3.67
"BROWNSCREEK","0m","LICHENS",6.02,15.7
"BROWNSCREEK","10m","DECIDUOUS SHRUBS",0,0
"BROWNSCREEK","10m","EVERGREEN SHRUBS",30,55.36
"BROWNSCREEK","10m","FORBS",0,0
"BROWNSCREEK","10m","GRAMINOIDS",4,7.45
"BROWNSCREEK","10m","LICHENS",22,13.96
"BROWNSCREEK","20m","DECIDUOUS SHRUBS",0,0
"BROWNSCREEK","20m","EVERGREEN SHRUBS",15,10.82
"BROWNSCREEK","20m","FORBS",0,0
"BROWNSCREEK","20m","GRAMINOIDS",6,2.93
"BROWNSCREEK","20m","LICHENS",25,12.56
"BROWNSCREEK","30m","DECIDUOUS SHRUBS",0,0.31
"BROWNSCREEK","30m","EVERGREEN SHRUBS",27,46.66
"BROWNSCREEK","30m","FORBS",0,0
"BROWNSCREEK","30m","GRAMINOIDS",10,8.3
"BROWNSCREEK","30m","LICHENS",15,16.08
"BROWNSCREEK","40m","DECIDUOUS SHRUBS",0,0.24
"BROWNSCREEK","40m","EVERGREEN SHRUBS",30,57.97
"BROWNSCREEK","40m","FORBS",0,0
"BROWNSCREEK","40m","GRAMINOIDS",2,6.08
"BROWNSCREEK","40m","LICHENS",15.02,10.45
"BROWNSCREEK","50m","DECIDUOUS SHRUBS",85,91.73
"BROWNSCREEK","50m","EVERGREEN SHRUBS",0,0.03
"BROWNSCREEK","50m","FORBS",0,0
"BROWNSCREEK","50m","GRAMINOIDS",0,0.12
"BROWNSCREEK","50m","LICHENS",13,0
"BROWNSCREEK","60m","DECIDUOUS SHRUBS",5,5.32
"BROWNSCREEK","60m","EVERGREEN SHRUBS",15,28.26
"BROWNSCREEK","60m","FORBS",0,0
"BROWNSCREEK","60m","GRAMINOIDS",1,3.91
"BROWNSCREEK","60m","LICHENS",8.03,18.94
"BROWNSCREEK","70m","DECIDUOUS SHRUBS",50,59.46
"BROWNSCREEK","70m","EVERGREEN SHRUBS",12,23.13
"BROWNSCREEK","70m","FORBS",0,0
"BROWNSCREEK","70m","GRAMINOIDS",5,5.29
"BROWNSCREEK","70m","LICHENS",20,1.53
"BROWNSCREEK","80m","DECIDUOUS SHRUBS",0,0.95
"BROWNSCREEK","80m","EVERGREEN SHRUBS",30,59.44
"BROWNSCREEK","80m","FORBS",0,0
"BROWNSCREEK","80m","GRAMINOIDS",2,1.59
"BROWNSCREEK","80m","LICHENS",19,10.26
"BROWNSCREEK","90m","DECIDUOUS SHRUBS",36,44.96
"BROWNSCREEK","90m","EVERGREEN SHRUBS",0,7.64
"BROWNSCREEK","90m","FORBS",0,0
"BROWNSCREEK","90m","GRAMINOIDS",15,7.97
"BROWNSCREEK","90m","LICHENS",15,8.55
"BUTLER","0m","DECIDUOUS SHRUBS",0,0
"BUTLER","0m","EVERGREEN SHRUBS",30,37.74
"BUTLER","0m","FORBS",0.03,0
"BUTLER","0m","GRAMINOIDS",1.01,14.73
"BUTLER","0m","LICHENS",24.01,23.04
"BUTLER","10m","DECIDUOUS SHRUBS",0,0.34
"BUTLER","10m","EVERGREEN SHRUBS",31,50.97
"BUTLER","10m","FORBS",0.04,0
"BUTLER","10m","GRAMINOIDS",4.01,15.89
"BUTLER","10m","LICHENS",24.04,8.47
"BUTLER","20m","DECIDUOUS SHRUBS",0,0
"BUTLER","20m","EVERGREEN SHRUBS",65.01,41.49
"BUTLER","20m","FORBS",0.02,0
"BUTLER","20m","GRAMINOIDS",5,12.7
"BUTLER","20m","LICHENS",16.05,27.49
"BUTLER","30m","DECIDUOUS SHRUBS",28.01,9.27
"BUTLER","30m","EVERGREEN SHRUBS",0.02,3.93
"BUTLER","30m","FORBS",0.02,0
"BUTLER","30m","GRAMINOIDS",34.01,34.4
"BUTLER","30m","LICHENS",15.05,8.78
"BUTLER","40m","DECIDUOUS SHRUBS",0,0
"BUTLER","40m","EVERGREEN SHRUBS",67,63.95
"BUTLER","40m","FORBS",0,0
"BUTLER","40m","GRAMINOIDS",2.01,13.44
"BUTLER","40m","LICHENS",7.03,7.03
"BUTLER","50m","DECIDUOUS SHRUBS",0,0
"BUTLER","50m","EVERGREEN SHRUBS",38.01,33.88
"BUTLER","50m","FORBS",1.02,0
"BUTLER","50m","GRAMINOIDS",1.02,9.82
"BUTLER","50m","LICHENS",6.07,8.25
"BUTLER","60m","DECIDUOUS SHRUBS",0,0
"BUTLER","60m","EVERGREEN SHRUBS",0,0.15
"BUTLER","60m","FORBS",6,0
"BUTLER","60m","GRAMINOIDS",4,0.83
"BUTLER","60m","LICHENS",28.04,17.95
"BUTLER","70m","DECIDUOUS SHRUBS",0,0
"BUTLER","70m","EVERGREEN SHRUBS",0,0
"BUTLER","70m","FORBS",0,0
"BUTLER","70m","GRAMINOIDS",3,0.95
"BUTLER","70m","LICHENS",24.02,9.12
"BUTLER","80m","DECIDUOUS SHRUBS",0,0
"BUTLER","80m","EVERGREEN SHRUBS",85.01,38.11
"BUTLER","80m","FORBS",0.01,0
"BUTLER","80m","GRAMINOIDS",1,12.52
"BUTLER","80m","LICHENS",4.05,23.29
"BUTLER","90m","DECIDUOUS SHRUBS",0,0.31
"BUTLER","90m","EVERGREEN SHRUBS",60.01,42.96
"BUTLER","90m","FORBS",0,0
"BUTLER","90m","GRAMINOIDS",1,16.42
"BUTLER","90m","LICHENS",23.05,17.61
"CALF","0m","DECIDUOUS SHRUBS",3.01,2.9
"CALF","0m","EVERGREEN SHRUBS",17.01,23.54
"CALF","0m","FORBS",7,0.74
"CALF","0m","GRAMINOIDS",68,70.82
"CALF","0m","LICHENS",0,0
"CALF","10m","DECIDUOUS SHRUBS",8.01,1.44
"CALF","10m","EVERGREEN SHRUBS",10,21.43
"CALF","10m","FORBS",0,0.37
"CALF","10m","GRAMINOIDS",68,73.49
"CALF","10m","LICHENS",4.01,0
"CALF","20m","DECIDUOUS SHRUBS",8,5.83
"CALF","20m","EVERGREEN SHRUBS",22,29.5
"CALF","20m","FORBS",5,1.44
"CALF","20m","GRAMINOIDS",35,53.23
"CALF","20m","LICHENS",0,0
"CALF","30m","DECIDUOUS SHRUBS",30,29.01
"CALF","30m","EVERGREEN SHRUBS",12,23.48
"CALF","30m","FORBS",0.01,5.43
"CALF","30m","GRAMINOIDS",54,38.78
"CALF","30m","LICHENS",0,0
"CALF","40m","DECIDUOUS SHRUBS",7,6.28
"CALF","40m","EVERGREEN SHRUBS",7,27.18
"CALF","40m","FORBS",0.01,0.59
"CALF","40m","GRAMINOIDS",65,53.38
"CALF","40m","LICHENS",3,0
"CALF","50m","DECIDUOUS SHRUBS",1,5.64
"CALF","50m","EVERGREEN SHRUBS",28,11.79
"CALF","50m","FORBS",8,1.17
"CALF","50m","GRAMINOIDS",55.01,80.28
"CALF","50m","LICHENS",0.01,0
"CALF","60m","DECIDUOUS SHRUBS",11,1.33
"CALF","60m","EVERGREEN SHRUBS",0,2.05
"CALF","60m","FORBS",3,1.44
"CALF","60m","GRAMINOIDS",73,82.11
"CALF","60m","LICHENS",1,0
"CALF","70m","DECIDUOUS SHRUBS",25.01,10.24
"CALF","70m","EVERGREEN SHRUBS",0,7.5
"CALF","70m","FORBS",0,0.75
"CALF","70m","GRAMINOIDS",67,73.9
"CALF","70m","LICHENS",0,0
"CALF","80m","DECIDUOUS SHRUBS",32,16.55
"CALF","80m","EVERGREEN SHRUBS",0,10.14
"CALF","80m","FORBS",4.01,6.04
"CALF","80m","GRAMINOIDS",50,62.29
"CALF","80m","LICHENS",0,0
"CALF","90m","DECIDUOUS SHRUBS",19,1.04
"CALF","90m","EVERGREEN SHRUBS",0,0.69
"CALF","90m","FORBS",0,0.43
"CALF","90m","GRAMINOIDS",67,95.37
"CALF","90m","LICHENS",0,0
"COALCREEK","0m","DECIDUOUS SHRUBS",8,6.53
"COALCREEK","0m","EVERGREEN SHRUBS",13,12.69
"COALCREEK","0m","FORBS",0,0
"COALCREEK","0m","GRAMINOIDS",1,4.74
"COALCREEK","0m","LICHENS",66.02,70.7
"COALCREEK","10m","DECIDUOUS SHRUBS",65,22.48
"COALCREEK","10m","EVERGREEN SHRUBS",0.01,17.58
"COALCREEK","10m","FORBS",0,0
"COALCREEK","10m","GRAMINOIDS",0,16.76
"COALCREEK","10m","LICHENS",31.01,40.62
"COALCREEK","20m","DECIDUOUS SHRUBS",50,62.63
"COALCREEK","20m","EVERGREEN SHRUBS",8,8.2
"COALCREEK","20m","FORBS",0.01,0
"COALCREEK","20m","GRAMINOIDS",4,9.03
"COALCREEK","20m","LICHENS",34.04,7.1
"COALCREEK","30m","DECIDUOUS SHRUBS",76,51.06
"COALCREEK","30m","EVERGREEN SHRUBS",12.01,22.63
"COALCREEK","30m","FORBS",0,0
"COALCREEK","30m","GRAMINOIDS",0,0.61
"COALCREEK","30m","LICHENS",12.02,9.25
"COALCREEK","40m","DECIDUOUS SHRUBS",28,28.04
"COALCREEK","40m","EVERGREEN SHRUBS",5,15.41
"COALCREEK","40m","FORBS",0,0
"COALCREEK","40m","GRAMINOIDS",0.01,7.43
"COALCREEK","40m","LICHENS",38.05,15.55
"COALCREEK","50m","DECIDUOUS SHRUBS",0,8.78
"COALCREEK","50m","EVERGREEN SHRUBS",55,59.77
"COALCREEK","50m","FORBS",0.01,0
"COALCREEK","50m","GRAMINOIDS",2,5.09
"COALCREEK","50m","LICHENS",36.03,14.45
"COALCREEK","60m","DECIDUOUS SHRUBS",0,0.11
"COALCREEK","60m","EVERGREEN SHRUBS",16,11.78
"COALCREEK","60m","FORBS",0.03,0
"COALCREEK","60m","GRAMINOIDS",4,2.83
"COALCREEK","60m","LICHENS",7.04,5.53
"COALCREEK","70m","DECIDUOUS SHRUBS",0,0.08
"COALCREEK","70m","EVERGREEN SHRUBS",6,4.35
"COALCREEK","70m","FORBS",0,0
"COALCREEK","70m","GRAMINOIDS",2,9.47
"COALCREEK","70m","LICHENS",75.02,58.4
"COALCREEK","80m","DECIDUOUS SHRUBS",7,2.07
"COALCREEK","80m","EVERGREEN SHRUBS",8,16.99
"COALCREEK","80m","FORBS",0.01,0
"COALCREEK","80m","GRAMINOIDS",3.01,4.55
"COALCREEK","80m","LICHENS",86.02,17.88
"COALCREEK","90m","DECIDUOUS SHRUBS",0,0
"COALCREEK","90m","EVERGREEN SHRUBS",18,30.39
"COALCREEK","90m","FORBS",0.01,0
"COALCREEK","90m","GRAMINOIDS",0.01,0.14
"COALCREEK","90m","LICHENS",26.04,15.33
"DEW","0m","DECIDUOUS SHRUBS",37,8.21
"DEW","0m","EVERGREEN SHRUBS",0.01,3.79
"DEW","0m","FORBS",0.01,4.68
"DEW","0m","GRAMINOIDS",1,16.49
"DEW","0m","LICHENS",8.03,8.21
"DEW","10m","DECIDUOUS SHRUBS",68,50.3
"DEW","10m","EVERGREEN SHRUBS",22,35.56
"DEW","10m","FORBS",0,1.59
"DEW","10m","GRAMINOIDS",2,8.4
"DEW","10m","LICHENS",4.03,0
"DEW","20m","DECIDUOUS SHRUBS",16.01,10.92
"DEW","20m","EVERGREEN SHRUBS",62,66.51
"DEW","20m","FORBS",4,0.7
"DEW","20m","GRAMINOIDS",2,9.36
"DEW","20m","LICHENS",12.03,5.92
"DEW","30m","DECIDUOUS SHRUBS",25,22.35
"DEW","30m","EVERGREEN SHRUBS",10,3.72
"DEW","30m","FORBS",3,0.57
"DEW","30m","GRAMINOIDS",0.01,15.41
"DEW","30m","LICHENS",0.03,9.84
"DEW","40m","DECIDUOUS SHRUBS",64,71.78
"DEW","40m","EVERGREEN SHRUBS",9.01,6.36
"DEW","40m","FORBS",0,9.13
"DEW","40m","GRAMINOIDS",4,12.31
"DEW","40m","LICHENS",15.02,0.22
"DEW","50m","DECIDUOUS SHRUBS",63,64.84
"DEW","50m","EVERGREEN SHRUBS",15,8.34
"DEW","50m","FORBS",5,0.32
"DEW","50m","GRAMINOIDS",3,9.55
"DEW","50m","LICHENS",8.03,6.3
"DEW","60m","DECIDUOUS SHRUBS",24.01,1.34
"DEW","60m","EVERGREEN SHRUBS",5,16.23
"DEW","60m","FORBS",8.01,5.12
"DEW","60m","GRAMINOIDS",0.01,4.58
"DEW","60m","LICHENS",8.02,17.28
"DEW","70m","DECIDUOUS SHRUBS",15,13.08
"DEW","70m","EVERGREEN SHRUBS",6,4.45
"DEW","70m","FORBS",0.01,0.92
"DEW","70m","GRAMINOIDS",4,3.82
"DEW","70m","LICHENS",11.05,5.6
"DEW","80m","DECIDUOUS SHRUBS",29,21.01
"DEW","80m","EVERGREEN SHRUBS",15,30.84
"DEW","80m","FORBS",2,0.1
"DEW","80m","GRAMINOIDS",2,8.82
"DEW","80m","LICHENS",43.02,19.13
"DEW","90m","DECIDUOUS SHRUBS",25,16.89
"DEW","90m","EVERGREEN SHRUBS",0.01,11.8
"DEW","90m","FORBS",5.01,2.39
"DEW","90m","GRAMINOIDS",0,8.72
"DEW","90m","LICHENS",1.04,20.68
"EXCELSIOR","0m","DECIDUOUS SHRUBS",10,0.34
"EXCELSIOR","0m","EVERGREEN SHRUBS",15.01,8.77
"EXCELSIOR","0m","FORBS",0,0
"EXCELSIOR","0m","GRAMINOIDS",0,0.15
"EXCELSIOR","0m","LICHENS",66.02,65.28
"EXCELSIOR","10m","DECIDUOUS SHRUBS",16,5.06
"EXCELSIOR","10m","EVERGREEN SHRUBS",8,5.59
"EXCELSIOR","10m","FORBS",0.01,0
"EXCELSIOR","10m","GRAMINOIDS",10,2.27
"EXCELSIOR","10m","LICHENS",51.03,67.47
"EXCELSIOR","20m","DECIDUOUS SHRUBS",20,17.26
"EXCELSIOR","20m","EVERGREEN SHRUBS",25,51.53
"EXCELSIOR","20m","FORBS",0,0
"EXCELSIOR","20m","GRAMINOIDS",2,0.38
"EXCELSIOR","20m","LICHENS",48.04,17.45
"EXCELSIOR","30m","DECIDUOUS SHRUBS",0.01,1.63
"EXCELSIOR","30m","EVERGREEN SHRUBS",36,36.55
"EXCELSIOR","30m","FORBS",1.01,0
"EXCELSIOR","30m","GRAMINOIDS",4.02,11.2
"EXCELSIOR","30m","LICHENS",56.02,42.3
"EXCELSIOR","40m","DECIDUOUS SHRUBS",0,0
"EXCELSIOR","40m","EVERGREEN SHRUBS",2,0.45
"EXCELSIOR","40m","FORBS",0.02,0
"EXCELSIOR","40m","GRAMINOIDS",0.01,0.15
"EXCELSIOR","40m","LICHENS",4.02,1.74
"EXCELSIOR","50m","DECIDUOUS SHRUBS",0,0
"EXCELSIOR","50m","EVERGREEN SHRUBS",0,0.57
"EXCELSIOR","50m","FORBS",0,0
"EXCELSIOR","50m","GRAMINOIDS",2,0.11
"EXCELSIOR","50m","LICHENS",65.02,79.66
"EXCELSIOR","60m","DECIDUOUS SHRUBS",80,80.17
"EXCELSIOR","60m","EVERGREEN SHRUBS",4,6.88
"EXCELSIOR","60m","FORBS",0,0
"EXCELSIOR","60m","GRAMINOIDS",0.01,0.08
"EXCELSIOR","60m","LICHENS",7.04,8.46
"EXCELSIOR","70m","DECIDUOUS SHRUBS",90,77.8
"EXCELSIOR","70m","EVERGREEN SHRUBS",0.01,3.9
"EXCELSIOR","70m","FORBS",0,0
"EXCELSIOR","70m","GRAMINOIDS",0.01,0.95
"EXCELSIOR","70m","LICHENS",6.04,2
"EXCELSIOR","80m","DECIDUOUS SHRUBS",84,60.97
"EXCELSIOR","80m","EVERGREEN SHRUBS",10,30.03
"EXCELSIOR","80m","FORBS",0,0
"EXCELSIOR","80m","GRAMINOIDS",0.01,1.85
"EXCELSIOR","80m","LICHENS",0.03,0.57
"EXCELSIOR","90m","DECIDUOUS SHRUBS",2,27.69
"EXCELSIOR","90m","EVERGREEN SHRUBS",48,43.52
"EXCELSIOR","90m","FORBS",0,0
"EXCELSIOR","90m","GRAMINOIDS",4,4.58
"EXCELSIOR","90m","LICHENS",42.05,23.9
"FIRTH","0m","DECIDUOUS SHRUBS",7,0.71
"FIRTH","0m","EVERGREEN SHRUBS",30.01,12.81
"FIRTH","0m","FORBS",0.02,0.47
"FIRTH","0m","GRAMINOIDS",40,84.88
"FIRTH","0m","LICHENS",0.01,0
"FIRTH","10m","DECIDUOUS SHRUBS",1.02,0.18
"FIRTH","10m","EVERGREEN SHRUBS",3,0.6
"FIRTH","10m","FORBS",0.02,0
"FIRTH","10m","GRAMINOIDS",43,46.02
"FIRTH","10m","LICHENS",0,0
"FIRTH","20m","DECIDUOUS SHRUBS",4.01,6.95
"FIRTH","20m","EVERGREEN SHRUBS",3,3.22
"FIRTH","20m","FORBS",20.02,0.24
"FIRTH","20m","GRAMINOIDS",43,68.18
"FIRTH","20m","LICHENS",0,0
"FIRTH","30m","DECIDUOUS SHRUBS",100.01,88.18
"FIRTH","30m","EVERGREEN SHRUBS",0,0.71
"FIRTH","30m","FORBS",0,2.7
"FIRTH","30m","GRAMINOIDS",0.01,7.31
"FIRTH","30m","LICHENS",0,0
"FIRTH","40m","DECIDUOUS SHRUBS",7,0.45
"FIRTH","40m","EVERGREEN SHRUBS",2,3.38
"FIRTH","40m","FORBS",2,0.1
"FIRTH","40m","GRAMINOIDS",83.01,63.7
"FIRTH","40m","LICHENS",0,0
"FIRTH","50m","DECIDUOUS SHRUBS",23.01,12.14
"FIRTH","50m","EVERGREEN SHRUBS",58,53.74
"FIRTH","50m","FORBS",0.02,0.29
"FIRTH","50m","GRAMINOIDS",22,32.87
"FIRTH","50m","LICHENS",0,0
"FIRTH","60m","DECIDUOUS SHRUBS",11,15.41
"FIRTH","60m","EVERGREEN SHRUBS",24,12.11
"FIRTH","60m","FORBS",0.01,0.68
"FIRTH","60m","GRAMINOIDS",2,32.26
"FIRTH","60m","LICHENS",0,0
"FIRTH","70m","DECIDUOUS SHRUBS",4,1.07
"FIRTH","70m","EVERGREEN SHRUBS",10,3.3
"FIRTH","70m","FORBS",1.01,0.26
"FIRTH","70m","GRAMINOIDS",15,16.06
"FIRTH","70m","LICHENS",0,0
"FIRTH","80m","DECIDUOUS SHRUBS",15.02,15.77
"FIRTH","80m","EVERGREEN SHRUBS",50,48.23
"FIRTH","80m","FORBS",1.03,1.55
"FIRTH","80m","GRAMINOIDS",1,6.08
"FIRTH","80m","LICHENS",0,0
"FIRTH","90m","DECIDUOUS SHRUBS",6,1.47
"FIRTH","90m","EVERGREEN SHRUBS",20,48.95
"FIRTH","90m","FORBS",0.01,1.52
"FIRTH","90m","GRAMINOIDS",8,18.14
"FIRTH","90m","LICHENS",0.01,0
"FRYINGPAN","0m","DECIDUOUS SHRUBS",11.5,14.64
"FRYINGPAN","0m","EVERGREEN SHRUBS",13.5,26.06
"FRYINGPAN","0m","FORBS",0,0.03
"FRYINGPAN","0m","GRAMINOIDS",25,35.44
"FRYINGPAN","0m","LICHENS",5,0.46
"FRYINGPAN","10m","DECIDUOUS SHRUBS",55,80.13
"FRYINGPAN","10m","EVERGREEN SHRUBS",15,7.84
"FRYINGPAN","10m","FORBS",0,0
"FRYINGPAN","10m","GRAMINOIDS",0,4.74
"FRYINGPAN","10m","LICHENS",0,0
"FRYINGPAN","20m","DECIDUOUS SHRUBS",24,21.79
"FRYINGPAN","20m","EVERGREEN SHRUBS",16,17.05
"FRYINGPAN","20m","FORBS",0,0.09
"FRYINGPAN","20m","GRAMINOIDS",25,39.21
"FRYINGPAN","20m","LICHENS",25.02,20.28
"FRYINGPAN","30m","DECIDUOUS SHRUBS",10,9.82
"FRYINGPAN","30m","EVERGREEN SHRUBS",20,29.76
"FRYINGPAN","30m","FORBS",0,0.43
"FRYINGPAN","30m","GRAMINOIDS",30,40.57
"FRYINGPAN","30m","LICHENS",10,1.76
"FRYINGPAN","40m","DECIDUOUS SHRUBS",13.76,8.78
"FRYINGPAN","40m","EVERGREEN SHRUBS",11.26,14.85
"FRYINGPAN","40m","FORBS",0.01,0.2
"FRYINGPAN","40m","GRAMINOIDS",25,45.8
"FRYINGPAN","40m","LICHENS",10,13.64
"FRYINGPAN","50m","DECIDUOUS SHRUBS",12.01,5
"FRYINGPAN","50m","EVERGREEN SHRUBS",8,18.99
"FRYINGPAN","50m","FORBS",0,0.06
"FRYINGPAN","50m","GRAMINOIDS",15,28.38
"FRYINGPAN","50m","LICHENS",30,23.73
"FRYINGPAN","60m","DECIDUOUS SHRUBS",10.5,5.35
"FRYINGPAN","60m","EVERGREEN SHRUBS",24.51,31.1
"FRYINGPAN","60m","FORBS",0,0.09
"FRYINGPAN","60m","GRAMINOIDS",25,19.61
"FRYINGPAN","60m","LICHENS",10,13.02
"FRYINGPAN","70m","DECIDUOUS SHRUBS",23,24.48
"FRYINGPAN","70m","EVERGREEN SHRUBS",12,17.72
"FRYINGPAN","70m","FORBS",0,0
"FRYINGPAN","70m","GRAMINOIDS",4,10.84
"FRYINGPAN","70m","LICHENS",8,9.36
"FRYINGPAN","80m","DECIDUOUS SHRUBS",21.25,33.02
"FRYINGPAN","80m","EVERGREEN SHRUBS",3.75,23.39
"FRYINGPAN","80m","FORBS",2,0
"FRYINGPAN","80m","GRAMINOIDS",25,23.39
"FRYINGPAN","80m","LICHENS",0.01,4.02
"FRYINGPAN","90m","DECIDUOUS SHRUBS",21,48.21
"FRYINGPAN","90m","EVERGREEN SHRUBS",9.01,18.27
"FRYINGPAN","90m","FORBS",0,0
"FRYINGPAN","90m","GRAMINOIDS",25,25.49
"FRYINGPAN","90m","LICHENS",10,1.01
"GRANITE","0m","DECIDUOUS SHRUBS",32,6.24
"GRANITE","0m","EVERGREEN SHRUBS",8,27.48
"GRANITE","0m","FORBS",5,0.85
"GRANITE","0m","GRAMINOIDS",30,40.13
"GRANITE","0m","LICHENS",0,0
"GRANITE","10m","DECIDUOUS SHRUBS",35,45.57
"GRANITE","10m","EVERGREEN SHRUBS",10,24.34
"GRANITE","10m","FORBS",8,1.29
"GRANITE","10m","GRAMINOIDS",45,25.92
"GRANITE","10m","LICHENS",0,0
"GRANITE","20m","DECIDUOUS SHRUBS",6.01,0.08
"GRANITE","20m","EVERGREEN SHRUBS",24,44.33
"GRANITE","20m","FORBS",0.01,0.16
"GRANITE","20m","GRAMINOIDS",18,21.72
"GRANITE","20m","LICHENS",2.02,0
"GRANITE","30m","DECIDUOUS SHRUBS",82,88.72
"GRANITE","30m","EVERGREEN SHRUBS",0,0.04
"GRANITE","30m","FORBS",0,1.66
"GRANITE","30m","GRAMINOIDS",14,1.66
"GRANITE","30m","LICHENS",0,0
"GRANITE","40m","DECIDUOUS SHRUBS",19.2,3.93
"GRANITE","40m","EVERGREEN SHRUBS",10.8,21
"GRANITE","40m","FORBS",5.01,0.69
"GRANITE","40m","GRAMINOIDS",20,44.15
"GRANITE","40m","LICHENS",0.01,0
"GRANITE","50m","DECIDUOUS SHRUBS",28,0.08
"GRANITE","50m","EVERGREEN SHRUBS",0,11.36
"GRANITE","50m","FORBS",1.01,1.28
"GRANITE","50m","GRAMINOIDS",55,80.6
"GRANITE","50m","LICHENS",0,0
"GRANITE","60m","DECIDUOUS SHRUBS",10,3.15
"GRANITE","60m","EVERGREEN SHRUBS",30,27.88
"GRANITE","60m","FORBS",5,0.65
"GRANITE","60m","GRAMINOIDS",20.01,37.49
"GRANITE","60m","LICHENS",0.01,0
"GRANITE","70m","DECIDUOUS SHRUBS",2.01,10.59
"GRANITE","70m","EVERGREEN SHRUBS",31,12.44
"GRANITE","70m","FORBS",4.01,0.61
"GRANITE","70m","GRAMINOIDS",63,70.71
"GRANITE","70m","LICHENS",0,0
"GRANITE","80m","DECIDUOUS SHRUBS",44,73.18
"GRANITE","80m","EVERGREEN SHRUBS",11,5.26
"GRANITE","80m","FORBS",5,0.73
"GRANITE","80m","GRAMINOIDS",5,7.44
"GRANITE","80m","LICHENS",0,0
"GRANITE","90m","DECIDUOUS SHRUBS",10,25.35
"GRANITE","90m","EVERGREEN SHRUBS",24,10.65
"GRANITE","90m","FORBS",5,0.36
"GRANITE","90m","GRAMINOIDS",22,24.22
"GRANITE","90m","LICHENS",0,0
"GULCH","0m","DECIDUOUS SHRUBS",10,27.27
"GULCH","0m","EVERGREEN SHRUBS",0,35.31
"GULCH","0m","FORBS",50,26.09
"GULCH","0m","GRAMINOIDS",40,10.15
"GULCH","0m","LICHENS",0,0
"GULCH","10m","DECIDUOUS SHRUBS",1,33.88
"GULCH","10m","EVERGREEN SHRUBS",0.01,9.25
"GULCH","10m","FORBS",76.01,42.45
"GULCH","10m","GRAMINOIDS",23,12.93
"GULCH","10m","LICHENS",0,0
"GULCH","20m","DECIDUOUS SHRUBS",0,4.3
"GULCH","20m","EVERGREEN SHRUBS",40,50.2
"GULCH","20m","FORBS",20,11.33
"GULCH","20m","GRAMINOIDS",5,19
"GULCH","20m","LICHENS",0,0
"GULCH","30m","DECIDUOUS SHRUBS",29,6.75
"GULCH","30m","EVERGREEN SHRUBS",22,39.96
"GULCH","30m","FORBS",2,12.08
"GULCH","30m","GRAMINOIDS",40,12.7
"GULCH","30m","LICHENS",0.01,0
"GULCH","40m","DECIDUOUS SHRUBS",72,74.64
"GULCH","40m","EVERGREEN SHRUBS",18,1.77
"GULCH","40m","FORBS",0.01,20.01
"GULCH","40m","GRAMINOIDS",10,2.54
"GULCH","40m","LICHENS",0,0
"GULCH","50m","DECIDUOUS SHRUBS",15,9.47
"GULCH","50m","EVERGREEN SHRUBS",54,24.64
"GULCH","50m","FORBS",7.01,20.89
"GULCH","50m","GRAMINOIDS",20,41.57
"GULCH","50m","LICHENS",0,0
"GULCH","60m","DECIDUOUS SHRUBS",17.01,20.8
"GULCH","60m","EVERGREEN SHRUBS",68,36.61
"GULCH","60m","FORBS",0.02,7.09
"GULCH","60m","GRAMINOIDS",5,14.42
"GULCH","60m","LICHENS",0,0
"GULCH","70m","DECIDUOUS SHRUBS",90,79.33
"GULCH","70m","EVERGREEN SHRUBS",0,2.88
"GULCH","70m","FORBS",0,13.56
"GULCH","70m","GRAMINOIDS",10,4.09
"GULCH","70m","LICHENS",0,0
"GULCH","80m","DECIDUOUS SHRUBS",6.5,10.09
"GULCH","80m","EVERGREEN SHRUBS",58.5,33.89
"GULCH","80m","FORBS",10.02,30.67
"GULCH","80m","GRAMINOIDS",5,15.75
"GULCH","80m","LICHENS",0,0
"GULCH","90m","DECIDUOUS SHRUBS",40,45.4
"GULCH","90m","EVERGREEN SHRUBS",40,31.33
"GULCH","90m","FORBS",10.01,16.18
"GULCH","90m","GRAMINOIDS",5,6.97
"GULCH","90m","LICHENS",0,0
"KINGSOLOMON","0m","DECIDUOUS SHRUBS",42,28.24
"KINGSOLOMON","0m","EVERGREEN SHRUBS",45,47.66
"KINGSOLOMON","0m","FORBS",0,6.93
"KINGSOLOMON","0m","GRAMINOIDS",4,1.43
"KINGSOLOMON","0m","LICHENS",9.02,12.84
"KINGSOLOMON","10m","DECIDUOUS SHRUBS",62.01,42.46
"KINGSOLOMON","10m","EVERGREEN SHRUBS",34,30.6
"KINGSOLOMON","10m","FORBS",0,3.56
"KINGSOLOMON","10m","GRAMINOIDS",1,0
"KINGSOLOMON","10m","LICHENS",2.01,6.87
"KINGSOLOMON","20m","DECIDUOUS SHRUBS",90.01,41.2
"KINGSOLOMON","20m","EVERGREEN SHRUBS",0.01,19.79
"KINGSOLOMON","20m","FORBS",0,0.61
"KINGSOLOMON","20m","GRAMINOIDS",0.01,0.2
"KINGSOLOMON","20m","LICHENS",6.04,6.17
"KINGSOLOMON","30m","DECIDUOUS SHRUBS",86,56.83
"KINGSOLOMON","30m","EVERGREEN SHRUBS",0,2.34
"KINGSOLOMON","30m","FORBS",0,0.05
"KINGSOLOMON","30m","GRAMINOIDS",0.01,0
"KINGSOLOMON","30m","LICHENS",14.02,2.34
"KINGSOLOMON","40m","DECIDUOUS SHRUBS",79,32.04
"KINGSOLOMON","40m","EVERGREEN SHRUBS",0,29.19
"KINGSOLOMON","40m","FORBS",16,18.39
"KINGSOLOMON","40m","GRAMINOIDS",4.01,4.18
"KINGSOLOMON","40m","LICHENS",1.01,10.95
"KINGSOLOMON","50m","DECIDUOUS SHRUBS",59,22.34
"KINGSOLOMON","50m","EVERGREEN SHRUBS",40,68.69
"KINGSOLOMON","50m","FORBS",0,3.47
"KINGSOLOMON","50m","GRAMINOIDS",1,0.15
"KINGSOLOMON","50m","LICHENS",0.02,1.68
"KINGSOLOMON","60m","DECIDUOUS SHRUBS",71,61.59
"KINGSOLOMON","60m","EVERGREEN SHRUBS",28,29.55
"KINGSOLOMON","60m","FORBS",0,3.87
"KINGSOLOMON","60m","GRAMINOIDS",1,0.1
"KINGSOLOMON","60m","LICHENS",0.01,0.66
"KINGSOLOMON","70m","DECIDUOUS SHRUBS",48.01,38.67
"KINGSOLOMON","70m","EVERGREEN SHRUBS",32,24.08
"KINGSOLOMON","70m","FORBS",0,9.64
"KINGSOLOMON","70m","GRAMINOIDS",0.01,0.1
"KINGSOLOMON","70m","LICHENS",20.01,23.01
"KINGSOLOMON","80m","DECIDUOUS SHRUBS",94,49.21
"KINGSOLOMON","80m","EVERGREEN SHRUBS",5.01,35.51
"KINGSOLOMON","80m","FORBS",0.01,0
"KINGSOLOMON","80m","GRAMINOIDS",0.01,0
"KINGSOLOMON","80m","LICHENS",0.02,1.88
"KINGSOLOMON","90m","DECIDUOUS SHRUBS",97,38.16
"KINGSOLOMON","90m","EVERGREEN SHRUBS",2,29.29
"KINGSOLOMON","90m","FORBS",0,1.22
"KINGSOLOMON","90m","GRAMINOIDS",0.01,1.38
"KINGSOLOMON","90m","LICHENS",0.02,4.13
"LOWERQUARRY","0m","DECIDUOUS SHRUBS",57.02,35.46
"LOWERQUARRY","0m","EVERGREEN SHRUBS",2,16.82
"LOWERQUARRY","0m","FORBS",1.01,2.02
"LOWERQUARRY","0m","GRAMINOIDS",20,34.73
"LOWERQUARRY","0m","LICHENS",10.05,1.27
"LOWERQUARRY","10m","DECIDUOUS SHRUBS",12.01,1.43
"LOWERQUARRY","10m","EVERGREEN SHRUBS",8.01,18.17
"LOWERQUARRY","10m","FORBS",0,0.06
"LOWERQUARRY","10m","GRAMINOIDS",65.01,66.51
"LOWERQUARRY","10m","LICHENS",14,2.78
"LOWERQUARRY","20m","DECIDUOUS SHRUBS",12.03,14.84
"LOWERQUARRY","20m","EVERGREEN SHRUBS",2.01,14.5
"LOWERQUARRY","20m","FORBS",4.02,7.61
"LOWERQUARRY","20m","GRAMINOIDS",69.02,56.08
"LOWERQUARRY","20m","LICHENS",2.01,0.51
"LOWERQUARRY","30m","DECIDUOUS SHRUBS",12,2.08
"LOWERQUARRY","30m","EVERGREEN SHRUBS",3.01,16
"LOWERQUARRY","30m","FORBS",0.03,1.01
"LOWERQUARRY","30m","GRAMINOIDS",30.02,34.96
"LOWERQUARRY","30m","LICHENS",10,4.25
"LOWERQUARRY","40m","DECIDUOUS SHRUBS",40,27
"LOWERQUARRY","40m","EVERGREEN SHRUBS",25.02,28.8
"LOWERQUARRY","40m","FORBS",2,5.62
"LOWERQUARRY","40m","GRAMINOIDS",20,30.91
"LOWERQUARRY","40m","LICHENS",3.02,0.59
"LOWERQUARRY","50m","DECIDUOUS SHRUBS",3,0.03
"LOWERQUARRY","50m","EVERGREEN SHRUBS",14.01,17.35
"LOWERQUARRY","50m","FORBS",3,0.08
"LOWERQUARRY","50m","GRAMINOIDS",75,63.47
"LOWERQUARRY","50m","LICHENS",2.01,1.57
"LOWERQUARRY","60m","DECIDUOUS SHRUBS",21,14.79
"LOWERQUARRY","60m","EVERGREEN SHRUBS",9.01,29.53
"LOWERQUARRY","60m","FORBS",1.02,3.4
"LOWERQUARRY","60m","GRAMINOIDS",10.01,20.42
"LOWERQUARRY","60m","LICHENS",30.01,13.81
"LOWERQUARRY","70m","DECIDUOUS SHRUBS",12,4.56
"LOWERQUARRY","70m","EVERGREEN SHRUBS",13.01,10.01
"LOWERQUARRY","70m","FORBS",4,12.12
"LOWERQUARRY","70m","GRAMINOIDS",45.01,49.72
"LOWERQUARRY","70m","LICHENS",1.02,5.26
"LOWERQUARRY","80m","DECIDUOUS SHRUBS",41,13.39
"LOWERQUARRY","80m","EVERGREEN SHRUBS",3,19.69
"LOWERQUARRY","80m","FORBS",4,9.9
"LOWERQUARRY","80m","GRAMINOIDS",8,8.97
"LOWERQUARRY","80m","LICHENS",19.01,8.46
"LOWERQUARRY","90m","DECIDUOUS SHRUBS",5,7.51
"LOWERQUARRY","90m","EVERGREEN SHRUBS",13,12.71
"LOWERQUARRY","90m","FORBS",0.01,4.87
"LOWERQUARRY","90m","GRAMINOIDS",70.01,51.91
"LOWERQUARRY","90m","LICHENS",4.05,4.67
"MATSONCREEK","0m","DECIDUOUS SHRUBS",15,0.32
"MATSONCREEK","0m","EVERGREEN SHRUBS",5,26.8
"MATSONCREEK","0m","FORBS",2,0
"MATSONCREEK","0m","GRAMINOIDS",6,8.4
"MATSONCREEK","0m","LICHENS",27,0
"MATSONCREEK","10m","DECIDUOUS SHRUBS",18,8.01
"MATSONCREEK","10m","EVERGREEN SHRUBS",12,4.66
"MATSONCREEK","10m","FORBS",0,0
"MATSONCREEK","10m","GRAMINOIDS",15,48.53
"MATSONCREEK","10m","LICHENS",5,0
"MATSONCREEK","20m","DECIDUOUS SHRUBS",7,4.85
"MATSONCREEK","20m","EVERGREEN SHRUBS",10,26.03
"MATSONCREEK","20m","FORBS",0,0
"MATSONCREEK","20m","GRAMINOIDS",25,40.09
"MATSONCREEK","20m","LICHENS",20,0
"MATSONCREEK","30m","DECIDUOUS SHRUBS",11,1.81
"MATSONCREEK","30m","EVERGREEN SHRUBS",6,9.85
"MATSONCREEK","30m","FORBS",0,0
"MATSONCREEK","30m","GRAMINOIDS",13,33.06
"MATSONCREEK","30m","LICHENS",19,0.59
"MATSONCREEK","40m","DECIDUOUS SHRUBS",8,1.04
"MATSONCREEK","40m","EVERGREEN SHRUBS",9,16.22
"MATSONCREEK","40m","FORBS",1,0
"MATSONCREEK","40m","GRAMINOIDS",10,17.62
"MATSONCREEK","40m","LICHENS",21,2.85
"MATSONCREEK","50m","DECIDUOUS SHRUBS",25,58.79
"MATSONCREEK","50m","EVERGREEN SHRUBS",3,2.58
"MATSONCREEK","50m","FORBS",0,0
"MATSONCREEK","50m","GRAMINOIDS",32,33.08
"MATSONCREEK","50m","LICHENS",5,0
"MATSONCREEK","60m","DECIDUOUS SHRUBS",5,1.94
"MATSONCREEK","60m","EVERGREEN SHRUBS",25,20.56
"MATSONCREEK","60m","FORBS",1,0
"MATSONCREEK","60m","GRAMINOIDS",3,27.7
"MATSONCREEK","60m","LICHENS",6,0.27
"MATSONCREEK","70m","DECIDUOUS SHRUBS",15,7.68
"MATSONCREEK","70m","EVERGREEN SHRUBS",14,2.08
"MATSONCREEK","70m","FORBS",0,0
"MATSONCREEK","70m","GRAMINOIDS",10,56.8
"MATSONCREEK","70m","LICHENS",10,0
"MATSONCREEK","80m","DECIDUOUS SHRUBS",15,20.8
"MATSONCREEK","80m","EVERGREEN SHRUBS",15,4.25
"MATSONCREEK","80m","FORBS",1,0
"MATSONCREEK","80m","GRAMINOIDS",29,58.86
"MATSONCREEK","80m","LICHENS",5,0
"MATSONCREEK","90m","DECIDUOUS SHRUBS",13,1.81
"MATSONCREEK","90m","EVERGREEN SHRUBS",7,8.1
"MATSONCREEK","90m","FORBS",1,0
"MATSONCREEK","90m","GRAMINOIDS",15,37.83
"MATSONCREEK","90m","LICHENS",7,0.5
"MOLLYCREEK","0m","DECIDUOUS SHRUBS",21,16.67
"MOLLYCREEK","0m","EVERGREEN SHRUBS",49,17.07
"MOLLYCREEK","0m","FORBS",0,0
"MOLLYCREEK","0m","GRAMINOIDS",10,30.53
"MOLLYCREEK","0m","LICHENS",5.02,21.64
"MOLLYCREEK","10m","DECIDUOUS SHRUBS",76,76.96
"MOLLYCREEK","10m","EVERGREEN SHRUBS",19.02,19.1
"MOLLYCREEK","10m","FORBS",0,0
"MOLLYCREEK","10m","GRAMINOIDS",5,0.67
"MOLLYCREEK","10m","LICHENS",0.01,0
"MOLLYCREEK","20m","DECIDUOUS SHRUBS",36,57.16
"MOLLYCREEK","20m","EVERGREEN SHRUBS",24,15.93
"MOLLYCREEK","20m","FORBS",0,0
"MOLLYCREEK","20m","GRAMINOIDS",10,15.43
"MOLLYCREEK","20m","LICHENS",20,10.03
"MOLLYCREEK","30m","DECIDUOUS SHRUBS",5,6.81
"MOLLYCREEK","30m","EVERGREEN SHRUBS",5.01,1.47
"MOLLYCREEK","30m","FORBS",0,0
"MOLLYCREEK","30m","GRAMINOIDS",10,12.43
"MOLLYCREEK","30m","LICHENS",30.02,69.45
"MOLLYCREEK","40m","DECIDUOUS SHRUBS",21.01,17.72
"MOLLYCREEK","40m","EVERGREEN SHRUBS",14,14.13
"MOLLYCREEK","40m","FORBS",0,0
"MOLLYCREEK","40m","GRAMINOIDS",5,13.53
"MOLLYCREEK","40m","LICHENS",20.01,49.11
"MOLLYCREEK","50m","DECIDUOUS SHRUBS",31.2,33.82
"MOLLYCREEK","50m","EVERGREEN SHRUBS",16.8,22.97
"MOLLYCREEK","50m","FORBS",0,0
"MOLLYCREEK","50m","GRAMINOIDS",2,5.49
"MOLLYCREEK","50m","LICHENS",25,23.94
"MOLLYCREEK","60m","DECIDUOUS SHRUBS",33,33.95
"MOLLYCREEK","60m","EVERGREEN SHRUBS",22.01,48.1
"MOLLYCREEK","60m","FORBS",0,0
"MOLLYCREEK","60m","GRAMINOIDS",10,3.94
"MOLLYCREEK","60m","LICHENS",10.01,10.43
"MOLLYCREEK","70m","DECIDUOUS SHRUBS",26,51.45
"MOLLYCREEK","70m","EVERGREEN SHRUBS",39,27.38
"MOLLYCREEK","70m","FORBS",0,0
"MOLLYCREEK","70m","GRAMINOIDS",10,5.16
"MOLLYCREEK","70m","LICHENS",5.01,13.42
"MOLLYCREEK","80m","DECIDUOUS SHRUBS",22.4,49.25
"MOLLYCREEK","80m","EVERGREEN SHRUBS",12.6,26.96
"MOLLYCREEK","80m","FORBS",0,0
"MOLLYCREEK","80m","GRAMINOIDS",5,2.92
"MOLLYCREEK","80m","LICHENS",10.01,11.43
"MOLLYCREEK","90m","DECIDUOUS SHRUBS",38.5,43.62
"MOLLYCREEK","90m","EVERGREEN SHRUBS",31.5,45.2
"MOLLYCREEK","90m","FORBS",0,0
"MOLLYCREEK","90m","GRAMINOIDS",5,2.2
"MOLLYCREEK","90m","LICHENS",0.01,0.07
"MOSQUITOCREEK","0m","DECIDUOUS SHRUBS",5,4.02
"MOSQUITOCREEK","0m","EVERGREEN SHRUBS",45,55.46
"MOSQUITOCREEK","0m","FORBS",0.01,1.48
"MOSQUITOCREEK","0m","GRAMINOIDS",0.01,5.96
"MOSQUITOCREEK","0m","LICHENS",40,29.34
"MOSQUITOCREEK","10m","DECIDUOUS SHRUBS",0,1.92
"MOSQUITOCREEK","10m","EVERGREEN SHRUBS",75.01,50.31
"MOSQUITOCREEK","10m","FORBS",0.02,0.42
"MOSQUITOCREEK","10m","GRAMINOIDS",5,8.05
"MOSQUITOCREEK","10m","LICHENS",10.01,26.4
"MOSQUITOCREEK","20m","DECIDUOUS SHRUBS",0,1.02
"MOSQUITOCREEK","20m","EVERGREEN SHRUBS",65,50.89
"MOSQUITOCREEK","20m","FORBS",0.01,13.18
"MOSQUITOCREEK","20m","GRAMINOIDS",5,7.3
"MOSQUITOCREEK","20m","LICHENS",15.02,13.96
"MOSQUITOCREEK","30m","DECIDUOUS SHRUBS",42,69.63
"MOSQUITOCREEK","30m","EVERGREEN SHRUBS",33,5.5
"MOSQUITOCREEK","30m","FORBS",0,0.85
"MOSQUITOCREEK","30m","GRAMINOIDS",0,1.27
"MOSQUITOCREEK","30m","LICHENS",5,0.87
"MOSQUITOCREEK","40m","DECIDUOUS SHRUBS",0.01,4.1
"MOSQUITOCREEK","40m","EVERGREEN SHRUBS",85,50.85
"MOSQUITOCREEK","40m","FORBS",0,7.06
"MOSQUITOCREEK","40m","GRAMINOIDS",10,10.43
"MOSQUITOCREEK","40m","LICHENS",5.01,17.01
"MOSQUITOCREEK","50m","DECIDUOUS SHRUBS",20,14.9
"MOSQUITOCREEK","50m","EVERGREEN SHRUBS",60,46.24
"MOSQUITOCREEK","50m","FORBS",0,2.03
"MOSQUITOCREEK","50m","GRAMINOIDS",0.01,7.61
"MOSQUITOCREEK","50m","LICHENS",20,16.74
"MOSQUITOCREEK","60m","DECIDUOUS SHRUBS",24.51,38.56
"MOSQUITOCREEK","60m","EVERGREEN SHRUBS",10.5,0.91
"MOSQUITOCREEK","60m","FORBS",0,0
"MOSQUITOCREEK","60m","GRAMINOIDS",10,12.56
"MOSQUITOCREEK","60m","LICHENS",5,0.11
"MOSQUITOCREEK","70m","DECIDUOUS SHRUBS",40,50.59
"MOSQUITOCREEK","70m","EVERGREEN SHRUBS",10,37.42
"MOSQUITOCREEK","70m","FORBS",5,0
"MOSQUITOCREEK","70m","GRAMINOIDS",0,2.64
"MOSQUITOCREEK","70m","LICHENS",5.01,0
"MOSQUITOCREEK","80m","DECIDUOUS SHRUBS",18.01,44.46
"MOSQUITOCREEK","80m","EVERGREEN SHRUBS",22,17.77
"MOSQUITOCREEK","80m","FORBS",0,1.21
"MOSQUITOCREEK","80m","GRAMINOIDS",30,20.28
"MOSQUITOCREEK","80m","LICHENS",5,6.75
"MOSQUITOCREEK","90m","DECIDUOUS SHRUBS",48.75,67.9
"MOSQUITOCREEK","90m","EVERGREEN SHRUBS",26.25,15.39
"MOSQUITOCREEK","90m","FORBS",0.01,3.24
"MOSQUITOCREEK","90m","GRAMINOIDS",10,4.97
"MOSQUITOCREEK","90m","LICHENS",15.02,5.58
"OBRIAN","0m","DECIDUOUS SHRUBS",0,0.77
"OBRIAN","0m","EVERGREEN SHRUBS",66,28.52
"OBRIAN","0m","FORBS",4.01,0.57
"OBRIAN","0m","GRAMINOIDS",4,2.3
"OBRIAN","0m","LICHENS",12.04,7.25
"OBRIAN","10m","DECIDUOUS SHRUBS",0,0.07
"OBRIAN","10m","EVERGREEN SHRUBS",33,40.13
"OBRIAN","10m","FORBS",4.01,0.73
"OBRIAN","10m","GRAMINOIDS",8,7.25
"OBRIAN","10m","LICHENS",45,19.2
"OBRIAN","20m","DECIDUOUS SHRUBS",0,0.2
"OBRIAN","20m","EVERGREEN SHRUBS",15,14.66
"OBRIAN","20m","FORBS",6.01,3.51
"OBRIAN","20m","GRAMINOIDS",1,1.57
"OBRIAN","20m","LICHENS",13.05,5.78
"OBRIAN","30m","DECIDUOUS SHRUBS",0,5.71
"OBRIAN","30m","EVERGREEN SHRUBS",41,34.26
"OBRIAN","30m","FORBS",0.01,1.1
"OBRIAN","30m","GRAMINOIDS",0.01,5.88
"OBRIAN","30m","LICHENS",32,25.78
"OBRIAN","40m","DECIDUOUS SHRUBS",1,4.61
"OBRIAN","40m","EVERGREEN SHRUBS",50,38.46
"OBRIAN","40m","FORBS",1.01,1.4
"OBRIAN","40m","GRAMINOIDS",3,12.36
"OBRIAN","40m","LICHENS",43.03,35.62
"OBRIAN","50m","DECIDUOUS SHRUBS",2,1.5
"OBRIAN","50m","EVERGREEN SHRUBS",2,4.94
"OBRIAN","50m","FORBS",5.01,2.04
"OBRIAN","50m","GRAMINOIDS",11,15.17
"OBRIAN","50m","LICHENS",17.01,18.94
"OBRIAN","60m","DECIDUOUS SHRUBS",0,0.03
"OBRIAN","60m","EVERGREEN SHRUBS",1.01,2.07
"OBRIAN","60m","FORBS",0.02,0.33
"OBRIAN","60m","GRAMINOIDS",7,5.02
"OBRIAN","60m","LICHENS",76.02,76.69
"OBRIAN","70m","DECIDUOUS SHRUBS",34,36.95
"OBRIAN","70m","EVERGREEN SHRUBS",9,25.33
"OBRIAN","70m","FORBS",10.02,0.94
"OBRIAN","70m","GRAMINOIDS",20,18.08
"OBRIAN","70m","LICHENS",19,9.36
"OBRIAN","80m","DECIDUOUS SHRUBS",41,10.69
"OBRIAN","80m","EVERGREEN SHRUBS",0,23.79
"OBRIAN","80m","FORBS",1,0.9
"OBRIAN","80m","GRAMINOIDS",10,23.99
"OBRIAN","80m","LICHENS",48.03,34.85
"OBRIAN","90m","DECIDUOUS SHRUBS",14,3.71
"OBRIAN","90m","EVERGREEN SHRUBS",13,17.32
"OBRIAN","90m","FORBS",2,2.04
"OBRIAN","90m","GRAMINOIDS",25,39.13
"OBRIAN","90m","LICHENS",30,14.72
"OGILVIE","10m","DECIDUOUS SHRUBS",33,0.92
"OGILVIE","10m","EVERGREEN SHRUBS",30,44.31
"OGILVIE","10m","FORBS",12,10.35
"OGILVIE","10m","GRAMINOIDS",0.01,15.62
"OGILVIE","10m","LICHENS",25,19.04
"OGILVIE","20m","DECIDUOUS SHRUBS",34,56.32
"OGILVIE","20m","EVERGREEN SHRUBS",31.01,16.98
"OGILVIE","20m","FORBS",30.01,16.63
"OGILVIE","20m","GRAMINOIDS",0.02,5.95
"OGILVIE","20m","LICHENS",0.04,0.04
"OGILVIE","30m","DECIDUOUS SHRUBS",12.01,26.04
"OGILVIE","30m","EVERGREEN SHRUBS",70,42.65
"OGILVIE","30m","FORBS",12,27.04
"OGILVIE","30m","GRAMINOIDS",0.01,3.46
"OGILVIE","30m","LICHENS",0.01,0
"OGILVIE","40m","DECIDUOUS SHRUBS",24.01,56.36
"OGILVIE","40m","EVERGREEN SHRUBS",32.01,17.98
"OGILVIE","40m","FORBS",18,9.76
"OGILVIE","40m","GRAMINOIDS",0.02,1.65
"OGILVIE","40m","LICHENS",0.01,0
"OGILVIE","50m","DECIDUOUS SHRUBS",3,3.88
"OGILVIE","50m","EVERGREEN SHRUBS",69,59.21
"OGILVIE","50m","FORBS",9,15.69
"OGILVIE","50m","GRAMINOIDS",0.01,9.44
"OGILVIE","50m","LICHENS",15,8.14
"OGILVIE","60m","DECIDUOUS SHRUBS",1,0.31
"OGILVIE","60m","EVERGREEN SHRUBS",12,18.49
"OGILVIE","60m","FORBS",7,7.99
"OGILVIE","60m","GRAMINOIDS",0.01,11.68
"OGILVIE","60m","LICHENS",66.01,48.73
"OGILVIE","70m","DECIDUOUS SHRUBS",8,1.19
"OGILVIE","70m","EVERGREEN SHRUBS",12,37.3
"OGILVIE","70m","FORBS",8,11.56
"OGILVIE","70m","GRAMINOIDS",0.01,10.18
"OGILVIE","70m","LICHENS",68,37.19
"OGILVIE","80m","DECIDUOUS SHRUBS",8.01,7.84
"OGILVIE","80m","EVERGREEN SHRUBS",23,69.96
"OGILVIE","80m","FORBS",5.01,6.22
"OGILVIE","80m","GRAMINOIDS",0.02,2.34
"OGILVIE","80m","LICHENS",25,6.26
"OGILVIE","90m","DECIDUOUS SHRUBS",20,19.09
"OGILVIE","90m","EVERGREEN SHRUBS",34,71.51
"OGILVIE","90m","FORBS",17,2.27
"OGILVIE","90m","GRAMINOIDS",0,0.15
"OGILVIE","90m","LICHENS",6,0
"PAGE","0m","DECIDUOUS SHRUBS",10,4.45
"PAGE","0m","EVERGREEN SHRUBS",38,62.26
"PAGE","0m","FORBS",4.01,2.39
"PAGE","0m","GRAMINOIDS",4,16.71
"PAGE","0m","LICHENS",2.05,0
"PAGE","10m","DECIDUOUS SHRUBS",25,12.43
"PAGE","10m","EVERGREEN SHRUBS",40,48.59
"PAGE","10m","FORBS",10.01,9.16
"PAGE","10m","GRAMINOIDS",5,11.97
"PAGE","10m","LICHENS",0.01,0
"PAGE","20m","DECIDUOUS SHRUBS",28.01,40.26
"PAGE","20m","EVERGREEN SHRUBS",23,26.34
"PAGE","20m","FORBS",9.03,17.3
"PAGE","20m","GRAMINOIDS",4,7.15
"PAGE","20m","LICHENS",2.03,0
"PAGE","30m","DECIDUOUS SHRUBS",42,21.09
"PAGE","30m","EVERGREEN SHRUBS",19,26.74
"PAGE","30m","FORBS",17.01,19.19
"PAGE","30m","GRAMINOIDS",0.01,13.89
"PAGE","30m","LICHENS",0.01,0
"PAGE","40m","DECIDUOUS SHRUBS",66,52.32
"PAGE","40m","EVERGREEN SHRUBS",7,14.63
"PAGE","40m","FORBS",10,23.43
"PAGE","40m","GRAMINOIDS",1,3.86
"PAGE","40m","LICHENS",2,0
"PAGE","50m","DECIDUOUS SHRUBS",27,20.67
"PAGE","50m","EVERGREEN SHRUBS",17,31.98
"PAGE","50m","FORBS",10.01,3.5
"PAGE","50m","GRAMINOIDS",1,12.16
"PAGE","50m","LICHENS",6.01,0
"PAGE","60m","DECIDUOUS SHRUBS",16,7.55
"PAGE","60m","EVERGREEN SHRUBS",28,26.8
"PAGE","60m","FORBS",5,2.68
"PAGE","60m","GRAMINOIDS",6,39.35
"PAGE","60m","LICHENS",0.04,0
"PAGE","70m","DECIDUOUS SHRUBS",36.01,8.79
"PAGE","70m","EVERGREEN SHRUBS",4.02,22.56
"PAGE","70m","FORBS",4,1.34
"PAGE","70m","GRAMINOIDS",40,53.51
"PAGE","70m","LICHENS",0,0
"PAGE","80m","DECIDUOUS SHRUBS",18,13.4
"PAGE","80m","EVERGREEN SHRUBS",2,31.51
"PAGE","80m","FORBS",8,3.01
"PAGE","80m","GRAMINOIDS",50,38.15
"PAGE","80m","LICHENS",0,0
"PAGE","90m","DECIDUOUS SHRUBS",24,13.43
"PAGE","90m","EVERGREEN SHRUBS",31,38.99
"PAGE","90m","FORBS",6,3.5
"PAGE","90m","GRAMINOIDS",24,28.53
"PAGE","90m","LICHENS",0,0
"PEDRO","0m","DECIDUOUS SHRUBS",43,21.82
"PEDRO","0m","EVERGREEN SHRUBS",8,8.43
"PEDRO","0m","FORBS",2,37.66
"PEDRO","0m","GRAMINOIDS",0,2.56
"PEDRO","0m","LICHENS",2,0
"PEDRO","10m","DECIDUOUS SHRUBS",93,73.02
"PEDRO","10m","EVERGREEN SHRUBS",2,6.28
"PEDRO","10m","FORBS",2,11.11
"PEDRO","10m","GRAMINOIDS",0.01,0.15
"PEDRO","10m","LICHENS",0.01,0
"PEDRO","20m","DECIDUOUS SHRUBS",45,66.93
"PEDRO","20m","EVERGREEN SHRUBS",38,29.85
"PEDRO","20m","FORBS",15,2.31
"PEDRO","20m","GRAMINOIDS",0,0.9
"PEDRO","20m","LICHENS",0.01,0
"PEDRO","30m","DECIDUOUS SHRUBS",60,89.9
"PEDRO","30m","EVERGREEN SHRUBS",31,6.93
"PEDRO","30m","FORBS",6,0.95
"PEDRO","30m","GRAMINOIDS",1,0.35
"PEDRO","30m","LICHENS",0,0
"PEDRO","40m","DECIDUOUS SHRUBS",83,80.74
"PEDRO","40m","EVERGREEN SHRUBS",7,5.68
"PEDRO","40m","FORBS",8,10.31
"PEDRO","40m","GRAMINOIDS",2,0.55
"PEDRO","40m","LICHENS",0,0
"PEDRO","50m","DECIDUOUS SHRUBS",55,45.63
"PEDRO","50m","EVERGREEN SHRUBS",15,38.35
"PEDRO","50m","FORBS",2,4.07
"PEDRO","50m","GRAMINOIDS",0.01,3.16
"PEDRO","50m","LICHENS",0,0
"PEDRO","60m","DECIDUOUS SHRUBS",34,37.1
"PEDRO","60m","EVERGREEN SHRUBS",14,40.42
"PEDRO","60m","FORBS",12,0.65
"PEDRO","60m","GRAMINOIDS",2,0.3
"PEDRO","60m","LICHENS",4,0
"PEDRO","70m","DECIDUOUS SHRUBS",40,82.43
"PEDRO","70m","EVERGREEN SHRUBS",58,8.94
"PEDRO","70m","FORBS",2.01,7.23
"PEDRO","70m","GRAMINOIDS",0,0.6
"PEDRO","70m","LICHENS",0,0
"PEDRO","80m","DECIDUOUS SHRUBS",62,34.07
"PEDRO","80m","EVERGREEN SHRUBS",32,40.34
"PEDRO","80m","FORBS",0,19.57
"PEDRO","80m","GRAMINOIDS",0,1.81
"PEDRO","80m","LICHENS",2,0
"PEDRO","90m","DECIDUOUS SHRUBS",50,76.56
"PEDRO","90m","EVERGREEN SHRUBS",0,7.43
"PEDRO","90m","FORBS",4,2.21
"PEDRO","90m","GRAMINOIDS",0,0.45
"PEDRO","90m","LICHENS",2,0
"PINNELL","0m","DECIDUOUS SHRUBS",0,5.68
"PINNELL","0m","EVERGREEN SHRUBS",76,63.51
"PINNELL","0m","FORBS",0.01,0.84
"PINNELL","0m","GRAMINOIDS",1,9.63
"PINNELL","0m","LICHENS",22,8.03
"PINNELL","10m","DECIDUOUS SHRUBS",14,3.22
"PINNELL","10m","EVERGREEN SHRUBS",23,39.05
"PINNELL","10m","FORBS",0.01,0.48
"PINNELL","10m","GRAMINOIDS",0.01,10.13
"PINNELL","10m","LICHENS",47.01,32.75
"PINNELL","20m","DECIDUOUS SHRUBS",31,24.24
"PINNELL","20m","EVERGREEN SHRUBS",10,33.36
"PINNELL","20m","FORBS",0,0
"PINNELL","20m","GRAMINOIDS",8,17.49
"PINNELL","20m","LICHENS",33.02,10.02
"PINNELL","30m","DECIDUOUS SHRUBS",8,0.75
"PINNELL","30m","EVERGREEN SHRUBS",0,13.08
"PINNELL","30m","FORBS",2.01,0
"PINNELL","30m","GRAMINOIDS",12,25.1
"PINNELL","30m","LICHENS",52.01,18.61
"PINNELL","40m","DECIDUOUS SHRUBS",9,5.2
"PINNELL","40m","EVERGREEN SHRUBS",22,16.4
"PINNELL","40m","FORBS",0,0.03
"PINNELL","40m","GRAMINOIDS",10,16.2
"PINNELL","40m","LICHENS",31,9.86
"PINNELL","50m","DECIDUOUS SHRUBS",20,14.61
"PINNELL","50m","EVERGREEN SHRUBS",13,24.15
"PINNELL","50m","FORBS",0,0.03
"PINNELL","50m","GRAMINOIDS",3,6.86
"PINNELL","50m","LICHENS",7,1.68
"PINNELL","60m","DECIDUOUS SHRUBS",0,0.22
"PINNELL","60m","EVERGREEN SHRUBS",18,16.65
"PINNELL","60m","FORBS",0,0.08
"PINNELL","60m","GRAMINOIDS",2,6.83
"PINNELL","60m","LICHENS",50,55.18
"PINNELL","70m","DECIDUOUS SHRUBS",37,46.57
"PINNELL","70m","EVERGREEN SHRUBS",8,18.2
"PINNELL","70m","FORBS",0,0.64
"PINNELL","70m","GRAMINOIDS",10,6.83
"PINNELL","70m","LICHENS",37,11.71
"PINNELL","80m","DECIDUOUS SHRUBS",7,6.13
"PINNELL","80m","EVERGREEN SHRUBS",13,42.55
"PINNELL","80m","FORBS",0,0.14
"PINNELL","80m","GRAMINOIDS",2,3.84
"PINNELL","80m","LICHENS",18,2.86
"PINNELL","90m","DECIDUOUS SHRUBS",0,1.93
"PINNELL","90m","EVERGREEN SHRUBS",43,53.57
"PINNELL","90m","FORBS",0.02,0.42
"PINNELL","90m","GRAMINOIDS",1.01,14.53
"PINNELL","90m","LICHENS",33,22.09
"PORCUPINECREEK","0m","DECIDUOUS SHRUBS",4,0
"PORCUPINECREEK","0m","EVERGREEN SHRUBS",45,3.73
"PORCUPINECREEK","0m","FORBS",7,0
"PORCUPINECREEK","0m","GRAMINOIDS",24,84.61
"PORCUPINECREEK","0m","LICHENS",14,7.89
"PORCUPINECREEK","10m","DECIDUOUS SHRUBS",60,28.13
"PORCUPINECREEK","10m","EVERGREEN SHRUBS",15,38.02
"PORCUPINECREEK","10m","FORBS",0,0
"PORCUPINECREEK","10m","GRAMINOIDS",12,18.23
"PORCUPINECREEK","10m","LICHENS",12.01,8.43
"PORCUPINECREEK","20m","DECIDUOUS SHRUBS",62,43.88
"PORCUPINECREEK","20m","EVERGREEN SHRUBS",20,43.97
"PORCUPINECREEK","20m","FORBS",1,0.04
"PORCUPINECREEK","20m","GRAMINOIDS",7,7.1
"PORCUPINECREEK","20m","LICHENS",7,1.91
"PORCUPINECREEK","30m","DECIDUOUS SHRUBS",42,63.1
"PORCUPINECREEK","30m","EVERGREEN SHRUBS",35,26.78
"PORCUPINECREEK","30m","FORBS",0,0.13
"PORCUPINECREEK","30m","GRAMINOIDS",8.01,3.06
"PORCUPINECREEK","30m","LICHENS",6.02,2.35
"PORCUPINECREEK","40m","DECIDUOUS SHRUBS",19,43.86
"PORCUPINECREEK","40m","EVERGREEN SHRUBS",65,34.01
"PORCUPINECREEK","40m","FORBS",1,0
"PORCUPINECREEK","40m","GRAMINOIDS",3,4.57
"PORCUPINECREEK","40m","LICHENS",7,0.27
"PORCUPINECREEK","50m","DECIDUOUS SHRUBS",28,12.42
"PORCUPINECREEK","50m","EVERGREEN SHRUBS",41,37.56
"PORCUPINECREEK","50m","FORBS",1.02,0
"PORCUPINECREEK","50m","GRAMINOIDS",13,16.98
"PORCUPINECREEK","50m","LICHENS",8.04,6.39
"PORCUPINECREEK","60m","DECIDUOUS SHRUBS",59,23.63
"PORCUPINECREEK","60m","EVERGREEN SHRUBS",15,35.06
"PORCUPINECREEK","60m","FORBS",0,0
"PORCUPINECREEK","60m","GRAMINOIDS",11,8.78
"PORCUPINECREEK","60m","LICHENS",9,4.03
"PORCUPINECREEK","70m","DECIDUOUS SHRUBS",34,29.98
"PORCUPINECREEK","70m","EVERGREEN SHRUBS",22,35.7
"PORCUPINECREEK","70m","FORBS",0.01,0.04
"PORCUPINECREEK","70m","GRAMINOIDS",20,29.67
"PORCUPINECREEK","70m","LICHENS",0,0.89
"PORCUPINECREEK","80m","DECIDUOUS SHRUBS",6,2.22
"PORCUPINECREEK","80m","EVERGREEN SHRUBS",53,20.79
"PORCUPINECREEK","80m","FORBS",7,0.4
"PORCUPINECREEK","80m","GRAMINOIDS",6,23.14
"PORCUPINECREEK","80m","LICHENS",7,26.6
"PORCUPINECREEK","90m","DECIDUOUS SHRUBS",38,20.32
"PORCUPINECREEK","90m","EVERGREEN SHRUBS",22,39.53
"PORCUPINECREEK","90m","FORBS",0,0.13
"PORCUPINECREEK","90m","GRAMINOIDS",14,25.91
"PORCUPINECREEK","90m","LICHENS",12,9.01
"PRINDLE","0m","DECIDUOUS SHRUBS",0,0.37
"PRINDLE","0m","EVERGREEN SHRUBS",8,16.9
"PRINDLE","0m","FORBS",2,0.47
"PRINDLE","0m","GRAMINOIDS",8,36.54
"PRINDLE","0m","LICHENS",39.01,24.66
"PRINDLE","10m","DECIDUOUS SHRUBS",1,0.42
"PRINDLE","10m","EVERGREEN SHRUBS",42,49.08
"PRINDLE","10m","FORBS",4,0.52
"PRINDLE","10m","GRAMINOIDS",5,1.02
"PRINDLE","10m","LICHENS",36,17.91
"PRINDLE","20m","DECIDUOUS SHRUBS",0,1.29
"PRINDLE","20m","EVERGREEN SHRUBS",15,15.68
"PRINDLE","20m","FORBS",0,0.32
"PRINDLE","20m","GRAMINOIDS",6,9.11
"PRINDLE","20m","LICHENS",63,44
"PRINDLE","30m","DECIDUOUS SHRUBS",12,1.74
"PRINDLE","30m","EVERGREEN SHRUBS",23,18.47
"PRINDLE","30m","FORBS",5,0.35
"PRINDLE","30m","GRAMINOIDS",10,35.76
"PRINDLE","30m","LICHENS",38,24.04
"PRINDLE","40m","DECIDUOUS SHRUBS",1,1.54
"PRINDLE","40m","EVERGREEN SHRUBS",34,36.28
"PRINDLE","40m","FORBS",2,2.02
"PRINDLE","40m","GRAMINOIDS",15,17.67
"PRINDLE","40m","LICHENS",27,24.71
"PRINDLE","50m","DECIDUOUS SHRUBS",3,1.54
"PRINDLE","50m","EVERGREEN SHRUBS",32,59.15
"PRINDLE","50m","FORBS",2,0.82
"PRINDLE","50m","GRAMINOIDS",4,11.27
"PRINDLE","50m","LICHENS",28,18.51
"PRINDLE","60m","DECIDUOUS SHRUBS",17,5.85
"PRINDLE","60m","EVERGREEN SHRUBS",23,52.18
"PRINDLE","60m","FORBS",5,0.67
"PRINDLE","60m","GRAMINOIDS",7,20.85
"PRINDLE","60m","LICHENS",16,8.21
"PRINDLE","70m","DECIDUOUS SHRUBS",4,1.79
"PRINDLE","70m","EVERGREEN SHRUBS",8,31.2
"PRINDLE","70m","FORBS",16,0.62
"PRINDLE","70m","GRAMINOIDS",4,19.33
"PRINDLE","70m","LICHENS",25,21.05
"PRINDLE","80m","DECIDUOUS SHRUBS",0,0.22
"PRINDLE","80m","EVERGREEN SHRUBS",45,43.66
"PRINDLE","80m","FORBS",4,1.09
"PRINDLE","80m","GRAMINOIDS",8,35.8
"PRINDLE","80m","LICHENS",30,13.13
"PRINDLE","90m","DECIDUOUS SHRUBS",0,1.84
"PRINDLE","90m","EVERGREEN SHRUBS",25,54.08
"PRINDLE","90m","FORBS",4,3.36
"PRINDLE","90m","GRAMINOIDS",12,29.34
"PRINDLE","90m","LICHENS",39,10.73
"QUARTZ02","0m","DECIDUOUS SHRUBS",6,0.06
"QUARTZ02","0m","EVERGREEN SHRUBS",9,11.7
"QUARTZ02","0m","FORBS",0.01,0
"QUARTZ02","0m","GRAMINOIDS",0.01,4.31
"QUARTZ02","0m","LICHENS",83.02,65.15
"QUARTZ02","10m","DECIDUOUS SHRUBS",0,0
"QUARTZ02","10m","EVERGREEN SHRUBS",45,20.72
"QUARTZ02","10m","FORBS",0,0
"QUARTZ02","10m","GRAMINOIDS",2,7.54
"QUARTZ02","10m","LICHENS",41,50.62
"QUARTZ02","20m","DECIDUOUS SHRUBS",20,31.39
"QUARTZ02","20m","EVERGREEN SHRUBS",75.01,61.63
"QUARTZ02","20m","FORBS",0,0
"QUARTZ02","20m","GRAMINOIDS",0.01,2.5
"QUARTZ02","20m","LICHENS",3.01,4.06
"QUARTZ02","30m","DECIDUOUS SHRUBS",7,0.32
"QUARTZ02","30m","EVERGREEN SHRUBS",13,5.62
"QUARTZ02","30m","FORBS",0,0.09
"QUARTZ02","30m","GRAMINOIDS",3,9.47
"QUARTZ02","30m","LICHENS",70,60.71
"QUARTZ02","40m","DECIDUOUS SHRUBS",11.01,1.06
"QUARTZ02","40m","EVERGREEN SHRUBS",14.01,20.85
"QUARTZ02","40m","FORBS",4,0
"QUARTZ02","40m","GRAMINOIDS",0.01,4.94
"QUARTZ02","40m","LICHENS",57,67.94
"QUARTZ02","50m","DECIDUOUS SHRUBS",23,0.12
"QUARTZ02","50m","EVERGREEN SHRUBS",22,8.71
"QUARTZ02","50m","FORBS",0.01,0.03
"QUARTZ02","50m","GRAMINOIDS",2,35.73
"QUARTZ02","50m","LICHENS",42,26.02
"QUARTZ02","60m","DECIDUOUS SHRUBS",45,40.49
"QUARTZ02","60m","EVERGREEN SHRUBS",0,38.11
"QUARTZ02","60m","FORBS",2.01,0.26
"QUARTZ02","60m","GRAMINOIDS",3,11.49
"QUARTZ02","60m","LICHENS",30,6.23
"QUARTZ02","70m","DECIDUOUS SHRUBS",0,0.26
"QUARTZ02","70m","EVERGREEN SHRUBS",16,20.07
"QUARTZ02","70m","FORBS",6,0.35
"QUARTZ02","70m","GRAMINOIDS",6,6.65
"QUARTZ02","70m","LICHENS",65,52.91
"QUARTZ02","80m","DECIDUOUS SHRUBS",15,0.29
"QUARTZ02","80m","EVERGREEN SHRUBS",0,12.35
"QUARTZ02","80m","FORBS",8,0
"QUARTZ02","80m","GRAMINOIDS",5,12.17
"QUARTZ02","80m","LICHENS",70.02,72.75
"QUARTZ02","90m","DECIDUOUS SHRUBS",6,0.03
"QUARTZ02","90m","EVERGREEN SHRUBS",14,19.57
"QUARTZ02","90m","FORBS",7.01,0
"QUARTZ02","90m","GRAMINOIDS",1,0.03
"QUARTZ02","90m","LICHENS",15,39.2
"SCHAR","0m","DECIDUOUS SHRUBS",8,0.38
"SCHAR","0m","EVERGREEN SHRUBS",32,49.68
"SCHAR","0m","FORBS",0,0
"SCHAR","0m","GRAMINOIDS",2,5.63
"SCHAR","0m","LICHENS",10,9.09
"SCHAR","10m","DECIDUOUS SHRUBS",47.5,49.25
"SCHAR","10m","EVERGREEN SHRUBS",47.5,32.93
"SCHAR","10m","FORBS",0,0
"SCHAR","10m","GRAMINOIDS",4,9.7
"SCHAR","10m","LICHENS",1,1.34
"SCHAR","20m","DECIDUOUS SHRUBS",45,49.14
"SCHAR","20m","EVERGREEN SHRUBS",45.03,13.7
"SCHAR","20m","FORBS",0.01,0
"SCHAR","20m","GRAMINOIDS",4,0.61
"SCHAR","20m","LICHENS",3,2.52
"SCHAR","30m","DECIDUOUS SHRUBS",95,78.59
"SCHAR","30m","EVERGREEN SHRUBS",5.01,20.19
"SCHAR","30m","FORBS",0,0
"SCHAR","30m","GRAMINOIDS",0,0
"SCHAR","30m","LICHENS",0,0
"SCHAR","40m","DECIDUOUS SHRUBS",60,70.37
"SCHAR","40m","EVERGREEN SHRUBS",10,18.5
"SCHAR","40m","FORBS",1,0
"SCHAR","40m","GRAMINOIDS",4,2.54
"SCHAR","40m","LICHENS",4.01,0.35
"SCHAR","50m","DECIDUOUS SHRUBS",61.6,62.62
"SCHAR","50m","EVERGREEN SHRUBS",26.4,29.1
"SCHAR","50m","FORBS",0,0
"SCHAR","50m","GRAMINOIDS",10,0.56
"SCHAR","50m","LICHENS",1.01,0.31
"SCHAR","60m","DECIDUOUS SHRUBS",10,2.49
"SCHAR","60m","EVERGREEN SHRUBS",20,42.33
"SCHAR","60m","FORBS",0,0
"SCHAR","60m","GRAMINOIDS",5,13.48
"SCHAR","60m","LICHENS",30,20.06
"SCHAR","70m","DECIDUOUS SHRUBS",43,39.57
"SCHAR","70m","EVERGREEN SHRUBS",0,16.89
"SCHAR","70m","FORBS",0,0
"SCHAR","70m","GRAMINOIDS",5,8.28
"SCHAR","70m","LICHENS",2.03,6.7
"SCHAR","80m","DECIDUOUS SHRUBS",12.01,33.12
"SCHAR","80m","EVERGREEN SHRUBS",18,33.55
"SCHAR","80m","FORBS",0,0
"SCHAR","80m","GRAMINOIDS",2,8.21
"SCHAR","80m","LICHENS",30.01,11.27
"SCHAR","90m","DECIDUOUS SHRUBS",4.5,0.4
"SCHAR","90m","EVERGREEN SHRUBS",40.51,29
"SCHAR","90m","FORBS",0,0
"SCHAR","90m","GRAMINOIDS",5,19.85
"SCHAR","90m","LICHENS",10.01,17.38
"SEELA","0m","DECIDUOUS SHRUBS",4,0.58
"SEELA","0m","EVERGREEN SHRUBS",15,11.95
"SEELA","0m","FORBS",0.01,0.9
"SEELA","0m","GRAMINOIDS",6,17.27
"SEELA","0m","LICHENS",5,0.45
"SEELA","10m","DECIDUOUS SHRUBS",0,0.06
"SEELA","10m","EVERGREEN SHRUBS",40,39.47
"SEELA","10m","FORBS",0.01,0.67
"SEELA","10m","GRAMINOIDS",5.01,10.93
"SEELA","10m","LICHENS",0,0
"SEELA","20m","DECIDUOUS SHRUBS",0,0.1
"SEELA","20m","EVERGREEN SHRUBS",20,17.37
"SEELA","20m","FORBS",3,0.06
"SEELA","20m","GRAMINOIDS",4,14.19
"SEELA","20m","LICHENS",1.01,0
"SEELA","30m","DECIDUOUS SHRUBS",0.01,0.48
"SEELA","30m","EVERGREEN SHRUBS",35,65.02
"SEELA","30m","FORBS",2,0.38
"SEELA","30m","GRAMINOIDS",4,16.96
"SEELA","30m","LICHENS",0.02,1.73
"SEELA","40m","DECIDUOUS SHRUBS",10,29.83
"SEELA","40m","EVERGREEN SHRUBS",32,39.83
"SEELA","40m","FORBS",4.02,0.42
"SEELA","40m","GRAMINOIDS",2,1.28
"SEELA","40m","LICHENS",48,11.5
"SEELA","50m","DECIDUOUS SHRUBS",0,1.63
"SEELA","50m","EVERGREEN SHRUBS",50,40.84
"SEELA","50m","FORBS",2,0.13
"SEELA","50m","GRAMINOIDS",2,7.94
"SEELA","50m","LICHENS",24.02,5.16
"SEELA","60m","DECIDUOUS SHRUBS",25,8.1
"SEELA","60m","EVERGREEN SHRUBS",12,45.28
"SEELA","60m","FORBS",2.01,0.03
"SEELA","60m","GRAMINOIDS",2,13
"SEELA","60m","LICHENS",32.02,28.69
"SEELA","70m","DECIDUOUS SHRUBS",4.01,1.57
"SEELA","70m","EVERGREEN SHRUBS",20,21.88
"SEELA","70m","FORBS",0.01,0
"SEELA","70m","GRAMINOIDS",20,24.79
"SEELA","70m","LICHENS",25.04,30.49
"SEELA","80m","DECIDUOUS SHRUBS",12,3.78
"SEELA","80m","EVERGREEN SHRUBS",8,28.06
"SEELA","80m","FORBS",1.01,0
"SEELA","80m","GRAMINOIDS",25,17.17
"SEELA","80m","LICHENS",10.02,2.53
"SEELA","90m","DECIDUOUS SHRUBS",0.01,0.67
"SEELA","90m","EVERGREEN SHRUBS",27,68.7
"SEELA","90m","FORBS",9.03,0.45
"SEELA","90m","GRAMINOIDS",3,5.48
"SEELA","90m","LICHENS",5.01,0.26
"SHEEPCREEK","0m","DECIDUOUS SHRUBS",15,0.18
"SHEEPCREEK","0m","EVERGREEN SHRUBS",18,7.41
"SHEEPCREEK","0m","FORBS",0.01,0
"SHEEPCREEK","0m","GRAMINOIDS",50,78.04
"SHEEPCREEK","0m","LICHENS",0,0
"SHEEPCREEK","10m","DECIDUOUS SHRUBS",10,27.76
"SHEEPCREEK","10m","EVERGREEN SHRUBS",40,31.12
"SHEEPCREEK","10m","FORBS",0,0
"SHEEPCREEK","10m","GRAMINOIDS",5,23.43
"SHEEPCREEK","10m","LICHENS",4,0
"SHEEPCREEK","20m","DECIDUOUS SHRUBS",41,49.13
"SHEEPCREEK","20m","EVERGREEN SHRUBS",33,22.39
"SHEEPCREEK","20m","FORBS",1.01,0
"SHEEPCREEK","20m","GRAMINOIDS",15,19.46
"SHEEPCREEK","20m","LICHENS",2,0
"SHEEPCREEK","30m","DECIDUOUS SHRUBS",23,18.64
"SHEEPCREEK","30m","EVERGREEN SHRUBS",37,30.1
"SHEEPCREEK","30m","FORBS",2,0
"SHEEPCREEK","30m","GRAMINOIDS",2,11.52
"SHEEPCREEK","30m","LICHENS",9.01,0
"SHEEPCREEK","40m","DECIDUOUS SHRUBS",65,72.09
"SHEEPCREEK","40m","EVERGREEN SHRUBS",15,13.36
"SHEEPCREEK","40m","FORBS",0,0
"SHEEPCREEK","40m","GRAMINOIDS",16,10.97
"SHEEPCREEK","40m","LICHENS",0,0
"SHEEPCREEK","50m","DECIDUOUS SHRUBS",0,0.79
"SHEEPCREEK","50m","EVERGREEN SHRUBS",35,25.77
"SHEEPCREEK","50m","FORBS",0.01,0
"SHEEPCREEK","50m","GRAMINOIDS",30,58.08
"SHEEPCREEK","50m","LICHENS",0,0
"SHEEPCREEK","60m","DECIDUOUS SHRUBS",4,1.28
"SHEEPCREEK","60m","EVERGREEN SHRUBS",5,19
"SHEEPCREEK","60m","FORBS",1,0
"SHEEPCREEK","60m","GRAMINOIDS",80,73.22
"SHEEPCREEK","60m","LICHENS",1,0
"SHEEPCREEK","70m","DECIDUOUS SHRUBS",13,0.33
"SHEEPCREEK","70m","EVERGREEN SHRUBS",2,1.2
"SHEEPCREEK","70m","FORBS",0,0
"SHEEPCREEK","70m","GRAMINOIDS",35,71.57
"SHEEPCREEK","70m","LICHENS",6,0
"SHEEPCREEK","80m","DECIDUOUS SHRUBS",0,3.01
"SHEEPCREEK","80m","EVERGREEN SHRUBS",7,1.1
"SHEEPCREEK","80m","FORBS",3.01,0
"SHEEPCREEK","80m","GRAMINOIDS",70,58.43
"SHEEPCREEK","80m","LICHENS",8,0.13
"SHEEPCREEK","90m","DECIDUOUS SHRUBS",8,6.24
"SHEEPCREEK","90m","EVERGREEN SHRUBS",12,1.5
"SHEEPCREEK","90m","FORBS",4.01,0
"SHEEPCREEK","90m","GRAMINOIDS",8,46.16
"SHEEPCREEK","90m","LICHENS",3.03,0.71
"SIXTYMILE","0m","DECIDUOUS SHRUBS",20,30.82
"SIXTYMILE","0m","EVERGREEN SHRUBS",11,27.9
"SIXTYMILE","0m","FORBS",0,0.57
"SIXTYMILE","0m","GRAMINOIDS",15,11.56
"SIXTYMILE","0m","LICHENS",27,11.66
"SIXTYMILE","10m","DECIDUOUS SHRUBS",48,52.32
"SIXTYMILE","10m","EVERGREEN SHRUBS",16,15.08
"SIXTYMILE","10m","FORBS",0,0
"SIXTYMILE","10m","GRAMINOIDS",7,4.4
"SIXTYMILE","10m","LICHENS",9,1.44
"SIXTYMILE","20m","DECIDUOUS SHRUBS",10,8.65
"SIXTYMILE","20m","EVERGREEN SHRUBS",23,45.03
"SIXTYMILE","20m","FORBS",0,0.96
"SIXTYMILE","20m","GRAMINOIDS",2,4.59
"SIXTYMILE","20m","LICHENS",30,20.17
"SIXTYMILE","30m","DECIDUOUS SHRUBS",18,44.77
"SIXTYMILE","30m","EVERGREEN SHRUBS",17,25.99
"SIXTYMILE","30m","FORBS",0,0.29
"SIXTYMILE","30m","GRAMINOIDS",0,9.27
"SIXTYMILE","30m","LICHENS",30,10.65
"SIXTYMILE","40m","DECIDUOUS SHRUBS",10,0.91
"SIXTYMILE","40m","EVERGREEN SHRUBS",7,18.88
"SIXTYMILE","40m","FORBS",0,0
"SIXTYMILE","40m","GRAMINOIDS",2,0.33
"SIXTYMILE","40m","LICHENS",45,37.05
"SIXTYMILE","50m","DECIDUOUS SHRUBS",25,65.5
"SIXTYMILE","50m","EVERGREEN SHRUBS",45,21.88
"SIXTYMILE","50m","FORBS",0,0.1
"SIXTYMILE","50m","GRAMINOIDS",2,0.38
"SIXTYMILE","50m","LICHENS",22,1.1
"SIXTYMILE","60m","DECIDUOUS SHRUBS",6,27.27
"SIXTYMILE","60m","EVERGREEN SHRUBS",27,25.12
"SIXTYMILE","60m","FORBS",0,1.91
"SIXTYMILE","60m","GRAMINOIDS",0,1.24
"SIXTYMILE","60m","LICHENS",34,12.37
"SIXTYMILE","70m","DECIDUOUS SHRUBS",30,33.84
"SIXTYMILE","70m","EVERGREEN SHRUBS",5,12.09
"SIXTYMILE","70m","FORBS",0,1.43
"SIXTYMILE","70m","GRAMINOIDS",0,0.67
"SIXTYMILE","70m","LICHENS",41,3.87
"SIXTYMILE","80m","DECIDUOUS SHRUBS",75,84.17
"SIXTYMILE","80m","EVERGREEN SHRUBS",0,1.19
"SIXTYMILE","80m","FORBS",0,0
"SIXTYMILE","80m","GRAMINOIDS",2,1.24
"SIXTYMILE","80m","LICHENS",16,0
"SIXTYMILE","90m","DECIDUOUS SHRUBS",22,37.28
"SIXTYMILE","90m","EVERGREEN SHRUBS",22,14.18
"SIXTYMILE","90m","FORBS",0,1.58
"SIXTYMILE","90m","GRAMINOIDS",6,14.8
"SIXTYMILE","90m","LICHENS",30,8.69
"SOUTHSTONEBOY","0m","DECIDUOUS SHRUBS",31,39.43
"SOUTHSTONEBOY","0m","EVERGREEN SHRUBS",21,29.45
"SOUTHSTONEBOY","0m","FORBS",1,0.16
"SOUTHSTONEBOY","0m","GRAMINOIDS",8,10.18
"SOUTHSTONEBOY","0m","LICHENS",11,2.77
"SOUTHSTONEBOY","10m","DECIDUOUS SHRUBS",15.01,21.53
"SOUTHSTONEBOY","10m","EVERGREEN SHRUBS",34,37.98
"SOUTHSTONEBOY","10m","FORBS",5.01,0.31
"SOUTHSTONEBOY","10m","GRAMINOIDS",2,14.73
"SOUTHSTONEBOY","10m","LICHENS",14.01,2.46
"SOUTHSTONEBOY","20m","DECIDUOUS SHRUBS",24,32.34
"SOUTHSTONEBOY","20m","EVERGREEN SHRUBS",14,29.73
"SOUTHSTONEBOY","20m","FORBS",1,0.05
"SOUTHSTONEBOY","20m","GRAMINOIDS",4,1.52
"SOUTHSTONEBOY","20m","LICHENS",16,1.2
"SOUTHSTONEBOY","30m","DECIDUOUS SHRUBS",0,0.47
"SOUTHSTONEBOY","30m","EVERGREEN SHRUBS",60,25.91
"SOUTHSTONEBOY","30m","FORBS",1.02,0
"SOUTHSTONEBOY","30m","GRAMINOIDS",10.01,66.93
"SOUTHSTONEBOY","30m","LICHENS",8,1.93
"SOUTHSTONEBOY","40m","DECIDUOUS SHRUBS",2,2.56
"SOUTHSTONEBOY","40m","EVERGREEN SHRUBS",65,64.11
"SOUTHSTONEBOY","40m","FORBS",12,0.05
"SOUTHSTONEBOY","40m","GRAMINOIDS",8,14.26
"SOUTHSTONEBOY","40m","LICHENS",6,2.87
"SOUTHSTONEBOY","50m","DECIDUOUS SHRUBS",0,0
"SOUTHSTONEBOY","50m","EVERGREEN SHRUBS",0,0
"SOUTHSTONEBOY","50m","FORBS",0,0
"SOUTHSTONEBOY","50m","GRAMINOIDS",0,0.16
"SOUTHSTONEBOY","50m","LICHENS",8,0.1
"SOUTHSTONEBOY","60m","DECIDUOUS SHRUBS",23,17.72
"SOUTHSTONEBOY","60m","EVERGREEN SHRUBS",54,68.11
"SOUTHSTONEBOY","60m","FORBS",2,0.05
"SOUTHSTONEBOY","60m","GRAMINOIDS",12.01,12.23
"SOUTHSTONEBOY","60m","LICHENS",3,0
"SOUTHSTONEBOY","70m","DECIDUOUS SHRUBS",0.01,9.09
"SOUTHSTONEBOY","70m","EVERGREEN SHRUBS",55,71.59
"SOUTHSTONEBOY","70m","FORBS",4,3.08
"SOUTHSTONEBOY","70m","GRAMINOIDS",16,5.64
"SOUTHSTONEBOY","70m","LICHENS",16.02,0
"SOUTHSTONEBOY","80m","DECIDUOUS SHRUBS",17,4.6
"SOUTHSTONEBOY","80m","EVERGREEN SHRUBS",35,34.28
"SOUTHSTONEBOY","80m","FORBS",1,0.05
"SOUTHSTONEBOY","80m","GRAMINOIDS",10,30.56
"SOUTHSTONEBOY","80m","LICHENS",10,4.92
"SOUTHSTONEBOY","90m","DECIDUOUS SHRUBS",1,5.43
"SOUTHSTONEBOY","90m","EVERGREEN SHRUBS",38,10.03
"SOUTHSTONEBOY","90m","FORBS",2.01,0
"SOUTHSTONEBOY","90m","GRAMINOIDS",20,61.65
"SOUTHSTONEBOY","90m","LICHENS",24.03,2.66
"SPRINGRIVER","0m","DECIDUOUS SHRUBS",0,8.31
"SPRINGRIVER","0m","EVERGREEN SHRUBS",15,21.28
"SPRINGRIVER","0m","FORBS",30.03,8.29
"SPRINGRIVER","0m","GRAMINOIDS",31,54.5
"SPRINGRIVER","0m","LICHENS",0,0
"SPRINGRIVER","10m","DECIDUOUS SHRUBS",0,7.09
"SPRINGRIVER","10m","EVERGREEN SHRUBS",60,71.18
"SPRINGRIVER","10m","FORBS",15.01,11.04
"SPRINGRIVER","10m","GRAMINOIDS",16,5.85
"SPRINGRIVER","10m","LICHENS",4,0.04
"SPRINGRIVER","20m","DECIDUOUS SHRUBS",58,45.46
"SPRINGRIVER","20m","EVERGREEN SHRUBS",24,33.68
"SPRINGRIVER","20m","FORBS",0.01,11.37
"SPRINGRIVER","20m","GRAMINOIDS",0,6.87
"SPRINGRIVER","20m","LICHENS",6.01,0
"SPRINGRIVER","30m","DECIDUOUS SHRUBS",4,1.94
"SPRINGRIVER","30m","EVERGREEN SHRUBS",40,37.17
"SPRINGRIVER","30m","FORBS",3.01,0.98
"SPRINGRIVER","30m","GRAMINOIDS",2,7.43
"SPRINGRIVER","30m","LICHENS",4,0.04
"SPRINGRIVER","40m","DECIDUOUS SHRUBS",4,0.9
"SPRINGRIVER","40m","EVERGREEN SHRUBS",36,43.87
"SPRINGRIVER","40m","FORBS",20.01,14.48
"SPRINGRIVER","40m","GRAMINOIDS",2,21.62
"SPRINGRIVER","40m","LICHENS",5.01,0.63
"SPRINGRIVER","50m","DECIDUOUS SHRUBS",30,13.29
"SPRINGRIVER","50m","EVERGREEN SHRUBS",20,33.33
"SPRINGRIVER","50m","FORBS",28.03,17.03
"SPRINGRIVER","50m","GRAMINOIDS",2,30.01
"SPRINGRIVER","50m","LICHENS",0,0
"SPRINGRIVER","60m","DECIDUOUS SHRUBS",8,1.47
"SPRINGRIVER","60m","EVERGREEN SHRUBS",25,34.04
"SPRINGRIVER","60m","FORBS",2.02,0.12
"SPRINGRIVER","60m","GRAMINOIDS",4,8.67
"SPRINGRIVER","60m","LICHENS",0.01,0
"SPRINGRIVER","70m","DECIDUOUS SHRUBS",10,8.77
"SPRINGRIVER","70m","EVERGREEN SHRUBS",15,32.09
"SPRINGRIVER","70m","FORBS",40,10.02
"SPRINGRIVER","70m","GRAMINOIDS",15,27.57
"SPRINGRIVER","70m","LICHENS",6,0.12
"SPRINGRIVER","80m","DECIDUOUS SHRUBS",35,23.4
"SPRINGRIVER","80m","EVERGREEN SHRUBS",0,26.64
"SPRINGRIVER","80m","FORBS",0.01,10.8
"SPRINGRIVER","80m","GRAMINOIDS",30,29.77
"SPRINGRIVER","80m","LICHENS",0,0
"SPRINGRIVER","90m","DECIDUOUS SHRUBS",4,1.9
"SPRINGRIVER","90m","EVERGREEN SHRUBS",60,58.27
"SPRINGRIVER","90m","FORBS",25.01,5.36
"SPRINGRIVER","90m","GRAMINOIDS",1,25.52
"SPRINGRIVER","90m","LICHENS",4,2.84
"STONE01","0m","DECIDUOUS SHRUBS",57,46.53
"STONE01","0m","EVERGREEN SHRUBS",9,23.37
"STONE01","0m","FORBS",0.01,0.17
"STONE01","0m","GRAMINOIDS",8,11.44
"STONE01","0m","LICHENS",16,9.27
"STONE01","10m","DECIDUOUS SHRUBS",31,25.54
"STONE01","10m","EVERGREEN SHRUBS",49,51.82
"STONE01","10m","FORBS",0,0.31
"STONE01","10m","GRAMINOIDS",3,6.9
"STONE01","10m","LICHENS",8,3.85
"STONE01","20m","DECIDUOUS SHRUBS",24.01,9.54
"STONE01","20m","EVERGREEN SHRUBS",42,59.51
"STONE01","20m","FORBS",0.01,0.27
"STONE01","20m","GRAMINOIDS",4,11.46
"STONE01","20m","LICHENS",14.01,11.87
"STONE01","30m","DECIDUOUS SHRUBS",33,22.1
"STONE01","30m","EVERGREEN SHRUBS",7,42.04
"STONE01","30m","FORBS",0,0
"STONE01","30m","GRAMINOIDS",35,14.71
"STONE01","30m","LICHENS",0.01,5.18
"STONE01","40m","DECIDUOUS SHRUBS",29,10
"STONE01","40m","EVERGREEN SHRUBS",31,44.24
"STONE01","40m","FORBS",0.01,0.92
"STONE01","40m","GRAMINOIDS",9,22.24
"STONE01","40m","LICHENS",15,10.82
"STONE01","50m","DECIDUOUS SHRUBS",14,2.42
"STONE01","50m","EVERGREEN SHRUBS",31,40.45
"STONE01","50m","FORBS",2,0.94
"STONE01","50m","GRAMINOIDS",15,16.75
"STONE01","50m","LICHENS",15,10.55
"STONE01","60m","DECIDUOUS SHRUBS",45,25.08
"STONE01","60m","EVERGREEN SHRUBS",35,46.61
"STONE01","60m","FORBS",0.01,0.12
"STONE01","60m","GRAMINOIDS",2,8.4
"STONE01","60m","LICHENS",10,5.52
"STONE01","70m","DECIDUOUS SHRUBS",33,10.9
"STONE01","70m","EVERGREEN SHRUBS",7,29.03
"STONE01","70m","FORBS",1,0.41
"STONE01","70m","GRAMINOIDS",10,34.82
"STONE01","70m","LICHENS",17,9.37
"STONE01","80m","DECIDUOUS SHRUBS",49,31.26
"STONE01","80m","EVERGREEN SHRUBS",16,31.14
"STONE01","80m","FORBS",0,0
"STONE01","80m","GRAMINOIDS",9,11.43
"STONE01","80m","LICHENS",10.04,7.22
"STONE01","90m","DECIDUOUS SHRUBS",37,27.29
"STONE01","90m","EVERGREEN SHRUBS",3,19.9
"STONE01","90m","FORBS",0,0.1
"STONE01","90m","GRAMINOIDS",25,18.35
"STONE01","90m","LICHENS",6,5.28
"STONE02","0m","DECIDUOUS SHRUBS",40,48.24
"STONE02","0m","EVERGREEN SHRUBS",16,29.73
"STONE02","0m","FORBS",0.01,0.46
"STONE02","0m","GRAMINOIDS",10,1.6
"STONE02","0m","LICHENS",0.02,0
"STONE02","10m","DECIDUOUS SHRUBS",51,42.31
"STONE02","10m","EVERGREEN SHRUBS",9,29.78
"STONE02","10m","FORBS",2,0.4
"STONE02","10m","GRAMINOIDS",8,2.21
"STONE02","10m","LICHENS",0.02,0
"STONE02","20m","DECIDUOUS SHRUBS",20,30.24
"STONE02","20m","EVERGREEN SHRUBS",26,39.73
"STONE02","20m","FORBS",0,0.36
"STONE02","20m","GRAMINOIDS",5,14.3
"STONE02","20m","LICHENS",4,0.13
"STONE02","30m","DECIDUOUS SHRUBS",57.6,34.06
"STONE02","30m","EVERGREEN SHRUBS",14.4,34.28
"STONE02","30m","FORBS",0.01,0.04
"STONE02","30m","GRAMINOIDS",2,7.89
"STONE02","30m","LICHENS",1,0
"STONE02","40m","DECIDUOUS SHRUBS",26,29.22
"STONE02","40m","EVERGREEN SHRUBS",14,28
"STONE02","40m","FORBS",0.01,0.32
"STONE02","40m","GRAMINOIDS",12,8.6
"STONE02","40m","LICHENS",2.02,0
"STONE02","50m","DECIDUOUS SHRUBS",25,3.21
"STONE02","50m","EVERGREEN SHRUBS",0.01,14.74
"STONE02","50m","FORBS",0,0
"STONE02","50m","GRAMINOIDS",25,33.23
"STONE02","50m","LICHENS",0,0.32
"STONE02","60m","DECIDUOUS SHRUBS",41,50.92
"STONE02","60m","EVERGREEN SHRUBS",17,19.91
"STONE02","60m","FORBS",0,0.23
"STONE02","60m","GRAMINOIDS",10,10.72
"STONE02","60m","LICHENS",0.02,0.02
"STONE02","70m","DECIDUOUS SHRUBS",15.75,4.6
"STONE02","70m","EVERGREEN SHRUBS",47.25,31.34
"STONE02","70m","FORBS",0,0
"STONE02","70m","GRAMINOIDS",15,44.71
"STONE02","70m","LICHENS",2.01,0.78
"STONE02","80m","DECIDUOUS SHRUBS",26,23.95
"STONE02","80m","EVERGREEN SHRUBS",17,37.02
"STONE02","80m","FORBS",5,0.65
"STONE02","80m","GRAMINOIDS",19.01,21.15
"STONE02","80m","LICHENS",3,0.02
"STONE02","90m","DECIDUOUS SHRUBS",30.4,22.33
"STONE02","90m","EVERGREEN SHRUBS",1.61,12.38
"STONE02","90m","FORBS",0.01,0.02
"STONE02","90m","GRAMINOIDS",15,13.77
"STONE02","90m","LICHENS",2,0.46
"SWEDE","0m","DECIDUOUS SHRUBS",34.01,16.05
"SWEDE","0m","EVERGREEN SHRUBS",33,55.2
"SWEDE","0m","FORBS",1,3.32
"SWEDE","0m","GRAMINOIDS",25,21.09
"SWEDE","0m","LICHENS",6,2.86
"SWEDE","10m","DECIDUOUS SHRUBS",25,18.97
"SWEDE","10m","EVERGREEN SHRUBS",47,53.13
"SWEDE","10m","FORBS",3,3.94
"SWEDE","10m","GRAMINOIDS",5,21.43
"SWEDE","10m","LICHENS",15.01,1.02
"SWEDE","20m","DECIDUOUS SHRUBS",10,3.86
"SWEDE","20m","EVERGREEN SHRUBS",14,14.83
"SWEDE","20m","FORBS",22.01,14.66
"SWEDE","20m","GRAMINOIDS",3,15.8
"SWEDE","20m","LICHENS",47.01,40.3
"SWEDE","30m","DECIDUOUS SHRUBS",18,2.47
"SWEDE","30m","EVERGREEN SHRUBS",33,33.13
"SWEDE","30m","FORBS",4,8.99
"SWEDE","30m","GRAMINOIDS",2,22.95
"SWEDE","30m","LICHENS",42,26.1
"SWEDE","40m","DECIDUOUS SHRUBS",67,67.73
"SWEDE","40m","EVERGREEN SHRUBS",15,19.81
"SWEDE","40m","FORBS",10,4.8
"SWEDE","40m","GRAMINOIDS",4,6.78
"SWEDE","40m","LICHENS",0.02,0.2
"SWEDE","50m","DECIDUOUS SHRUBS",11,14.92
"SWEDE","50m","EVERGREEN SHRUBS",41,33.08
"SWEDE","50m","FORBS",20,29.3
"SWEDE","50m","GRAMINOIDS",22,16.37
"SWEDE","50m","LICHENS",1,1.45
"SWEDE","60m","DECIDUOUS SHRUBS",10,18.39
"SWEDE","60m","EVERGREEN SHRUBS",47,37.43
"SWEDE","60m","FORBS",28,30.31
"SWEDE","60m","GRAMINOIDS",4,9.39
"SWEDE","60m","LICHENS",1.01,1.02
"SWEDE","70m","DECIDUOUS SHRUBS",10,12.08
"SWEDE","70m","EVERGREEN SHRUBS",10.01,23.45
"SWEDE","70m","FORBS",45,19.28
"SWEDE","70m","GRAMINOIDS",25,30.45
"SWEDE","70m","LICHENS",0,0.79
"SWEDE","80m","DECIDUOUS SHRUBS",29,11.7
"SWEDE","80m","EVERGREEN SHRUBS",34,35.37
"SWEDE","80m","FORBS",3,25.29
"SWEDE","80m","GRAMINOIDS",10,20.31
"SWEDE","80m","LICHENS",3,1.7
"SWEDE","90m","DECIDUOUS SHRUBS",24,14.07
"SWEDE","90m","EVERGREEN SHRUBS",31.01,19.77
"SWEDE","90m","FORBS",9,32.81
"SWEDE","90m","GRAMINOIDS",6,7.09
"SWEDE","90m","LICHENS",14,7.37
"THISTLE","0m","DECIDUOUS SHRUBS",13,0.27
"THISTLE","0m","EVERGREEN SHRUBS",17,16.68
"THISTLE","0m","FORBS",2,0
"THISTLE","0m","GRAMINOIDS",9,20.64
"THISTLE","0m","LICHENS",53,62.27
"THISTLE","10m","DECIDUOUS SHRUBS",2,0.86
"THISTLE","10m","EVERGREEN SHRUBS",22.01,17.87
"THISTLE","10m","FORBS",20,10.83
"THISTLE","10m","GRAMINOIDS",8.01,26.62
"THISTLE","10m","LICHENS",46.02,41.64
"THISTLE","20m","DECIDUOUS SHRUBS",27,5.24
"THISTLE","20m","EVERGREEN SHRUBS",19.01,45.48
"THISTLE","20m","FORBS",1,2.4
"THISTLE","20m","GRAMINOIDS",14,36.21
"THISTLE","20m","LICHENS",39.01,5.24
"THISTLE","30m","DECIDUOUS SHRUBS",26.01,16.68
"THISTLE","30m","EVERGREEN SHRUBS",42,51.53
"THISTLE","30m","FORBS",0,0.48
"THISTLE","30m","GRAMINOIDS",4,10.38
"THISTLE","30m","LICHENS",18.02,6.07
"THISTLE","40m","DECIDUOUS SHRUBS",35,23.01
"THISTLE","40m","EVERGREEN SHRUBS",28,43.37
"THISTLE","40m","FORBS",0.01,0.38
"THISTLE","40m","GRAMINOIDS",8,21.12
"THISTLE","40m","LICHENS",15,6.04
"THISTLE","50m","DECIDUOUS SHRUBS",21,26.69
"THISTLE","50m","EVERGREEN SHRUBS",48,54.78
"THISTLE","50m","FORBS",0,1.53
"THISTLE","50m","GRAMINOIDS",6,12.56
"THISTLE","50m","LICHENS",6.01,0
"THISTLE","60m","DECIDUOUS SHRUBS",25,6.99
"THISTLE","60m","EVERGREEN SHRUBS",13.01,38.2
"THISTLE","60m","FORBS",1,0.96
"THISTLE","60m","GRAMINOIDS",6,11.08
"THISTLE","60m","LICHENS",55.01,32.74
"THISTLE","70m","DECIDUOUS SHRUBS",6.01,0.13
"THISTLE","70m","EVERGREEN SHRUBS",30.01,32.86
"THISTLE","70m","FORBS",2.01,0
"THISTLE","70m","GRAMINOIDS",20,42.67
"THISTLE","70m","LICHENS",38.03,9.58
"THISTLE","80m","DECIDUOUS SHRUBS",27,5.3
"THISTLE","80m","EVERGREEN SHRUBS",15.01,45.61
"THISTLE","80m","FORBS",1.01,0.19
"THISTLE","80m","GRAMINOIDS",20,21.78
"THISTLE","80m","LICHENS",2.06,3.77
"THISTLE","90m","DECIDUOUS SHRUBS",19,1.09
"THISTLE","90m","EVERGREEN SHRUBS",2,10.73
"THISTLE","90m","FORBS",2,0.38
"THISTLE","90m","GRAMINOIDS",6,2.23
"THISTLE","90m","LICHENS",67.01,47.25
"TOPOFTHEWORLD","0m","DECIDUOUS SHRUBS",15,67.74
"TOPOFTHEWORLD","0m","EVERGREEN SHRUBS",15,24.05
"TOPOFTHEWORLD","0m","FORBS",0,0
"TOPOFTHEWORLD","0m","GRAMINOIDS",0,0
"TOPOFTHEWORLD","0m","LICHENS",0.01,0.09
"TOPOFTHEWORLD","10m","DECIDUOUS SHRUBS",21.26,47.23
"TOPOFTHEWORLD","10m","EVERGREEN SHRUBS",3.75,7.04
"TOPOFTHEWORLD","10m","FORBS",5,0
"TOPOFTHEWORLD","10m","GRAMINOIDS",10,1
"TOPOFTHEWORLD","10m","LICHENS",60,21.9
"TOPOFTHEWORLD","20m","DECIDUOUS SHRUBS",40,48.14
"TOPOFTHEWORLD","20m","EVERGREEN SHRUBS",40,42.91
"TOPOFTHEWORLD","20m","FORBS",5,0
"TOPOFTHEWORLD","20m","GRAMINOIDS",0.02,0
"TOPOFTHEWORLD","20m","LICHENS",0,0
"TOPOFTHEWORLD","30m","DECIDUOUS SHRUBS",31.2,54.45
"TOPOFTHEWORLD","30m","EVERGREEN SHRUBS",48.8,45.11
"TOPOFTHEWORLD","30m","FORBS",5,0
"TOPOFTHEWORLD","30m","GRAMINOIDS",0.01,0
"TOPOFTHEWORLD","30m","LICHENS",0.01,0.07
"TOPOFTHEWORLD","40m","DECIDUOUS SHRUBS",85,58.26
"TOPOFTHEWORLD","40m","EVERGREEN SHRUBS",15,37.35
"TOPOFTHEWORLD","40m","FORBS",0.01,0
"TOPOFTHEWORLD","40m","GRAMINOIDS",0,0
"TOPOFTHEWORLD","40m","LICHENS",0.01,0.41
"TOPOFTHEWORLD","50m","DECIDUOUS SHRUBS",60,77.35
"TOPOFTHEWORLD","50m","EVERGREEN SHRUBS",15,17.65
"TOPOFTHEWORLD","50m","FORBS",0,0
"TOPOFTHEWORLD","50m","GRAMINOIDS",0.01,0.17
"TOPOFTHEWORLD","50m","LICHENS",10.01,0.82
"TOPOFTHEWORLD","60m","DECIDUOUS SHRUBS",50.875,38.26
"TOPOFTHEWORLD","60m","EVERGREEN SHRUBS",41.625,53.53
"TOPOFTHEWORLD","60m","FORBS",0,0
"TOPOFTHEWORLD","60m","GRAMINOIDS",0.01,0
"TOPOFTHEWORLD","60m","LICHENS",2.5,0.52
"TOPOFTHEWORLD","70m","DECIDUOUS SHRUBS",66.5,75.35
"TOPOFTHEWORLD","70m","EVERGREEN SHRUBS",28.5,23.01
"TOPOFTHEWORLD","70m","FORBS",0.01,0
"TOPOFTHEWORLD","70m","GRAMINOIDS",5,0
"TOPOFTHEWORLD","70m","LICHENS",0,0.09
"TOPOFTHEWORLD","80m","DECIDUOUS SHRUBS",63.75,72.02
"TOPOFTHEWORLD","80m","EVERGREEN SHRUBS",21.26,9.66
"TOPOFTHEWORLD","80m","FORBS",0,0
"TOPOFTHEWORLD","80m","GRAMINOIDS",0,0.28
"TOPOFTHEWORLD","80m","LICHENS",15,14.88
"TOPOFTHEWORLD","90m","DECIDUOUS SHRUBS",38.25,42.71
"TOPOFTHEWORLD","90m","EVERGREEN SHRUBS",6.75,3.72
"TOPOFTHEWORLD","90m","FORBS",0,0
"TOPOFTHEWORLD","90m","GRAMINOIDS",20,2.55
"TOPOFTHEWORLD","90m","LICHENS",30.02,37.22
"TOWYK","0m","DECIDUOUS SHRUBS",35,39.43
"TOWYK","0m","EVERGREEN SHRUBS",5,45.45
"TOWYK","0m","FORBS",0,0
"TOWYK","0m","GRAMINOIDS",5,0
"TOWYK","0m","LICHENS",33,1.65
"TOWYK","10m","DECIDUOUS SHRUBS",10,5.99
"TOWYK","10m","EVERGREEN SHRUBS",25,37.41
"TOWYK","10m","FORBS",0,0
"TOWYK","10m","GRAMINOIDS",4,0
"TOWYK","10m","LICHENS",16,1.24
"TOWYK","20m","DECIDUOUS SHRUBS",40,54.12
"TOWYK","20m","EVERGREEN SHRUBS",13,20.98
"TOWYK","20m","FORBS",0,0
"TOWYK","20m","GRAMINOIDS",0.01,0
"TOWYK","20m","LICHENS",14,0.03
"TOWYK","30m","DECIDUOUS SHRUBS",4,16.2
"TOWYK","30m","EVERGREEN SHRUBS",47,52.55
"TOWYK","30m","FORBS",0,0
"TOWYK","30m","GRAMINOIDS",3,0
"TOWYK","30m","LICHENS",16,2.58
"TOWYK","40m","DECIDUOUS SHRUBS",25,61.66
"TOWYK","40m","EVERGREEN SHRUBS",25,32.38
"TOWYK","40m","FORBS",0,0
"TOWYK","40m","GRAMINOIDS",5,0
"TOWYK","40m","LICHENS",27,0.31
"TOWYK","50m","DECIDUOUS SHRUBS",1,11.63
"TOWYK","50m","EVERGREEN SHRUBS",26,48.18
"TOWYK","50m","FORBS",0,0
"TOWYK","50m","GRAMINOIDS",3,0
"TOWYK","50m","LICHENS",7,1.75
"TOWYK","60m","DECIDUOUS SHRUBS",0,27.1
"TOWYK","60m","EVERGREEN SHRUBS",40,22.25
"TOWYK","60m","FORBS",0,0
"TOWYK","60m","GRAMINOIDS",0,0
"TOWYK","60m","LICHENS",22,0.07
"TOWYK","70m","DECIDUOUS SHRUBS",0,17.12
"TOWYK","70m","EVERGREEN SHRUBS",18,59.28
"TOWYK","70m","FORBS",0,0
"TOWYK","70m","GRAMINOIDS",2,0
"TOWYK","70m","LICHENS",63,2.82
"TOWYK","80m","DECIDUOUS SHRUBS",6,6.92
"TOWYK","80m","EVERGREEN SHRUBS",18,18.7
"TOWYK","80m","FORBS",0,0
"TOWYK","80m","GRAMINOIDS",6,0
"TOWYK","80m","LICHENS",14,0.17
"TOWYK","90m","DECIDUOUS SHRUBS",2,3.79
"TOWYK","90m","EVERGREEN SHRUBS",18,21.14
"TOWYK","90m","FORBS",0,0
"TOWYK","90m","GRAMINOIDS",2,0
"TOWYK","90m","LICHENS",16,0.76
"TWELVEMILE","0m","DECIDUOUS SHRUBS",5,0.6
"TWELVEMILE","0m","EVERGREEN SHRUBS",2,0
"TWELVEMILE","0m","FORBS",0.01,0
"TWELVEMILE","0m","GRAMINOIDS",3,0
"TWELVEMILE","0m","LICHENS",90.01,89.22
"TWELVEMILE","10m","DECIDUOUS SHRUBS",15,9.34
"TWELVEMILE","10m","EVERGREEN SHRUBS",5,4.47
"TWELVEMILE","10m","FORBS",1,0
"TWELVEMILE","10m","GRAMINOIDS",3,11.46
"TWELVEMILE","10m","LICHENS",75.01,59.19
"TWELVEMILE","20m","DECIDUOUS SHRUBS",8,2.34
"TWELVEMILE","20m","EVERGREEN SHRUBS",2,0.57
"TWELVEMILE","20m","FORBS",0,0
"TWELVEMILE","20m","GRAMINOIDS",0.01,1.36
"TWELVEMILE","20m","LICHENS",90,52.94
"TWELVEMILE","30m","DECIDUOUS SHRUBS",68,63.62
"TWELVEMILE","30m","EVERGREEN SHRUBS",2,0.49
"TWELVEMILE","30m","FORBS",0,0
"TWELVEMILE","30m","GRAMINOIDS",0.01,0.52
"TWELVEMILE","30m","LICHENS",30.03,7.54
"TWELVEMILE","40m","DECIDUOUS SHRUBS",0,0.05
"TWELVEMILE","40m","EVERGREEN SHRUBS",2,0
"TWELVEMILE","40m","FORBS",0,0
"TWELVEMILE","40m","GRAMINOIDS",2,1.47
"TWELVEMILE","40m","LICHENS",96,86.01
"TWELVEMILE","50m","DECIDUOUS SHRUBS",3.01,0.05
"TWELVEMILE","50m","EVERGREEN SHRUBS",2.01,0.93
"TWELVEMILE","50m","FORBS",0,0
"TWELVEMILE","50m","GRAMINOIDS",5,4.22
"TWELVEMILE","50m","LICHENS",80.01,74.72
"TWELVEMILE","60m","DECIDUOUS SHRUBS",12,1.2
"TWELVEMILE","60m","EVERGREEN SHRUBS",13,9.73
"TWELVEMILE","60m","FORBS",0,0
"TWELVEMILE","60m","GRAMINOIDS",0,4.63
"TWELVEMILE","60m","LICHENS",75,65.18
"TWELVEMILE","70m","DECIDUOUS SHRUBS",16,28.52
"TWELVEMILE","70m","EVERGREEN SHRUBS",24,1.36
"TWELVEMILE","70m","FORBS",0,0
"TWELVEMILE","70m","GRAMINOIDS",0.01,0
"TWELVEMILE","70m","LICHENS",5,0
"TWELVEMILE","80m","DECIDUOUS SHRUBS",13,39.92
"TWELVEMILE","80m","EVERGREEN SHRUBS",7,20.78
"TWELVEMILE","80m","FORBS",0,0
"TWELVEMILE","80m","GRAMINOIDS",0.01,3.98
"TWELVEMILE","80m","LICHENS",40,7.35
"TWELVEMILE","90m","DECIDUOUS SHRUBS",10,30.01
"TWELVEMILE","90m","EVERGREEN SHRUBS",10,11.71
"TWELVEMILE","90m","FORBS",0,0
"TWELVEMILE","90m","GRAMINOIDS",0,5.75
"TWELVEMILE","90m","LICHENS",50.02,24.51
"UPPERPALDO","0m","DECIDUOUS SHRUBS",6,0.32
"UPPERPALDO","0m","EVERGREEN SHRUBS",44,43.11
"UPPERPALDO","0m","FORBS",1,0
"UPPERPALDO","0m","GRAMINOIDS",8,1.66
"UPPERPALDO","0m","LICHENS",26.02,1.07
"UPPERPALDO","10m","DECIDUOUS SHRUBS",8,8.54
"UPPERPALDO","10m","EVERGREEN SHRUBS",10,4.48
"UPPERPALDO","10m","FORBS",1,0
"UPPERPALDO","10m","GRAMINOIDS",8,0.97
"UPPERPALDO","10m","LICHENS",17,2.01
"UPPERPALDO","20m","DECIDUOUS SHRUBS",10,17.5
"UPPERPALDO","20m","EVERGREEN SHRUBS",18,13.45
"UPPERPALDO","20m","FORBS",2,0
"UPPERPALDO","20m","GRAMINOIDS",10,12.26
"UPPERPALDO","20m","LICHENS",37,3.15
"UPPERPALDO","30m","DECIDUOUS SHRUBS",4,0.17
"UPPERPALDO","30m","EVERGREEN SHRUBS",16,23.45
"UPPERPALDO","30m","FORBS",1,0
"UPPERPALDO","30m","GRAMINOIDS",20,35.53
"UPPERPALDO","30m","LICHENS",35,4.22
"UPPERPALDO","40m","DECIDUOUS SHRUBS",2,0.22
"UPPERPALDO","40m","EVERGREEN SHRUBS",0,17.37
"UPPERPALDO","40m","FORBS",0.01,0
"UPPERPALDO","40m","GRAMINOIDS",15.01,46.06
"UPPERPALDO","40m","LICHENS",35,1.02
"UPPERPALDO","50m","DECIDUOUS SHRUBS",47,87.75
"UPPERPALDO","50m","EVERGREEN SHRUBS",15,4.62
"UPPERPALDO","50m","FORBS",0,0
"UPPERPALDO","50m","GRAMINOIDS",10,0.99
"UPPERPALDO","50m","LICHENS",8.02,0
"UPPERPALDO","60m","DECIDUOUS SHRUBS",0.01,0
"UPPERPALDO","60m","EVERGREEN SHRUBS",10.01,5.67
"UPPERPALDO","60m","FORBS",0.01,0
"UPPERPALDO","60m","GRAMINOIDS",35,46.22
"UPPERPALDO","60m","LICHENS",17.03,3.93
"UPPERPALDO","70m","DECIDUOUS SHRUBS",75,88.41
"UPPERPALDO","70m","EVERGREEN SHRUBS",0,4.47
"UPPERPALDO","70m","FORBS",0.01,0
"UPPERPALDO","70m","GRAMINOIDS",8.01,1.54
"UPPERPALDO","70m","LICHENS",7,0.1
"UPPERPALDO","80m","DECIDUOUS SHRUBS",9,0.62
"UPPERPALDO","80m","EVERGREEN SHRUBS",16.01,35.05
"UPPERPALDO","80m","FORBS",1.02,0
"UPPERPALDO","80m","GRAMINOIDS",8,18.67
"UPPERPALDO","80m","LICHENS",15,8.01
"UPPERPALDO","90m","DECIDUOUS SHRUBS",29,19.45
"UPPERPALDO","90m","EVERGREEN SHRUBS",6,32
"UPPERPALDO","90m","FORBS",0.01,0
"UPPERPALDO","90m","GRAMINOIDS",8,14.71
"UPPERPALDO","90m","LICHENS",19.02,3.25
"UPPERQUARRY","0m","DECIDUOUS SHRUBS",14,1.26
"UPPERQUARRY","0m","EVERGREEN SHRUBS",6.01,38.33
"UPPERQUARRY","0m","FORBS",0.01,0
"UPPERQUARRY","0m","GRAMINOIDS",76,51.63
"UPPERQUARRY","0m","LICHENS",0,0
"UPPERQUARRY","10m","DECIDUOUS SHRUBS",14.01,0.41
"UPPERQUARRY","10m","EVERGREEN SHRUBS",18,22.56
"UPPERQUARRY","10m","FORBS",0,0
"UPPERQUARRY","10m","GRAMINOIDS",53,74.3
"UPPERQUARRY","10m","LICHENS",8.02,2.25
"UPPERQUARRY","20m","DECIDUOUS SHRUBS",3,2.2
"UPPERQUARRY","20m","EVERGREEN SHRUBS",37,23.29
"UPPERQUARRY","20m","FORBS",0,0
"UPPERQUARRY","20m","GRAMINOIDS",45,72.36
"UPPERQUARRY","20m","LICHENS",12.04,0.53
"UPPERQUARRY","30m","DECIDUOUS SHRUBS",6,3.67
"UPPERQUARRY","30m","EVERGREEN SHRUBS",10,30.87
"UPPERQUARRY","30m","FORBS",1,0
"UPPERQUARRY","30m","GRAMINOIDS",75,61.82
"UPPERQUARRY","30m","LICHENS",0.01,0.23
"UPPERQUARRY","40m","DECIDUOUS SHRUBS",13.01,7.39
"UPPERQUARRY","40m","EVERGREEN SHRUBS",12,8.63
"UPPERQUARRY","40m","FORBS",0.01,0
"UPPERQUARRY","40m","GRAMINOIDS",45.02,60.87
"UPPERQUARRY","40m","LICHENS",10.01,1.95
"UPPERQUARRY","50m","DECIDUOUS SHRUBS",5,5.59
"UPPERQUARRY","50m","EVERGREEN SHRUBS",15,24.46
"UPPERQUARRY","50m","FORBS",0.01,0
"UPPERQUARRY","50m","GRAMINOIDS",55,67.06
"UPPERQUARRY","50m","LICHENS",15.02,2.53
"UPPERQUARRY","60m","DECIDUOUS SHRUBS",9.01,7.84
"UPPERQUARRY","60m","EVERGREEN SHRUBS",2.01,23.19
"UPPERQUARRY","60m","FORBS",0,0
"UPPERQUARRY","60m","GRAMINOIDS",65.01,61.81
"UPPERQUARRY","60m","LICHENS",2.01,1.14
"UPPERQUARRY","70m","DECIDUOUS SHRUBS",17.01,1.34
"UPPERQUARRY","70m","EVERGREEN SHRUBS",10,12.28
"UPPERQUARRY","70m","FORBS",0.01,0
"UPPERQUARRY","70m","GRAMINOIDS",50.01,82.9
"UPPERQUARRY","70m","LICHENS",7,2.1
"UPPERQUARRY","80m","DECIDUOUS SHRUBS",9.01,0.23
"UPPERQUARRY","80m","EVERGREEN SHRUBS",11,8.55
"UPPERQUARRY","80m","FORBS",0.01,0
"UPPERQUARRY","80m","GRAMINOIDS",70.01,84.22
"UPPERQUARRY","80m","LICHENS",0.01,3.57
"UPPERQUARRY","90m","DECIDUOUS SHRUBS",25,1.19
"UPPERQUARRY","90m","EVERGREEN SHRUBS",29,32.02
"UPPERQUARRY","90m","FORBS",0,0
"UPPERQUARRY","90m","GRAMINOIDS",35,64.9
"UPPERQUARRY","90m","LICHENS",8.03,1.77
"WHEATEAR","0m","DECIDUOUS SHRUBS",0,0.73
"WHEATEAR","0m","EVERGREEN SHRUBS",80,47.81
"WHEATEAR","0m","FORBS",0.01,4.66
"WHEATEAR","0m","GRAMINOIDS",4,22.75
"WHEATEAR","0m","LICHENS",5.05,9.2
"WHEATEAR","10m","DECIDUOUS SHRUBS",3,0.46
"WHEATEAR","10m","EVERGREEN SHRUBS",31,36.49
"WHEATEAR","10m","FORBS",4,1.42
"WHEATEAR","10m","GRAMINOIDS",9,16.42
"WHEATEAR","10m","LICHENS",40,33.13
"WHEATEAR","20m","DECIDUOUS SHRUBS",7,0.46
"WHEATEAR","20m","EVERGREEN SHRUBS",48,36.34
"WHEATEAR","20m","FORBS",0.01,1.68
"WHEATEAR","20m","GRAMINOIDS",20,38.84
"WHEATEAR","20m","LICHENS",22.01,16.78
"WHEATEAR","30m","DECIDUOUS SHRUBS",2,1.06
"WHEATEAR","30m","EVERGREEN SHRUBS",39,49.37
"WHEATEAR","30m","FORBS",0.01,1.61
"WHEATEAR","30m","GRAMINOIDS",15.01,24.43
"WHEATEAR","30m","LICHENS",36.02,12.63
"WHEATEAR","40m","DECIDUOUS SHRUBS",0,0
"WHEATEAR","40m","EVERGREEN SHRUBS",2,1.86
"WHEATEAR","40m","FORBS",2.01,4.32
"WHEATEAR","40m","GRAMINOIDS",6.01,3.63
"WHEATEAR","40m","LICHENS",1.02,0.02
"WHEATEAR","50m","DECIDUOUS SHRUBS",0,0.14
"WHEATEAR","50m","EVERGREEN SHRUBS",14,15.39
"WHEATEAR","50m","FORBS",2,2.04
"WHEATEAR","50m","GRAMINOIDS",4.01,2.18
"WHEATEAR","50m","LICHENS",6.02,3.77
"WHEATEAR","60m","DECIDUOUS SHRUBS",0,0.14
"WHEATEAR","60m","EVERGREEN SHRUBS",9,5.7
"WHEATEAR","60m","FORBS",1.03,5.22
"WHEATEAR","60m","GRAMINOIDS",7,8.52
"WHEATEAR","60m","LICHENS",5,0.92
"WHEATEAR","70m","DECIDUOUS SHRUBS",10,0
"WHEATEAR","70m","EVERGREEN SHRUBS",2,11.54
"WHEATEAR","70m","FORBS",15,0.53
"WHEATEAR","70m","GRAMINOIDS",57.01,84.48
"WHEATEAR","70m","LICHENS",3,0.41
"WHEATEAR","80m","DECIDUOUS SHRUBS",2,2.14
"WHEATEAR","80m","EVERGREEN SHRUBS",8,10.22
"WHEATEAR","80m","FORBS",3.01,12.75
"WHEATEAR","80m","GRAMINOIDS",8.01,27.35
"WHEATEAR","80m","LICHENS",19.03,5.54
"WHEATEAR","90m","DECIDUOUS SHRUBS",0,0
"WHEATEAR","90m","EVERGREEN SHRUBS",0,0
"WHEATEAR","90m","FORBS",1,3.45
"WHEATEAR","90m","GRAMINOIDS",6.01,0.14
"WHEATEAR","90m","LICHENS",0,0
"WICKERSHAM","0m","DECIDUOUS SHRUBS",32,45.54
"WICKERSHAM","0m","EVERGREEN SHRUBS",8,26.97
"WICKERSHAM","0m","FORBS",5,0.3
"WICKERSHAM","0m","GRAMINOIDS",2,0.05
"WICKERSHAM","0m","LICHENS",35,8.62
"WICKERSHAM","10m","DECIDUOUS SHRUBS",90,13.91
"WICKERSHAM","10m","EVERGREEN SHRUBS",0.01,10.62
"WICKERSHAM","10m","FORBS",0.01,0
"WICKERSHAM","10m","GRAMINOIDS",5,0
"WICKERSHAM","10m","LICHENS",0.02,0.84
"WICKERSHAM","20m","DECIDUOUS SHRUBS",42,47.79
"WICKERSHAM","20m","EVERGREEN SHRUBS",8,10.42
"WICKERSHAM","20m","FORBS",0,0.23
"WICKERSHAM","20m","GRAMINOIDS",2,0.02
"WICKERSHAM","20m","LICHENS",35,5.81
"WICKERSHAM","30m","DECIDUOUS SHRUBS",8,11.74
"WICKERSHAM","30m","EVERGREEN SHRUBS",32,40.67
"WICKERSHAM","30m","FORBS",0.01,0.02
"WICKERSHAM","30m","GRAMINOIDS",5,1.05
"WICKERSHAM","30m","LICHENS",50.02,32.83
"WICKERSHAM","40m","DECIDUOUS SHRUBS",52,88.6
"WICKERSHAM","40m","EVERGREEN SHRUBS",13,1.94
"WICKERSHAM","40m","FORBS",0,0
"WICKERSHAM","40m","GRAMINOIDS",5,0.02
"WICKERSHAM","40m","LICHENS",20.01,0
"WICKERSHAM","50m","DECIDUOUS SHRUBS",70,0.02
"WICKERSHAM","50m","EVERGREEN SHRUBS",10,36.06
"WICKERSHAM","50m","FORBS",0.01,0
"WICKERSHAM","50m","GRAMINOIDS",5,0.64
"WICKERSHAM","50m","LICHENS",15,26.05
"WICKERSHAM","60m","DECIDUOUS SHRUBS",78,77.56
"WICKERSHAM","60m","EVERGREEN SHRUBS",2,5.27
"WICKERSHAM","60m","FORBS",0,0
"WICKERSHAM","60m","GRAMINOIDS",2,0
"WICKERSHAM","60m","LICHENS",10,0.75
"WICKERSHAM","70m","DECIDUOUS SHRUBS",50,4.15
"WICKERSHAM","70m","EVERGREEN SHRUBS",0,30.05
"WICKERSHAM","70m","FORBS",0,0.05
"WICKERSHAM","70m","GRAMINOIDS",8,0
"WICKERSHAM","70m","LICHENS",2.01,2.14
"WICKERSHAM","80m","DECIDUOUS SHRUBS",75.01,88.37
"WICKERSHAM","80m","EVERGREEN SHRUBS",5,5.06
"WICKERSHAM","80m","FORBS",0,0
"WICKERSHAM","80m","GRAMINOIDS",5,0.21
"WICKERSHAM","80m","LICHENS",0.02,0
"WICKERSHAM","90m","DECIDUOUS SHRUBS",3,0
"WICKERSHAM","90m","EVERGREEN SHRUBS",17,32.16
"WICKERSHAM","90m","FORBS",0.01,0.02
"WICKERSHAM","90m","GRAMINOIDS",10,0.05
"WICKERSHAM","90m","LICHENS",70,23.51
