site_code,quadrat_num,PFT,volume
AMSUMMIT,0m,BRYOPHYTES,713.8120534
AMSUMMIT,0m,DECIDUOUS SHRUBS,1155.098413
AMSUMMIT,0m,EVERGREEN SHRUBS,186.6249752
AMSUMMIT,0m,FORBS,768.9253325
AMSUMMIT,0m,GRAMINOIDS,8474.902738
AMSUMMIT,0m,NON VEGETATED,156.5977435
AMSUMMIT,10m,BRYOPHYTES,170.6611342
AMSUMMIT,10m,DECIDUOUS SHRUBS,810.3552952
AMSUMMIT,10m,EVERGREEN SHRUBS,71.07713127
AMSUMMIT,10m,FORBS,26.98650551
AMSUMMIT,10m,GRAMINOIDS,20871.60937
AMSUMMIT,10m,NON VEGETATED,946.8081961
AMSUMMIT,20m,BRYOPHYTES,111.746933
AMSUMMIT,20m,DECIDUOUS SHRUBS,821.3779564
AMSUMMIT,20m,EVERGREEN SHRUBS,39.90961838
AMSUMMIT,20m,FORBS,780.7081698
AMSUMMIT,20m,GRAMINOIDS,31590.93425
AMSUMMIT,20m,NON VEGETATED,253.9012047
AMSUMMIT,30m,BRYOPHYTES,69.17667329
AMSUMMIT,30m,DECIDUOUS SHRUBS,557.214293
AMSUMMIT,30m,GRAMINOIDS,14989.673
AMSUMMIT,30m,NON VEGETATED,338.2815236
AMSUMMIT,40m,BRYOPHYTES,53.97301054
AMSUMMIT,40m,DECIDUOUS SHRUBS,98.06363773
AMSUMMIT,40m,EVERGREEN SHRUBS,199.5480919
AMSUMMIT,40m,FORBS,34.96842957
AMSUMMIT,40m,GRAMINOIDS,19820.6373
AMSUMMIT,40m,NON VEGETATED,259.9826603
AMSUMMIT,50m,BRYOPHYTES,872.3102569
AMSUMMIT,50m,DECIDUOUS SHRUBS,1779.588911
AMSUMMIT,50m,FORBS,199.1680043
AMSUMMIT,50m,GRAMINOIDS,2212.893406
AMSUMMIT,50m,NON VEGETATED,557.594408
AMSUMMIT,60m,BRYOPHYTES,578.4994397
AMSUMMIT,60m,DECIDUOUS SHRUBS,18274.42463
AMSUMMIT,60m,EVERGREEN SHRUBS,24.7059536
AMSUMMIT,60m,FORBS,234.8966217
AMSUMMIT,60m,GRAMINOIDS,8864.876693
AMSUMMIT,60m,NON VEGETATED,25.46613863
AMSUMMIT,70m,BRYOPHYTES,788.6900997
AMSUMMIT,70m,DECIDUOUS SHRUBS,7172.328705
AMSUMMIT,70m,FORBS,1755.643158
AMSUMMIT,70m,GRAMINOIDS,42747.38255
AMSUMMIT,70m,NON VEGETATED,2894.01748
AMSUMMIT,80m,BRYOPHYTES,52.45264167
AMSUMMIT,80m,DECIDUOUS SHRUBS,6100.090343
AMSUMMIT,80m,GRAMINOIDS,13299.02552
AMSUMMIT,80m,NON VEGETATED,3762.146749
AMSUMMIT,90m,BRYOPHYTES,405.9378414
AMSUMMIT,90m,DECIDUOUS SHRUBS,28510.67158
AMSUMMIT,90m,FORBS,158.4982066
AMSUMMIT,90m,GRAMINOIDS,22188.98782
AMSUMMIT,90m,NON VEGETATED,382.7522531
AUFEIS,0m,BRYOPHYTES,138.7132611
AUFEIS,0m,DECIDUOUS SHRUBS,249.6838751
AUFEIS,0m,EVERGREEN SHRUBS,3174.370257
AUFEIS,0m,FORBS,367.7810221
AUFEIS,0m,GRAMINOIDS,8902.846153
AUFEIS,0m,NON VEGETATED,1822.615892
AUFEIS,10m,BRYOPHYTES,169.0011082
AUFEIS,10m,DECIDUOUS SHRUBS,284.0440335
AUFEIS,10m,EVERGREEN SHRUBS,3933.348162
AUFEIS,10m,FORBS,122.6785188
AUFEIS,10m,GRAMINOIDS,9809.190962
AUFEIS,10m,NON VEGETATED,809.11827
AUFEIS,20m,BRYOPHYTES,190.3807688
AUFEIS,20m,DECIDUOUS SHRUBS,69.48388994
AUFEIS,20m,EVERGREEN SHRUBS,1591.511953
AUFEIS,20m,GRAMINOIDS,4460.20399
AUFEIS,20m,NON VEGETATED,1333.174421
AUFEIS,30m,BRYOPHYTES,29.01525003
AUFEIS,30m,DECIDUOUS SHRUBS,141.25846
AUFEIS,30m,EVERGREEN SHRUBS,2124.22178
AUFEIS,30m,FORBS,28.2516911
AUFEIS,30m,GRAMINOIDS,6627.185114
AUFEIS,30m,NON VEGETATED,865.6216593
AUFEIS,40m,BRYOPHYTES,63.37541676
AUFEIS,40m,DECIDUOUS SHRUBS,173.5824642
AUFEIS,40m,EVERGREEN SHRUBS,1362.698712
AUFEIS,40m,FORBS,186.8174901
AUFEIS,40m,GRAMINOIDS,10324.33892
AUFEIS,40m,NON VEGETATED,565.7973971
AUFEIS,50m,BRYOPHYTES,51.41298938
AUFEIS,50m,DECIDUOUS SHRUBS,115.8064828
AUFEIS,50m,EVERGREEN SHRUBS,2567.595204
AUFEIS,50m,FORBS,74.31976414
AUFEIS,50m,GRAMINOIDS,6680.125213
AUFEIS,50m,NON VEGETATED,896.4185377
AUFEIS,60m,BRYOPHYTES,171.5463104
AUFEIS,60m,DECIDUOUS SHRUBS,1779.602062
AUFEIS,60m,EVERGREEN SHRUBS,585.1408913
AUFEIS,60m,GRAMINOIDS,11937.99407
AUFEIS,60m,NON VEGETATED,771.1948301
AUFEIS,70m,BRYOPHYTES,206.670032
AUFEIS,70m,DECIDUOUS SHRUBS,37.66892374
AUFEIS,70m,EVERGREEN SHRUBS,2406.738705
AUFEIS,70m,FORBS,13.48954582
AUFEIS,70m,GRAMINOIDS,2682.892641
AUFEIS,70m,NON VEGETATED,1557.406336
AUFEIS,80m,BRYOPHYTES,70.75648785
AUFEIS,80m,DECIDUOUS SHRUBS,17.05282259
AUFEIS,80m,EVERGREEN SHRUBS,1971.509952
AUFEIS,80m,FORBS,298.8061819
AUFEIS,80m,GRAMINOIDS,9442.173485
AUFEIS,80m,NON VEGETATED,1125.486316
AUFEIS,90m,BRYOPHYTES,122.1694775
AUFEIS,90m,DECIDUOUS SHRUBS,526.8558736
AUFEIS,90m,EVERGREEN SHRUBS,223.4683394
AUFEIS,90m,FORBS,57.52146208
AUFEIS,90m,GRAMINOIDS,5727.966896
AUFEIS,90m,NON VEGETATED,1151.19281
BABBAGE,0m,BRYOPHYTES,102.0751295
BABBAGE,0m,DECIDUOUS SHRUBS,4526.041653
BABBAGE,0m,EVERGREEN SHRUBS,7485.001582
BABBAGE,0m,FORBS,1437.583434
BABBAGE,0m,GRAMINOIDS,2161.859784
BABBAGE,0m,NON VEGETATED,29.86078262
BABBAGE,0m,SHADOW,95.98109159
BABBAGE,10m,BRYOPHYTES,325.7263031
BABBAGE,10m,DECIDUOUS SHRUBS,2002.500729
BABBAGE,10m,EVERGREEN SHRUBS,4552.550694
BABBAGE,10m,FORBS,515.8602753
BABBAGE,10m,GRAMINOIDS,8187.644022
BABBAGE,10m,NON VEGETATED,41.43945313
BABBAGE,20m,BRYOPHYTES,1149.03075
BABBAGE,20m,DECIDUOUS SHRUBS,2349.251449
BABBAGE,20m,EVERGREEN SHRUBS,7036.785045
BABBAGE,20m,FORBS,1355.009229
BABBAGE,20m,GRAMINOIDS,6622.69522
BABBAGE,20m,NON VEGETATED,128.2794809
BABBAGE,20m,SHADOW,26.50906277
BABBAGE,30m,BRYOPHYTES,105.4268475
BABBAGE,30m,DECIDUOUS SHRUBS,7395.419198
BABBAGE,30m,EVERGREEN SHRUBS,1371.46313
BABBAGE,30m,FORBS,3410.528069
BABBAGE,30m,GRAMINOIDS,2625.920785
BABBAGE,30m,NON VEGETATED,329.3827305
BABBAGE,30m,SHADOW,651.7573168
BABBAGE,40m,BRYOPHYTES,561.8702558
BABBAGE,40m,DECIDUOUS SHRUBS,890.64358
BABBAGE,40m,EVERGREEN SHRUBS,7406.388447
BABBAGE,40m,FORBS,127.6700835
BABBAGE,40m,GRAMINOIDS,2550.050001
BABBAGE,40m,NON VEGETATED,387.5807787
BABBAGE,40m,SHADOW,106.6456564
BABBAGE,50m,BRYOPHYTES,243.1521001
BABBAGE,50m,DECIDUOUS SHRUBS,6068.747233
BABBAGE,50m,EVERGREEN SHRUBS,1386.088823
BABBAGE,50m,FORBS,235.5345454
BABBAGE,50m,GRAMINOIDS,654.8043284
BABBAGE,50m,NON VEGETATED,39.91594693
BABBAGE,50m,SHADOW,221.2135611
BABBAGE,60m,BRYOPHYTES,6.703441143
BABBAGE,60m,DECIDUOUS SHRUBS,27.72786903
BABBAGE,60m,EVERGREEN SHRUBS,2269.11487
BABBAGE,60m,GRAMINOIDS,21660.34214
BABBAGE,60m,NON VEGETATED,6.398739338
BABBAGE,70m,BRYOPHYTES,957.9826981
BABBAGE,70m,DECIDUOUS SHRUBS,5726.871696
BABBAGE,70m,EVERGREEN SHRUBS,6782.663715
BABBAGE,70m,FORBS,293.7326031
BABBAGE,70m,GRAMINOIDS,234.6204405
BABBAGE,70m,NON VEGETATED,122.7948556
BABBAGE,70m,SHADOW,348.8836463
BABBAGE,80m,BRYOPHYTES,106.3409548
BABBAGE,80m,DECIDUOUS SHRUBS,5139.40653
BABBAGE,80m,EVERGREEN SHRUBS,110.6067818
BABBAGE,80m,FORBS,77.39427671
BABBAGE,80m,GRAMINOIDS,802.5847442
BABBAGE,80m,NON VEGETATED,606.3567284
BABBAGE,80m,SHADOW,1419.910747
BABBAGE,90m,BRYOPHYTES,874.7990833
BABBAGE,90m,DECIDUOUS SHRUBS,4319.453766
BABBAGE,90m,EVERGREEN SHRUBS,6527.323527
BABBAGE,90m,FORBS,307.7488966
BABBAGE,90m,GRAMINOIDS,5250.317949
BABBAGE,90m,NON VEGETATED,278.1928067
BABBAGE,90m,SHADOW,122.185451
BLOWRIVER,0m,BRYOPHYTES,367.6802206
BLOWRIVER,0m,DECIDUOUS SHRUBS,12265.31336
BLOWRIVER,0m,EVERGREEN SHRUBS,6863.859179
BLOWRIVER,0m,FORBS,782.8796988
BLOWRIVER,0m,GRAMINOIDS,8249.045432
BLOWRIVER,0m,NON VEGETATED,52.86516953
BLOWRIVER,10m,BRYOPHYTES,623.3932076
BLOWRIVER,10m,DECIDUOUS SHRUBS,107.5123091
BLOWRIVER,10m,EVERGREEN SHRUBS,2544.953027
BLOWRIVER,10m,FORBS,43.95530796
BLOWRIVER,10m,GRAMINOIDS,10499.08208
BLOWRIVER,10m,NON VEGETATED,165.7233992
BLOWRIVER,20m,BRYOPHYTES,195.4229364
BLOWRIVER,20m,DECIDUOUS SHRUBS,1481.412733
BLOWRIVER,20m,EVERGREEN SHRUBS,4267.228966
BLOWRIVER,20m,FORBS,931.3773804
BLOWRIVER,20m,GRAMINOIDS,11817.74138
BLOWRIVER,20m,NON VEGETATED,582.7048495
BLOWRIVER,30m,BRYOPHYTES,27.32357121
BLOWRIVER,30m,DECIDUOUS SHRUBS,1102.149684
BLOWRIVER,30m,EVERGREEN SHRUBS,518.5538549
BLOWRIVER,30m,FORBS,611.2163968
BLOWRIVER,30m,GRAMINOIDS,10612.2373
BLOWRIVER,30m,NON VEGETATED,2230.731979
BLOWRIVER,40m,BRYOPHYTES,918.6065674
BLOWRIVER,40m,DECIDUOUS SHRUBS,44130.2398
BLOWRIVER,40m,EVERGREEN SHRUBS,1565.462409
BLOWRIVER,40m,FORBS,3850.247536
BLOWRIVER,40m,GRAMINOIDS,29240.08174
BLOWRIVER,50m,DECIDUOUS SHRUBS,94694.58665
BLOWRIVER,50m,GRAMINOIDS,93389.43484
BLOWRIVER,60m,DECIDUOUS SHRUBS,26157.70835
BLOWRIVER,60m,FORBS,0
BLOWRIVER,60m,GRAMINOIDS,9837.419775
BLOWRIVER,70m,DECIDUOUS SHRUBS,29651.44112
BLOWRIVER,70m,FORBS,377.7780666
BLOWRIVER,70m,GRAMINOIDS,12883.71786
BLOWRIVER,70m,NON VEGETATED,115.5311852
BLOWRIVER,80m,BRYOPHYTES,19.30469704
BLOWRIVER,80m,DECIDUOUS SHRUBS,4940.517386
BLOWRIVER,80m,FORBS,787.9286289
BLOWRIVER,80m,GRAMINOIDS,15814.14732
BLOWRIVER,90m,BRYOPHYTES,705.0669184
BLOWRIVER,90m,DECIDUOUS SHRUBS,11769.03417
BLOWRIVER,90m,EVERGREEN SHRUBS,331.7437911
BLOWRIVER,90m,FORBS,359.6613512
BLOWRIVER,90m,GRAMINOIDS,14499.01522
BROWNSCREEK,0m,BRYOPHYTES,41.1635797
BROWNSCREEK,0m,EVERGREEN SHRUBS,1970.391312
BROWNSCREEK,0m,GRAMINOIDS,262.1027918
BROWNSCREEK,0m,LICHENS,442.7184975
BROWNSCREEK,0m,NON VEGETATED,478.8416395
BROWNSCREEK,10m,BRYOPHYTES,240.6809255
BROWNSCREEK,10m,EVERGREEN SHRUBS,2375.306532
BROWNSCREEK,10m,GRAMINOIDS,345.2700162
BROWNSCREEK,10m,LICHENS,444.8186774
BROWNSCREEK,10m,NON VEGETATED,71.40620887
BROWNSCREEK,20m,BRYOPHYTES,58.80511308
BROWNSCREEK,20m,EVERGREEN SHRUBS,564.1090474
BROWNSCREEK,20m,GRAMINOIDS,143.2324517
BROWNSCREEK,20m,LICHENS,438.5181322
BROWNSCREEK,20m,NON VEGETATED,778.747714
BROWNSCREEK,30m,BRYOPHYTES,170.1147921
BROWNSCREEK,30m,EVERGREEN SHRUBS,2335.403062
BROWNSCREEK,30m,GRAMINOIDS,722.8828497
BROWNSCREEK,30m,LICHENS,420.8765941
BROWNSCREEK,30m,NON VEGETATED,224.2995021
BROWNSCREEK,40m,BRYOPHYTES,377.1928022
BROWNSCREEK,40m,EVERGREEN SHRUBS,3049.465144
BROWNSCREEK,40m,GRAMINOIDS,366.2718463
BROWNSCREEK,40m,LICHENS,366.691883
BROWNSCREEK,40m,NON VEGETATED,210.0182586
BROWNSCREEK,50m,BRYOPHYTES,362.4915147
BROWNSCREEK,50m,DECIDUOUS SHRUBS,27383.44108
BROWNSCREEK,50m,NON VEGETATED,346.5301236
BROWNSCREEK,60m,BRYOPHYTES,320.067832
BROWNSCREEK,60m,DECIDUOUS SHRUBS,385.5935264
BROWNSCREEK,60m,EVERGREEN SHRUBS,1550.774838
BROWNSCREEK,60m,GRAMINOIDS,162.9741724
BROWNSCREEK,60m,LICHENS,487.6624068
BROWNSCREEK,60m,NON VEGETATED,475.0613118
BROWNSCREEK,70m,BRYOPHYTES,85.26741552
BROWNSCREEK,70m,DECIDUOUS SHRUBS,11396.43098
BROWNSCREEK,70m,EVERGREEN SHRUBS,3171.695788
BROWNSCREEK,70m,GRAMINOIDS,940.0417356
BROWNSCREEK,70m,LICHENS,176.8353763
BROWNSCREEK,70m,NON VEGETATED,646.0161855
BROWNSCREEK,80m,BRYOPHYTES,260.0026112
BROWNSCREEK,80m,DECIDUOUS SHRUBS,47.46412659
BROWNSCREEK,80m,EVERGREEN SHRUBS,4023.529859
BROWNSCREEK,80m,GRAMINOIDS,46.20401859
BROWNSCREEK,80m,LICHENS,251.1818415
BROWNSCREEK,80m,NON VEGETATED,178.5155241
BROWNSCREEK,90m,BRYOPHYTES,1019.848683
BROWNSCREEK,90m,DECIDUOUS SHRUBS,9591.95407
BROWNSCREEK,90m,EVERGREEN SHRUBS,545.2074125
BROWNSCREEK,90m,GRAMINOIDS,581.7505846
BROWNSCREEK,90m,LICHENS,606.1127009
BROWNSCREEK,90m,NON VEGETATED,392.3141097
BUTLER,0m,BRYOPHYTES,334.0517311
BUTLER,0m,EVERGREEN SHRUBS,1321.726346
BUTLER,0m,GRAMINOIDS,405.9552424
BUTLER,0m,LICHENS,512.8118465
BUTLER,0m,NON VEGETATED,220.7038334
BUTLER,10m,BRYOPHYTES,856.8501761
BUTLER,10m,DECIDUOUS SHRUBS,19.97319794
BUTLER,10m,EVERGREEN SHRUBS,5761.268849
BUTLER,10m,GRAMINOIDS,927.255694
BUTLER,10m,LICHENS,1285.275273
BUTLER,10m,NON VEGETATED,4.993299484
BUTLER,10m,TREES,207.2219296
BUTLER,20m,BRYOPHYTES,162.2822313
BUTLER,20m,EVERGREEN SHRUBS,2829.702776
BUTLER,20m,GRAMINOIDS,949.2262162
BUTLER,20m,LICHENS,1137.97294
BUTLER,20m,NON VEGETATED,341.5416794
BUTLER,20m,TREES,0
BUTLER,30m,BRYOPHYTES,704.0552158
BUTLER,30m,DECIDUOUS SHRUBS,1465.533368
BUTLER,30m,EVERGREEN SHRUBS,294.6046677
BUTLER,30m,GRAMINOIDS,2484.66579
BUTLER,30m,LICHENS,422.9324581
BUTLER,30m,NON VEGETATED,290.6100263
BUTLER,30m,TREES,746.4982691
BUTLER,40m,BRYOPHYTES,451.893594
BUTLER,40m,EVERGREEN SHRUBS,6075.347381
BUTLER,40m,GRAMINOIDS,970.6974073
BUTLER,40m,LICHENS,372.9994667
BUTLER,40m,TREES,81.39078331
BUTLER,50m,BRYOPHYTES,233.1870818
BUTLER,50m,EVERGREEN SHRUBS,2632.966785
BUTLER,50m,GRAMINOIDS,372.9994664
BUTLER,50m,LICHENS,217.7078564
BUTLER,50m,NON VEGETATED,487.3460233
BUTLER,50m,TREES,78.39480114
BUTLER,60m,BRYOPHYTES,9.986599088
BUTLER,60m,GRAMINOIDS,32.95577469
BUTLER,60m,LICHENS,211.2165644
BUTLER,60m,NON VEGETATED,744.5009416
BUTLER,70m,BRYOPHYTES,39.94639516
BUTLER,70m,GRAMINOIDS,15.97855797
BUTLER,70m,LICHENS,103.3612985
BUTLER,70m,NON VEGETATED,651.1262425
BUTLER,80m,BRYOPHYTES,128.8271217
BUTLER,80m,EVERGREEN SHRUBS,2069.223272
BUTLER,80m,GRAMINOIDS,521.7997802
BUTLER,80m,LICHENS,291.109356
BUTLER,80m,NON VEGETATED,505.3218957
BUTLER,90m,BRYOPHYTES,67.03759643
BUTLER,90m,EVERGREEN SHRUBS,3342.986317
BUTLER,90m,GRAMINOIDS,672.7001857
BUTLER,90m,LICHENS,603.6942157
BUTLER,90m,NON VEGETATED,255.6569326
BUTLER,90m,TREES,1144.609039
CALF,0m,BRYOPHYTES,130.3998561
CALF,0m,DECIDUOUS SHRUBS,331.0285306
CALF,0m,EVERGREEN SHRUBS,2258.254248
CALF,0m,FORBS,29.43123341
CALF,0m,GRAMINOIDS,8737.854427
CALF,0m,NON VEGETATED,77.8033638
CALF,10m,BRYOPHYTES,199.8992774
CALF,10m,DECIDUOUS SHRUBS,238.363862
CALF,10m,EVERGREEN SHRUBS,3513.6814
CALF,10m,FORBS,61.7764492
CALF,10m,GRAMINOIDS,17122.85892
CALF,10m,NON VEGETATED,49.53771973
CALF,20m,BRYOPHYTES,331.6113301
CALF,20m,DECIDUOUS SHRUBS,796.6831007
CALF,20m,EVERGREEN SHRUBS,3361.862827
CALF,20m,FORBS,173.6734195
CALF,20m,GRAMINOIDS,6024.952404
CALF,20m,NON VEGETATED,26.51725039
CALF,30m,DECIDUOUS SHRUBS,2299.133038
CALF,30m,EVERGREEN SHRUBS,1445.044435
CALF,30m,FORBS,374.4468817
CALF,30m,GRAMINOIDS,3498.820089
CALF,30m,NON VEGETATED,186.7863482
CALF,40m,BRYOPHYTES,240.112248
CALF,40m,DECIDUOUS SHRUBS,1137.910604
CALF,40m,EVERGREEN SHRUBS,3172.453939
CALF,40m,FORBS,74.3065815
CALF,40m,GRAMINOIDS,7512.83245
CALF,40m,NON VEGETATED,284.6961944
CALF,50m,BRYOPHYTES,5.827967167
CALF,50m,DECIDUOUS SHRUBS,326.9489532
CALF,50m,EVERGREEN SHRUBS,675.7527864
CALF,50m,FORBS,31.76242065
CALF,50m,GRAMINOIDS,5012.051753
CALF,50m,NON VEGETATED,37.88178492
CALF,60m,BRYOPHYTES,387.8512154
CALF,60m,DECIDUOUS SHRUBS,195.5282936
CALF,60m,EVERGREEN SHRUBS,222.0455465
CALF,60m,FORBS,183.8723574
CALF,60m,GRAMINOIDS,11502.95015
CALF,60m,NON VEGETATED,259.3445388
CALF,70m,BRYOPHYTES,211.5552077
CALF,70m,DECIDUOUS SHRUBS,1576.173718
CALF,70m,EVERGREEN SHRUBS,683.3291516
CALF,70m,FORBS,126.1754942
CALF,70m,GRAMINOIDS,13646.47643
CALF,70m,NON VEGETATED,639.0365986
CALF,80m,BRYOPHYTES,167.5540568
CALF,80m,DECIDUOUS SHRUBS,2329.729854
CALF,80m,EVERGREEN SHRUBS,713.0517726
CALF,80m,FORBS,661.4742744
CALF,80m,GRAMINOIDS,9388.563665
CALF,80m,NON VEGETATED,108.982984
CALF,90m,BRYOPHYTES,146.8647703
CALF,90m,DECIDUOUS SHRUBS,70.22700405
CALF,90m,EVERGREEN SHRUBS,24.18606305
CALF,90m,FORBS,44.87534761
CALF,90m,GRAMINOIDS,10678.00136
COALCREEK,0m,DECIDUOUS SHRUBS,735.6536112
COALCREEK,0m,EVERGREEN SHRUBS,1072.217211
COALCREEK,0m,GRAMINOIDS,215.4515067
COALCREEK,0m,LICHENS,5172.309427
COALCREEK,0m,NON VEGETATED,113.6733985
COALCREEK,10m,DECIDUOUS SHRUBS,1739.079528
COALCREEK,10m,EVERGREEN SHRUBS,984.6133254
COALCREEK,10m,GRAMINOIDS,1326.852395
COALCREEK,10m,LICHENS,1812.687547
COALCREEK,10m,NON VEGETATED,59.5648632
COALCREEK,10m,TREES,185.5149918
COALCREEK,20m,BRYOPHYTES,185.0602989
COALCREEK,20m,DECIDUOUS SHRUBS,9267.564911
COALCREEK,20m,EVERGREEN SHRUBS,738.8770998
COALCREEK,20m,GRAMINOIDS,1329.069393
COALCREEK,20m,LICHENS,498.7988701
COALCREEK,20m,NON VEGETATED,31.3738575
COALCREEK,20m,TREES,2931.864297
COALCREEK,30m,BRYOPHYTES,204.157423
COALCREEK,30m,DECIDUOUS SHRUBS,8109.914986
COALCREEK,30m,EVERGREEN SHRUBS,2335.761005
COALCREEK,30m,GRAMINOIDS,29.10039139
COALCREEK,30m,LICHENS,1002.144681
COALCREEK,30m,TREES,1821.957236
COALCREEK,40m,BRYOPHYTES,28.19100189
COALCREEK,40m,DECIDUOUS SHRUBS,1090.355253
COALCREEK,40m,EVERGREEN SHRUBS,569.2763929
COALCREEK,40m,GRAMINOIDS,274.6349319
COALCREEK,40m,LICHENS,528.8086599
COALCREEK,40m,NON VEGETATED,223.2545589
COALCREEK,50m,BRYOPHYTES,36.83018017
COALCREEK,50m,DECIDUOUS SHRUBS,810.2639802
COALCREEK,50m,EVERGREEN SHRUBS,3203.316391
COALCREEK,50m,GRAMINOIDS,210.068441
COALCREEK,50m,LICHENS,512.439682
COALCREEK,50m,NON VEGETATED,103.2154479
COALCREEK,50m,TREES,529.7180538
COALCREEK,60m,DECIDUOUS SHRUBS,8.184484482
COALCREEK,60m,EVERGREEN SHRUBS,677.4934587
COALCREEK,60m,GRAMINOIDS,57.29139543
COALCREEK,60m,LICHENS,276.4537089
COALCREEK,60m,NON VEGETATED,234.6219018
COALCREEK,70m,DECIDUOUS SHRUBS,40.92242432
COALCREEK,70m,EVERGREEN SHRUBS,128.2235996
COALCREEK,70m,GRAMINOIDS,278.7271822
COALCREEK,70m,LICHENS,1094.447501
COALCREEK,70m,NON VEGETATED,329.6528613
COALCREEK,80m,DECIDUOUS SHRUBS,115.4921737
COALCREEK,80m,EVERGREEN SHRUBS,752.063207
COALCREEK,80m,GRAMINOIDS,78.20730025
COALCREEK,80m,LICHENS,409.2242424
COALCREEK,80m,NON VEGETATED,450.146668
COALCREEK,90m,EVERGREEN SHRUBS,592.9204559
COALCREEK,90m,LICHENS,135.4986922
COALCREEK,90m,NON VEGETATED,173.2382637
DEW,0m,DECIDUOUS SHRUBS,553.5597457
DEW,0m,EVERGREEN SHRUBS,121.5215126
DEW,0m,FORBS,250.6166016
DEW,0m,GRAMINOIDS,753.5710778
DEW,0m,LICHENS,81.93235135
DEW,0m,NON VEGETATED,776.9803261
DEW,10m,DECIDUOUS SHRUBS,3439.142214
DEW,10m,EVERGREEN SHRUBS,2279.513412
DEW,10m,FORBS,37.86789298
DEW,10m,GRAMINOIDS,472.7053385
DEW,10m,NON VEGETATED,259.2229409
DEW,20m,DECIDUOUS SHRUBS,955.3036696
DEW,20m,EVERGREEN SHRUBS,2664.522664
DEW,20m,FORBS,6.885071278
DEW,20m,GRAMINOIDS,387.9737804
DEW,20m,LICHENS,155.6026158
DEW,20m,NON VEGETATED,86.40764731
DEW,30m,DECIDUOUS SHRUBS,1154.28224
DEW,30m,EVERGREEN SHRUBS,89.85018444
DEW,30m,FORBS,11.01611435
DEW,30m,GRAMINOIDS,740.4894407
DEW,30m,LICHENS,164.8974653
DEW,30m,NON VEGETATED,510.5280537
DEW,40m,DECIDUOUS SHRUBS,6700.373905
DEW,40m,EVERGREEN SHRUBS,394.6224606
DEW,40m,FORBS,934.7224236
DEW,40m,GRAMINOIDS,1094.313721
DEW,40m,LICHENS,6.196564198
DEW,50m,BRYOPHYTES,1.721267819
DEW,50m,DECIDUOUS SHRUBS,2361.288338
DEW,50m,EVERGREEN SHRUBS,194.5032715
DEW,50m,FORBS,7.229324818
DEW,50m,GRAMINOIDS,579.0766606
DEW,50m,LICHENS,141.8483086
DEW,50m,NON VEGETATED,100.2635475
DEW,60m,DECIDUOUS SHRUBS,34.42535734
DEW,60m,EVERGREEN SHRUBS,1039.645792
DEW,60m,FORBS,150.4388111
DEW,60m,GRAMINOIDS,268.1735353
DEW,60m,LICHENS,384.1869877
DEW,60m,NON VEGETATED,806.58613
DEW,70m,BRYOPHYTES,0
DEW,70m,DECIDUOUS SHRUBS,898.8460738
DEW,70m,EVERGREEN SHRUBS,156.2911223
DEW,70m,FORBS,29.60580736
DEW,70m,GRAMINOIDS,105.3415929
DEW,70m,LICHENS,56.45758557
DEW,70m,NON VEGETATED,708.8181179
DEW,80m,DECIDUOUS SHRUBS,900.9115973
DEW,80m,EVERGREEN SHRUBS,1012.105506
DEW,80m,FORBS,5.163803577
DEW,80m,GRAMINOIDS,259.9114459
DEW,80m,LICHENS,300.5333728
DEW,80m,NON VEGETATED,350.4501416
DEW,90m,DECIDUOUS SHRUBS,955.3036664
DEW,90m,EVERGREEN SHRUBS,700.9002745
DEW,90m,FORBS,113.6036786
DEW,90m,GRAMINOIDS,277.124127
DEW,90m,LICHENS,446.1526348
DEW,90m,NON VEGETATED,604.8535314
EXCELSIOR,0m,BRYOPHYTES,80.395046
EXCELSIOR,0m,DECIDUOUS SHRUBS,7.826066494
EXCELSIOR,0m,EVERGREEN SHRUBS,168.616159
EXCELSIOR,0m,GRAMINOIDS,2.134381771
EXCELSIOR,0m,LICHENS,1700.035064
EXCELSIOR,0m,NON VEGETATED,377.4298408
EXCELSIOR,10m,BRYOPHYTES,14.9406724
EXCELSIOR,10m,DECIDUOUS SHRUBS,336.8765891
EXCELSIOR,10m,EVERGREEN SHRUBS,583.7534132
EXCELSIOR,10m,GRAMINOIDS,202.0548098
EXCELSIOR,10m,LICHENS,2777.567288
EXCELSIOR,10m,NON VEGETATED,640.670264
EXCELSIOR,20m,BRYOPHYTES,412.6471395
EXCELSIOR,20m,DECIDUOUS SHRUBS,2409.361266
EXCELSIOR,20m,EVERGREEN SHRUBS,3911.254587
EXCELSIOR,20m,GRAMINOIDS,3.913033247
EXCELSIOR,20m,LICHENS,723.555414
EXCELSIOR,20m,NON VEGETATED,355.7302864
EXCELSIOR,30m,BRYOPHYTES,39.84179282
EXCELSIOR,30m,DECIDUOUS SHRUBS,185.6912146
EXCELSIOR,30m,EVERGREEN SHRUBS,3686.788772
EXCELSIOR,30m,GRAMINOIDS,751.3023744
EXCELSIOR,30m,LICHENS,3105.525469
EXCELSIOR,30m,NON VEGETATED,257.5487344
EXCELSIOR,40m,EVERGREEN SHRUBS,9.604718208
EXCELSIOR,40m,LICHENS,44.11055684
EXCELSIOR,40m,NON VEGETATED,244.3867126
EXCELSIOR,50m,BRYOPHYTES,48.02358842
EXCELSIOR,50m,EVERGREEN SHRUBS,11.02763939
EXCELSIOR,50m,LICHENS,3091.169535
EXCELSIOR,50m,NON VEGETATED,165.0588553
EXCELSIOR,60m,BRYOPHYTES,23.47819901
EXCELSIOR,60m,DECIDUOUS SHRUBS,9469.540444
EXCELSIOR,60m,EVERGREEN SHRUBS,700.0772228
EXCELSIOR,60m,LICHENS,1213.751757
EXCELSIOR,60m,NON VEGETATED,107.0748205
EXCELSIOR,70m,BRYOPHYTES,401.619503
EXCELSIOR,70m,DECIDUOUS SHRUBS,30742.21174
EXCELSIOR,70m,EVERGREEN SHRUBS,1376.320499
EXCELSIOR,70m,GRAMINOIDS,212.7267189
EXCELSIOR,70m,LICHENS,404.1096201
EXCELSIOR,70m,NON VEGETATED,3088.094668
EXCELSIOR,80m,BRYOPHYTES,840.2349741
EXCELSIOR,80m,DECIDUOUS SHRUBS,20176.31069
EXCELSIOR,80m,EVERGREEN SHRUBS,6883.381131
EXCELSIOR,80m,GRAMINOIDS,436.8368011
EXCELSIOR,80m,LICHENS,207.0350266
EXCELSIOR,80m,NON VEGETATED,402.6866913
EXCELSIOR,90m,DECIDUOUS SHRUBS,2515.724637
EXCELSIOR,90m,EVERGREEN SHRUBS,2483.353173
EXCELSIOR,90m,GRAMINOIDS,136.9561615
EXCELSIOR,90m,LICHENS,1038.020995
FIRTH,0m,DECIDUOUS SHRUBS,52.91589355
FIRTH,0m,EVERGREEN SHRUBS,1094.638856
FIRTH,0m,FORBS,58.23879385
FIRTH,0m,GRAMINOIDS,9377.385197
FIRTH,0m,NON VEGETATED,90.48930931
FIRTH,10m,DECIDUOUS SHRUBS,22.23093796
FIRTH,10m,EVERGREEN SHRUBS,29.11939865
FIRTH,10m,GRAMINOIDS,2996.793041
FIRTH,10m,NON VEGETATED,552.6423261
FIRTH,20m,DECIDUOUS SHRUBS,2264.424532
FIRTH,20m,EVERGREEN SHRUBS,516.0082436
FIRTH,20m,FORBS,50.4109993
FIRTH,20m,GRAMINOIDS,11146.46689
FIRTH,20m,NON VEGETATED,589.902629
FIRTH,20m,TREES,226.0667191
FIRTH,30m,DECIDUOUS SHRUBS,87582.69264
FIRTH,30m,EVERGREEN SHRUBS,67.00592804
FIRTH,30m,FORBS,2654.248711
FIRTH,30m,GRAMINOIDS,3286.108307
FIRTH,30m,TREES,221.6831512
FIRTH,40m,DECIDUOUS SHRUBS,10.33268905
FIRTH,40m,EVERGREEN SHRUBS,187.2408562
FIRTH,40m,GRAMINOIDS,3978.085406
FIRTH,40m,NON VEGETATED,1247.124307
FIRTH,50m,DECIDUOUS SHRUBS,4181.60805
FIRTH,50m,EVERGREEN SHRUBS,8641.885688
FIRTH,50m,FORBS,0
FIRTH,50m,GRAMINOIDS,5420.278323
FIRTH,50m,TREES,0
FIRTH,60m,DECIDUOUS SHRUBS,3897.302574
FIRTH,60m,EVERGREEN SHRUBS,816.5955664
FIRTH,60m,FORBS,33.50296259
FIRTH,60m,GRAMINOIDS,2682.428778
FIRTH,60m,NON VEGETATED,1105.28466
FIRTH,70m,DECIDUOUS SHRUBS,12.21136039
FIRTH,70m,EVERGREEN SHRUBS,100.8220012
FIRTH,70m,FORBS,3.757341623
FIRTH,70m,GRAMINOIDS,720.7833586
FIRTH,70m,NON VEGETATED,824.1102585
FIRTH,80m,DECIDUOUS SHRUBS,4676.011618
FIRTH,80m,EVERGREEN SHRUBS,3711.314159
FIRTH,80m,FORBS,11.27202451
FIRTH,80m,GRAMINOIDS,628.1022595
FIRTH,80m,NON VEGETATED,507.8673355
FIRTH,80m,TREES,749.5896511
FIRTH,90m,DECIDUOUS SHRUBS,44.77498746
FIRTH,90m,EVERGREEN SHRUBS,2914.131488
FIRTH,90m,FORBS,17.22114897
FIRTH,90m,GRAMINOIDS,1039.218058
FIRTH,90m,NON VEGETATED,281.1744001
FIRTH,90m,TREES,17.5342598
FRYINGPAN,0m,BRYOPHYTES,662.490539
FRYINGPAN,0m,DECIDUOUS SHRUBS,2892.021732
FRYINGPAN,0m,EVERGREEN SHRUBS,2751.284242
FRYINGPAN,0m,FORBS,0
FRYINGPAN,0m,GRAMINOIDS,4794.427358
FRYINGPAN,0m,LICHENS,22.26858902
FRYINGPAN,0m,NON VEGETATED,10.02086544
FRYINGPAN,10m,BRYOPHYTES,411.7462214
FRYINGPAN,10m,DECIDUOUS SHRUBS,18815.1767
FRYINGPAN,10m,EVERGREEN SHRUBS,1214.306193
FRYINGPAN,10m,GRAMINOIDS,538.2318099
FRYINGPAN,10m,NON VEGETATED,20.04173088
FRYINGPAN,20m,BRYOPHYTES,188.614954
FRYINGPAN,20m,DECIDUOUS SHRUBS,4334.358279
FRYINGPAN,20m,EVERGREEN SHRUBS,2336.865801
FRYINGPAN,20m,GRAMINOIDS,8922.355767
FRYINGPAN,20m,LICHENS,1907.304703
FRYINGPAN,20m,NON VEGETATED,43.86912155
FRYINGPAN,30m,BRYOPHYTES,608.3778675
FRYINGPAN,30m,DECIDUOUS SHRUBS,1359.720079
FRYINGPAN,30m,EVERGREEN SHRUBS,2806.064986
FRYINGPAN,30m,FORBS,66.13771248
FRYINGPAN,30m,GRAMINOIDS,5839.49226
FRYINGPAN,30m,LICHENS,98.42716622
FRYINGPAN,40m,BRYOPHYTES,717.71664
FRYINGPAN,40m,DECIDUOUS SHRUBS,1490.659394
FRYINGPAN,40m,EVERGREEN SHRUBS,1277.103611
FRYINGPAN,40m,FORBS,6.457891226
FRYINGPAN,40m,GRAMINOIDS,3947.998256
FRYINGPAN,40m,LICHENS,1179.789871
FRYINGPAN,50m,BRYOPHYTES,411.746224
FRYINGPAN,50m,DECIDUOUS SHRUBS,302.4074469
FRYINGPAN,50m,EVERGREEN SHRUBS,1425.189743
FRYINGPAN,50m,GRAMINOIDS,2849.043345
FRYINGPAN,50m,LICHENS,1478.188986
FRYINGPAN,50m,NON VEGETATED,1029.699585
FRYINGPAN,60m,BRYOPHYTES,2099.259949
FRYINGPAN,60m,DECIDUOUS SHRUBS,570.2985755
FRYINGPAN,60m,EVERGREEN SHRUBS,3844.449319
FRYINGPAN,60m,GRAMINOIDS,2079.663586
FRYINGPAN,60m,LICHENS,756.0186178
FRYINGPAN,60m,NON VEGETATED,0.445371807
FRYINGPAN,70m,BRYOPHYTES,1837.158643
FRYINGPAN,70m,DECIDUOUS SHRUBS,4957.656113
FRYINGPAN,70m,EVERGREEN SHRUBS,1787.054306
FRYINGPAN,70m,GRAMINOIDS,1363.505745
FRYINGPAN,70m,LICHENS,645.5664149
FRYINGPAN,70m,NON VEGETATED,1.33611533
FRYINGPAN,80m,BRYOPHYTES,874.487512
FRYINGPAN,80m,DECIDUOUS SHRUBS,7175.162258
FRYINGPAN,80m,EVERGREEN SHRUBS,3944.657968
FRYINGPAN,80m,GRAMINOIDS,4647.900022
FRYINGPAN,80m,LICHENS,408.8513002
FRYINGPAN,80m,NON VEGETATED,171.6908228
FRYINGPAN,90m,BRYOPHYTES,1337.451483
FRYINGPAN,90m,DECIDUOUS SHRUBS,17232.32532
FRYINGPAN,90m,EVERGREEN SHRUBS,3986.300225
FRYINGPAN,90m,GRAMINOIDS,4631.866641
FRYINGPAN,90m,LICHENS,922.1422806
GRANITE,0m,BRYOPHYTES,280.2122179
GRANITE,0m,DECIDUOUS SHRUBS,1002.803022
GRANITE,0m,EVERGREEN SHRUBS,4248.242512
GRANITE,0m,FORBS,52.334445
GRANITE,0m,GRAMINOIDS,5104.133627
GRANITE,0m,NON VEGETATED,928.6430039
GRANITE,10m,BRYOPHYTES,284.6712075
GRANITE,10m,DECIDUOUS SHRUBS,23624.65912
GRANITE,10m,EVERGREEN SHRUBS,9432.403257
GRANITE,10m,FORBS,217.317009
GRANITE,10m,GRAMINOIDS,9927.585617
GRANITE,10m,TREES,91.5266037
GRANITE,20m,BRYOPHYTES,181.6451044
GRANITE,20m,EVERGREEN SHRUBS,2700.738854
GRANITE,20m,FORBS,5.632406235
GRANITE,20m,GRAMINOIDS,1552.666692
GRANITE,20m,NON VEGETATED,1059.36177
GRANITE,30m,BRYOPHYTES,487.2031524
GRANITE,30m,DECIDUOUS SHRUBS,118394.1221
GRANITE,30m,FORBS,823.5047684
GRANITE,30m,GRAMINOIDS,2283.940849
GRANITE,30m,NON VEGETATED,4682.172508
GRANITE,40m,BRYOPHYTES,1128.828107
GRANITE,40m,DECIDUOUS SHRUBS,487.6725147
GRANITE,40m,EVERGREEN SHRUBS,2450.800833
GRANITE,40m,FORBS,24.17241096
GRANITE,40m,GRAMINOIDS,6807.467184
GRANITE,40m,NON VEGETATED,271.0595586
GRANITE,40m,TREES,190.3283978
GRANITE,50m,BRYOPHYTES,208.6337211
GRANITE,50m,EVERGREEN SHRUBS,1374.541844
GRANITE,50m,FORBS,91.05723763
GRANITE,50m,GRAMINOIDS,9845.211692
GRANITE,50m,NON VEGETATED,43.18178177
GRANITE,60m,BRYOPHYTES,1313.5241
GRANITE,60m,DECIDUOUS SHRUBS,328.3223553
GRANITE,60m,EVERGREEN SHRUBS,2794.846987
GRANITE,60m,FORBS,126.9638267
GRANITE,60m,GRAMINOIDS,4121.044001
GRANITE,60m,NON VEGETATED,57.73216552
GRANITE,70m,BRYOPHYTES,144.0957332
GRANITE,70m,DECIDUOUS SHRUBS,2927.677927
GRANITE,70m,EVERGREEN SHRUBS,3313.497721
GRANITE,70m,FORBS,35.20253944
GRANITE,70m,GRAMINOIDS,22710.56664
GRANITE,70m,NON VEGETATED,523.8138123
GRANITE,70m,TREES,1664.845472
GRANITE,80m,BRYOPHYTES,665.3280068
GRANITE,80m,DECIDUOUS SHRUBS,16025.60432
GRANITE,80m,EVERGREEN SHRUBS,1070.157208
GRANITE,80m,FORBS,71.10912895
GRANITE,80m,GRAMINOIDS,1470.52744
GRANITE,80m,NON VEGETATED,465.1428861
GRANITE,80m,TREES,47.64077187
GRANITE,90m,BRYOPHYTES,808.9543587
GRANITE,90m,DECIDUOUS SHRUBS,2273.145343
GRANITE,90m,EVERGREEN SHRUBS,1445.885663
GRANITE,90m,GRAMINOIDS,2342.142317
GRANITE,90m,NON VEGETATED,152.0749707
GRANITE,90m,TREES,57.96685076
GULCH,0m,DECIDUOUS SHRUBS,2219.068104
GULCH,0m,EVERGREEN SHRUBS,4013.816013
GULCH,0m,FORBS,2558.34982
GULCH,0m,GRAMINOIDS,1168.079774
GULCH,0m,NON VEGETATED,3.488758087
GULCH,0m,TREES,73.91805935
GULCH,10m,DECIDUOUS SHRUBS,9930.313362
GULCH,10m,EVERGREEN SHRUBS,1894.395564
GULCH,10m,FORBS,11753.62547
GULCH,10m,GRAMINOIDS,3122.220303
GULCH,10m,NON VEGETATED,20.27840424
GULCH,10m,TREES,246.3935318
GULCH,20m,BRYOPHYTES,111.204159
GULCH,20m,DECIDUOUS SHRUBS,493.6592484
GULCH,20m,EVERGREEN SHRUBS,7091.554661
GULCH,20m,FORBS,1595.452612
GULCH,20m,GRAMINOIDS,2650.80189
GULCH,20m,NON VEGETATED,450.4858707
GULCH,20m,TREES,97.2491293
GULCH,30m,BRYOPHYTES,991.8974986
GULCH,30m,DECIDUOUS SHRUBS,792.6021986
GULCH,30m,EVERGREEN SHRUBS,7128.186634
GULCH,30m,FORBS,2529.567547
GULCH,30m,GRAMINOIDS,1744.378984
GULCH,30m,NON VEGETATED,400.7710682
GULCH,40m,DECIDUOUS SHRUBS,54764.34139
GULCH,40m,EVERGREEN SHRUBS,271.6870241
GULCH,40m,FORBS,9861.628424
GULCH,40m,GRAMINOIDS,714.1051483
GULCH,40m,NON VEGETATED,442.6361656
GULCH,40m,TREES,502.1631012
GULCH,50m,DECIDUOUS SHRUBS,2707.494203
GULCH,50m,EVERGREEN SHRUBS,8442.794208
GULCH,50m,FORBS,5690.600304
GULCH,50m,GRAMINOIDS,12100.75691
GULCH,50m,NON VEGETATED,168.9867153
GULCH,50m,TREES,58.4366951
GULCH,60m,BRYOPHYTES,1073.44721
GULCH,60m,DECIDUOUS SHRUBS,3085.588372
GULCH,60m,EVERGREEN SHRUBS,5170.557303
GULCH,60m,FORBS,918.6335802
GULCH,60m,GRAMINOIDS,1917.508573
GULCH,60m,NON VEGETATED,181.1973647
GULCH,70m,DECIDUOUS SHRUBS,79052.20201
GULCH,70m,EVERGREEN SHRUBS,1550.098774
GULCH,70m,FORBS,11458.82548
GULCH,70m,GRAMINOIDS,2990.083611
GULCH,70m,TREES,190.1373062
GULCH,80m,BRYOPHYTES,47.53432798
GULCH,80m,DECIDUOUS SHRUBS,672.240044
GULCH,80m,EVERGREEN SHRUBS,3743.219238
GULCH,80m,FORBS,2681.764634
GULCH,80m,GRAMINOIDS,998.8750113
GULCH,80m,NON VEGETATED,156.5580122
GULCH,90m,DECIDUOUS SHRUBS,9285.765373
GULCH,90m,EVERGREEN SHRUBS,5460.778374
GULCH,90m,FORBS,2733.441839
GULCH,90m,GRAMINOIDS,926.2652311
KINGSOLOMON,0m,DECIDUOUS SHRUBS,6826.040939
KINGSOLOMON,0m,EVERGREEN SHRUBS,8734.60407
KINGSOLOMON,0m,FORBS,895.4175997
KINGSOLOMON,0m,GRAMINOIDS,162.2652421
KINGSOLOMON,0m,LICHENS,2176.40981
KINGSOLOMON,0m,NON VEGETATED,4.048844814
KINGSOLOMON,0m,TREES,663.6991014
KINGSOLOMON,10m,DECIDUOUS SHRUBS,11553.53442
KINGSOLOMON,10m,EVERGREEN SHRUBS,6846.908029
KINGSOLOMON,10m,FORBS,837.4879742
KINGSOLOMON,10m,LICHENS,1396.85146
KINGSOLOMON,10m,NON VEGETATED,119.2851982
KINGSOLOMON,10m,TREES,5348.524046
KINGSOLOMON,20m,DECIDUOUS SHRUBS,10208.07219
KINGSOLOMON,20m,EVERGREEN SHRUBS,4024.240312
KINGSOLOMON,20m,FORBS,268.4695606
KINGSOLOMON,20m,GRAMINOIDS,28.65336418
KINGSOLOMON,20m,LICHENS,1044.601961
KINGSOLOMON,20m,NON VEGETATED,127.3828812
KINGSOLOMON,20m,TREES,11502.45669
KINGSOLOMON,30m,DECIDUOUS SHRUBS,17808.37679
KINGSOLOMON,30m,EVERGREEN SHRUBS,351.9380493
KINGSOLOMON,30m,LICHENS,410.8020287
KINGSOLOMON,30m,TREES,13136.6328
KINGSOLOMON,40m,BRYOPHYTES,89.07458615
KINGSOLOMON,40m,DECIDUOUS SHRUBS,2545.477598
KINGSOLOMON,40m,EVERGREEN SHRUBS,2306.907185
KINGSOLOMON,40m,FORBS,1940.953931
KINGSOLOMON,40m,GRAMINOIDS,450.0446706
KINGSOLOMON,40m,LICHENS,1057.682842
KINGSOLOMON,40m,NON VEGETATED,143.8897128
KINGSOLOMON,40m,TREES,35.1938045
KINGSOLOMON,50m,BRYOPHYTES,22.1129216
KINGSOLOMON,50m,DECIDUOUS SHRUBS,3295.136787
KINGSOLOMON,50m,EVERGREEN SHRUBS,6151.752553
KINGSOLOMON,50m,FORBS,531.6444702
KINGSOLOMON,50m,GRAMINOIDS,8.720588684
KINGSOLOMON,50m,LICHENS,186.5583172
KINGSOLOMON,50m,NON VEGETATED,4.67174387
KINGSOLOMON,50m,TREES,241.9963427
KINGSOLOMON,60m,DECIDUOUS SHRUBS,8976.28899
KINGSOLOMON,60m,EVERGREEN SHRUBS,3830.518663
KINGSOLOMON,60m,FORBS,515.4490896
KINGSOLOMON,60m,GRAMINOIDS,0
KINGSOLOMON,60m,LICHENS,17.44117832
KINGSOLOMON,60m,NON VEGETATED,0
KINGSOLOMON,60m,TREES,665.2563477
KINGSOLOMON,70m,DECIDUOUS SHRUBS,3928.480247
KINGSOLOMON,70m,EVERGREEN SHRUBS,2166.898265
KINGSOLOMON,70m,FORBS,940.6382841
KINGSOLOMON,70m,LICHENS,2507.494493
KINGSOLOMON,70m,TREES,199.8320159
KINGSOLOMON,80m,DECIDUOUS SHRUBS,19128.61156
KINGSOLOMON,80m,EVERGREEN SHRUBS,11781.82706
KINGSOLOMON,80m,LICHENS,322.6617851
KINGSOLOMON,80m,TREES,5722.574987
KINGSOLOMON,90m,DECIDUOUS SHRUBS,7975.289952
KINGSOLOMON,90m,EVERGREEN SHRUBS,4534.083317
KINGSOLOMON,90m,FORBS,212.0971775
KINGSOLOMON,90m,GRAMINOIDS,542.5452137
KINGSOLOMON,90m,LICHENS,678.337235
KINGSOLOMON,90m,NON VEGETATED,298.3687275
KINGSOLOMON,90m,TREES,3820.552264
LOWERQUARRY,0m,BRYOPHYTES,347.4579004
LOWERQUARRY,0m,DECIDUOUS SHRUBS,2469.457124
LOWERQUARRY,0m,EVERGREEN SHRUBS,1310.925476
LOWERQUARRY,0m,FORBS,103.2891421
LOWERQUARRY,0m,GRAMINOIDS,2369.893146
LOWERQUARRY,0m,LICHENS,92.79089969
LOWERQUARRY,0m,NON VEGETATED,30.81741652
LOWERQUARRY,10m,BRYOPHYTES,174.4062549
LOWERQUARRY,10m,DECIDUOUS SHRUBS,45.71814537
LOWERQUARRY,10m,EVERGREEN SHRUBS,1092.494334
LOWERQUARRY,10m,GRAMINOIDS,6547.515657
LOWERQUARRY,10m,LICHENS,140.8796184
LOWERQUARRY,10m,NON VEGETATED,378.6139699
LOWERQUARRY,20m,BRYOPHYTES,294.2893901
LOWERQUARRY,20m,DECIDUOUS SHRUBS,1879.523721
LOWERQUARRY,20m,EVERGREEN SHRUBS,1415.90788
LOWERQUARRY,20m,FORBS,1017.652033
LOWERQUARRY,20m,GRAMINOIDS,8653.598158
LOWERQUARRY,20m,LICHENS,43.68622971
LOWERQUARRY,20m,NON VEGETATED,99.90261197
LOWERQUARRY,30m,BRYOPHYTES,468.0183426
LOWERQUARRY,30m,DECIDUOUS SHRUBS,100.9185721
LOWERQUARRY,30m,EVERGREEN SHRUBS,718.2828521
LOWERQUARRY,30m,FORBS,48.08871508
LOWERQUARRY,30m,GRAMINOIDS,2099.30947
LOWERQUARRY,30m,LICHENS,194.3867768
LOWERQUARRY,30m,NON VEGETATED,474.4527469
LOWERQUARRY,40m,BRYOPHYTES,332.2185195
LOWERQUARRY,40m,DECIDUOUS SHRUBS,2991.321271
LOWERQUARRY,40m,EVERGREEN SHRUBS,2200.905367
LOWERQUARRY,40m,FORBS,714.8963182
LOWERQUARRY,40m,GRAMINOIDS,2400.03327
LOWERQUARRY,40m,LICHENS,40.97700405
LOWERQUARRY,40m,NON VEGETATED,35.55855703
LOWERQUARRY,50m,BRYOPHYTES,605.8500802
LOWERQUARRY,50m,EVERGREEN SHRUBS,813.7829764
LOWERQUARRY,50m,FORBS,14.90072823
LOWERQUARRY,50m,GRAMINOIDS,6574.269248
LOWERQUARRY,50m,LICHENS,90.08167839
LOWERQUARRY,50m,NON VEGETATED,50.79793811
LOWERQUARRY,60m,BRYOPHYTES,713.8803633
LOWERQUARRY,60m,DECIDUOUS SHRUBS,1390.170258
LOWERQUARRY,60m,EVERGREEN SHRUBS,1716.631672
LOWERQUARRY,60m,FORBS,453.7949257
LOWERQUARRY,60m,GRAMINOIDS,1702.06961
LOWERQUARRY,60m,LICHENS,812.0897167
LOWERQUARRY,70m,BRYOPHYTES,2279.472832
LOWERQUARRY,70m,DECIDUOUS SHRUBS,1144.308232
LOWERQUARRY,70m,EVERGREEN SHRUBS,732.5062766
LOWERQUARRY,70m,FORBS,2493.162826
LOWERQUARRY,70m,GRAMINOIDS,6353.806134
LOWERQUARRY,70m,LICHENS,648.1816969
LOWERQUARRY,70m,NON VEGETATED,244.5074118
LOWERQUARRY,80m,BRYOPHYTES,1750.835623
LOWERQUARRY,80m,DECIDUOUS SHRUBS,908.6057961
LOWERQUARRY,80m,EVERGREEN SHRUBS,1054.903862
LOWERQUARRY,80m,FORBS,898.446205
LOWERQUARRY,80m,GRAMINOIDS,717.9442064
LOWERQUARRY,80m,LICHENS,381.6618466
LOWERQUARRY,90m,BRYOPHYTES,678.9991107
LOWERQUARRY,90m,DECIDUOUS SHRUBS,813.1056679
LOWERQUARRY,90m,EVERGREEN SHRUBS,1329.890029
LOWERQUARRY,90m,FORBS,596.7064583
LOWERQUARRY,90m,GRAMINOIDS,6691.443135
LOWERQUARRY,90m,LICHENS,759.598515
LOWERQUARRY,90m,NON VEGETATED,917.4107712
MATSONCREEK,0m,BRYOPHYTES,84.08258277
MATSONCREEK,0m,EVERGREEN SHRUBS,466.4497336
MATSONCREEK,0m,GRAMINOIDS,280.6131427
MATSONCREEK,0m,NON VEGETATED,789.6139117
MATSONCREEK,0m,TREES,19.5808754
MATSONCREEK,10m,BRYOPHYTES,1969.029801
MATSONCREEK,10m,DECIDUOUS SHRUBS,876.532129
MATSONCREEK,10m,EVERGREEN SHRUBS,327.1158043
MATSONCREEK,10m,GRAMINOIDS,6807.233804
MATSONCREEK,10m,NON VEGETATED,37.43402702
MATSONCREEK,20m,BRYOPHYTES,573.6044695
MATSONCREEK,20m,DECIDUOUS SHRUBS,437.1142479
MATSONCREEK,20m,EVERGREEN SHRUBS,1963.846643
MATSONCREEK,20m,GRAMINOIDS,3837.275693
MATSONCREEK,20m,NON VEGETATED,423.868368
MATSONCREEK,20m,TREES,943.9133801
MATSONCREEK,30m,BRYOPHYTES,123.8202413
MATSONCREEK,30m,DECIDUOUS SHRUBS,499.3123283
MATSONCREEK,30m,EVERGREEN SHRUBS,467.6373819
MATSONCREEK,30m,GRAMINOIDS,1883.219521
MATSONCREEK,30m,LICHENS,1.151816249
MATSONCREEK,30m,NON VEGETATED,703.7597126
MATSONCREEK,30m,TREES,277.5877051
MATSONCREEK,40m,BRYOPHYTES,255.7032004
MATSONCREEK,40m,DECIDUOUS SHRUBS,60.47035265
MATSONCREEK,40m,EVERGREEN SHRUBS,632.9230081
MATSONCREEK,40m,GRAMINOIDS,646.1688976
MATSONCREEK,40m,LICHENS,1.727724373
MATSONCREEK,40m,NON VEGETATED,488.3700737
MATSONCREEK,40m,TREES,126.6997859
MATSONCREEK,50m,BRYOPHYTES,0
MATSONCREEK,50m,DECIDUOUS SHRUBS,16329.87423
MATSONCREEK,50m,EVERGREEN SHRUBS,938.7302017
MATSONCREEK,50m,GRAMINOIDS,7553.610746
MATSONCREEK,50m,NON VEGETATED,90.41756767
MATSONCREEK,50m,TREES,896.6889343
MATSONCREEK,60m,BRYOPHYTES,111.7261747
MATSONCREEK,60m,DECIDUOUS SHRUBS,19.00496745
MATSONCREEK,60m,EVERGREEN SHRUBS,543.6572516
MATSONCREEK,60m,GRAMINOIDS,874.8044068
MATSONCREEK,60m,NON VEGETATED,430.2033571
MATSONCREEK,60m,TREES,210.2064557
MATSONCREEK,70m,BRYOPHYTES,511.4063967
MATSONCREEK,70m,DECIDUOUS SHRUBS,486.6423478
MATSONCREEK,70m,EVERGREEN SHRUBS,35.13039398
MATSONCREEK,70m,GRAMINOIDS,3051.737028
MATSONCREEK,70m,NON VEGETATED,20.15678352
MATSONCREEK,70m,TREES,328.2676172
MATSONCREEK,80m,BRYOPHYTES,353.0316682
MATSONCREEK,80m,DECIDUOUS SHRUBS,2892.210507
MATSONCREEK,80m,EVERGREEN SHRUBS,234.3945951
MATSONCREEK,80m,GRAMINOIDS,7000.163
MATSONCREEK,80m,NON VEGETATED,738.8900984
MATSONCREEK,80m,TREES,219.4209919
MATSONCREEK,90m,BRYOPHYTES,1567.621858
MATSONCREEK,90m,DECIDUOUS SHRUBS,258.0068302
MATSONCREEK,90m,EVERGREEN SHRUBS,520.6209304
MATSONCREEK,90m,GRAMINOIDS,4072.246216
MATSONCREEK,90m,LICHENS,61.62216759
MATSONCREEK,90m,NON VEGETATED,805.6954386
MATSONCREEK,90m,TREES,342.665316
MOLLYCREEK,0m,BRYOPHYTES,0
MOLLYCREEK,0m,DECIDUOUS SHRUBS,2550.500482
MOLLYCREEK,0m,EVERGREEN SHRUBS,1803.159727
MOLLYCREEK,0m,GRAMINOIDS,3501.423789
MOLLYCREEK,0m,LICHENS,1708.394165
MOLLYCREEK,0m,NON VEGETATED,540.1636496
MOLLYCREEK,10m,DECIDUOUS SHRUBS,53180.79433
MOLLYCREEK,10m,EVERGREEN SHRUBS,11865.62758
MOLLYCREEK,10m,GRAMINOIDS,588.8535347
MOLLYCREEK,10m,TREES,2275.353592
MOLLYCREEK,20m,BRYOPHYTES,152.6052155
MOLLYCREEK,20m,DECIDUOUS SHRUBS,19850.8693
MOLLYCREEK,20m,EVERGREEN SHRUBS,4715.602226
MOLLYCREEK,20m,GRAMINOIDS,5519.290348
MOLLYCREEK,20m,LICHENS,2489.037365
MOLLYCREEK,20m,NON VEGETATED,19.93344498
MOLLYCREEK,30m,BRYOPHYTES,27.44933128
MOLLYCREEK,30m,DECIDUOUS SHRUBS,297.6945482
MOLLYCREEK,30m,EVERGREEN SHRUBS,76.13922191
MOLLYCREEK,30m,GRAMINOIDS,635.2559832
MOLLYCREEK,30m,LICHENS,4397.448459
MOLLYCREEK,30m,NON VEGETATED,319.2618813
MOLLYCREEK,30m,TREES,36.92588806
MOLLYCREEK,40m,BRYOPHYTES,14.70499945
MOLLYCREEK,40m,DECIDUOUS SHRUBS,1690.421387
MOLLYCREEK,40m,EVERGREEN SHRUBS,1230.971869
MOLLYCREEK,40m,GRAMINOIDS,933.9308624
MOLLYCREEK,40m,LICHENS,3117.786703
MOLLYCREEK,40m,NON VEGETATED,165.34955
MOLLYCREEK,40m,TREES,15.03177756
MOLLYCREEK,50m,BRYOPHYTES,177.4403286
MOLLYCREEK,50m,DECIDUOUS SHRUBS,4412.480213
MOLLYCREEK,50m,EVERGREEN SHRUBS,3035.111911
MOLLYCREEK,50m,GRAMINOIDS,591.7945395
MOLLYCREEK,50m,LICHENS,2641.671483
MOLLYCREEK,50m,NON VEGETATED,1007.45586
MOLLYCREEK,50m,TREES,247.6975501
MOLLYCREEK,60m,BRYOPHYTES,1215.6133
MOLLYCREEK,60m,DECIDUOUS SHRUBS,16094.45876
MOLLYCREEK,60m,EVERGREEN SHRUBS,22489.49959
MOLLYCREEK,60m,GRAMINOIDS,888.8355379
MOLLYCREEK,60m,LICHENS,2440.376385
MOLLYCREEK,60m,NON VEGETATED,17.97277641
MOLLYCREEK,60m,TREES,293.4464254
MOLLYCREEK,70m,BRYOPHYTES,192.1453255
MOLLYCREEK,70m,DECIDUOUS SHRUBS,22305.19689
MOLLYCREEK,70m,EVERGREEN SHRUBS,6873.770347
MOLLYCREEK,70m,GRAMINOIDS,1420.829742
MOLLYCREEK,70m,LICHENS,2988.382685
MOLLYCREEK,70m,NON VEGETATED,14.70499992
MOLLYCREEK,70m,TREES,10.45688915
MOLLYCREEK,80m,BRYOPHYTES,1758.064388
MOLLYCREEK,80m,DECIDUOUS SHRUBS,30836.71088
MOLLYCREEK,80m,EVERGREEN SHRUBS,9743.859469
MOLLYCREEK,80m,GRAMINOIDS,308.1514392
MOLLYCREEK,80m,LICHENS,2926.948509
MOLLYCREEK,90m,BRYOPHYTES,557.4828759
MOLLYCREEK,90m,DECIDUOUS SHRUBS,14721.99197
MOLLYCREEK,90m,EVERGREEN SHRUBS,12471.47355
MOLLYCREEK,90m,GRAMINOIDS,681.9852028
MOSQUITOCREEK,0m,BRYOPHYTES,22.39934862
MOSQUITOCREEK,0m,DECIDUOUS SHRUBS,157.7371243
MOSQUITOCREEK,0m,EVERGREEN SHRUBS,1534.392994
MOSQUITOCREEK,0m,FORBS,42.44087005
MOSQUITOCREEK,0m,GRAMINOIDS,162.33495
MOSQUITOCREEK,0m,LICHENS,732.8868885
MOSQUITOCREEK,0m,NON VEGETATED,3.242011011
MOSQUITOCREEK,0m,TREES,85.47119737
MOSQUITOCREEK,10m,DECIDUOUS SHRUBS,120.2491286
MOSQUITOCREEK,10m,EVERGREEN SHRUBS,3166.560432
MOSQUITOCREEK,10m,FORBS,8.252391815
MOSQUITOCREEK,10m,GRAMINOIDS,578.8463037
MOSQUITOCREEK,10m,LICHENS,1226.659032
MOSQUITOCREEK,10m,NON VEGETATED,268.2027211
MOSQUITOCREEK,10m,TREES,232.5405993
MOSQUITOCREEK,20m,DECIDUOUS SHRUBS,72.50315231
MOSQUITOCREEK,20m,EVERGREEN SHRUBS,3762.500984
MOSQUITOCREEK,20m,FORBS,1036.854026
MOSQUITOCREEK,20m,GRAMINOIDS,681.7064766
MOSQUITOCREEK,20m,LICHENS,757.4516331
MOSQUITOCREEK,20m,NON VEGETATED,528.1530427
MOSQUITOCREEK,20m,TREES,35.07266307
MOSQUITOCREEK,30m,DECIDUOUS SHRUBS,20630.38895
MOSQUITOCREEK,30m,EVERGREEN SHRUBS,1737.717824
MOSQUITOCREEK,30m,FORBS,268.2027168
MOSQUITOCREEK,30m,GRAMINOIDS,161.8058109
MOSQUITOCREEK,30m,LICHENS,312.4119568
MOSQUITOCREEK,30m,NON VEGETATED,1259.668596
MOSQUITOCREEK,30m,TREES,153.8481588
MOSQUITOCREEK,40m,DECIDUOUS SHRUBS,474.8072333
MOSQUITOCREEK,40m,EVERGREEN SHRUBS,4582.140282
MOSQUITOCREEK,40m,FORBS,691.7272347
MOSQUITOCREEK,40m,GRAMINOIDS,1262.910593
MOSQUITOCREEK,40m,LICHENS,1425.01115
MOSQUITOCREEK,40m,NON VEGETATED,354.8528247
MOSQUITOCREEK,40m,TREES,150.3114157
MOSQUITOCREEK,50m,BRYOPHYTES,18.2731514
MOSQUITOCREEK,50m,DECIDUOUS SHRUBS,3521.708014
MOSQUITOCREEK,50m,EVERGREEN SHRUBS,12396.27065
MOSQUITOCREEK,50m,FORBS,279.6971173
MOSQUITOCREEK,50m,GRAMINOIDS,1318.908974
MOSQUITOCREEK,50m,LICHENS,4188.678045
MOSQUITOCREEK,50m,NON VEGETATED,1681.719462
MOSQUITOCREEK,60m,BRYOPHYTES,493.6698365
MOSQUITOCREEK,60m,DECIDUOUS SHRUBS,11642.65048
MOSQUITOCREEK,60m,EVERGREEN SHRUBS,300.3280983
MOSQUITOCREEK,60m,GRAMINOIDS,11213.52617
MOSQUITOCREEK,60m,LICHENS,10.31548882
MOSQUITOCREEK,60m,NON VEGETATED,2131.474798
MOSQUITOCREEK,60m,TREES,2652.554379
MOSQUITOCREEK,70m,BRYOPHYTES,355.7370135
MOSQUITOCREEK,70m,DECIDUOUS SHRUBS,14439.62173
MOSQUITOCREEK,70m,EVERGREEN SHRUBS,8128.605473
MOSQUITOCREEK,70m,GRAMINOIDS,1108.473001
MOSQUITOCREEK,70m,NON VEGETATED,78.1029911
MOSQUITOCREEK,70m,TREES,1322.150986
MOSQUITOCREEK,80m,BRYOPHYTES,184.2051649
MOSQUITOCREEK,80m,DECIDUOUS SHRUBS,4104.975237
MOSQUITOCREEK,80m,EVERGREEN SHRUBS,1153.566425
MOSQUITOCREEK,80m,FORBS,91.07103193
MOSQUITOCREEK,80m,GRAMINOIDS,2051.308712
MOSQUITOCREEK,80m,LICHENS,352.4950005
MOSQUITOCREEK,80m,NON VEGETATED,439.4398385
MOSQUITOCREEK,80m,TREES,4.420924067
MOSQUITOCREEK,90m,BRYOPHYTES,88.4184804
MOSQUITOCREEK,90m,DECIDUOUS SHRUBS,12700.13557
MOSQUITOCREEK,90m,EVERGREEN SHRUBS,2652.259617
MOSQUITOCREEK,90m,FORBS,442.976572
MOSQUITOCREEK,90m,GRAMINOIDS,414.387934
MOSQUITOCREEK,90m,LICHENS,1019.170326
MOSQUITOCREEK,90m,NON VEGETATED,84.29228544
MOSQUITOCREEK,90m,TREES,31.24119473
OBRIAN,0m,BRYOPHYTES,62.96167392
OBRIAN,0m,DECIDUOUS SHRUBS,105.8486118
OBRIAN,0m,EVERGREEN SHRUBS,478.599967
OBRIAN,0m,FORBS,2.73746419
OBRIAN,0m,GRAMINOIDS,249.5654732
OBRIAN,0m,LICHENS,62.50543022
OBRIAN,0m,NON VEGETATED,785.1959465
OBRIAN,0m,TREES,46.99313259
OBRIAN,10m,BRYOPHYTES,56.11801434
OBRIAN,10m,EVERGREEN SHRUBS,1712.283779
OBRIAN,10m,FORBS,28.28712964
OBRIAN,10m,GRAMINOIDS,334.4268624
OBRIAN,10m,LICHENS,760.5587685
OBRIAN,10m,NON VEGETATED,968.6060405
OBRIAN,10m,TREES,605.8920521
OBRIAN,20m,BRYOPHYTES,16.88102826
OBRIAN,20m,EVERGREEN SHRUBS,380.9637495
OBRIAN,20m,FORBS,39.23698604
OBRIAN,20m,GRAMINOIDS,23.72468844
OBRIAN,20m,LICHENS,91.70504457
OBRIAN,20m,NON VEGETATED,520.5744219
OBRIAN,20m,TREES,46.08064699
OBRIAN,30m,BRYOPHYTES,42.88693821
OBRIAN,30m,DECIDUOUS SHRUBS,151.4730139
OBRIAN,30m,EVERGREEN SHRUBS,1173.915858
OBRIAN,30m,FORBS,11.40610105
OBRIAN,30m,GRAMINOIDS,472.6688056
OBRIAN,30m,LICHENS,518.2932001
OBRIAN,30m,NON VEGETATED,208.0472707
OBRIAN,40m,BRYOPHYTES,32.90279871
OBRIAN,40m,DECIDUOUS SHRUBS,202.982664
OBRIAN,40m,EVERGREEN SHRUBS,1915.526191
OBRIAN,40m,FORBS,43.04347897
OBRIAN,40m,GRAMINOIDS,1154.743352
OBRIAN,40m,LICHENS,1116.390974
OBRIAN,40m,NON VEGETATED,101.7424155
OBRIAN,40m,TREES,280.5900726
OBRIAN,50m,BRYOPHYTES,32.39332542
OBRIAN,50m,DECIDUOUS SHRUBS,248.6529856
OBRIAN,50m,EVERGREEN SHRUBS,287.8899677
OBRIAN,50m,FORBS,71.63030955
OBRIAN,50m,GRAMINOIDS,1737.377199
OBRIAN,50m,LICHENS,995.0681963
OBRIAN,50m,NON VEGETATED,836.295273
OBRIAN,50m,TREES,351.7641282
OBRIAN,60m,BRYOPHYTES,20.53098083
OBRIAN,60m,EVERGREEN SHRUBS,81.2114346
OBRIAN,60m,FORBS,18.24975979
OBRIAN,60m,GRAMINOIDS,247.284254
OBRIAN,60m,LICHENS,3127.096473
OBRIAN,60m,NON VEGETATED,384.6137022
OBRIAN,60m,TREES,13.23107624
OBRIAN,70m,BRYOPHYTES,256.4091398
OBRIAN,70m,DECIDUOUS SHRUBS,6105.09607
OBRIAN,70m,EVERGREEN SHRUBS,2321.49302
OBRIAN,70m,FORBS,72.542799
OBRIAN,70m,GRAMINOIDS,2427.183908
OBRIAN,70m,LICHENS,651.5164451
OBRIAN,70m,NON VEGETATED,87.54420483
OBRIAN,70m,TREES,1054.379932
OBRIAN,80m,BRYOPHYTES,109.0423189
OBRIAN,80m,DECIDUOUS SHRUBS,672.5036812
OBRIAN,80m,EVERGREEN SHRUBS,1402.49409
OBRIAN,80m,FORBS,48.3618646
OBRIAN,80m,GRAMINOIDS,2846.962667
OBRIAN,80m,LICHENS,1575.410578
OBRIAN,80m,NON VEGETATED,181.1288733
OBRIAN,80m,TREES,43.79942417
OBRIAN,90m,BRYOPHYTES,73.93870145
OBRIAN,90m,DECIDUOUS SHRUBS,282.3874722
OBRIAN,90m,EVERGREEN SHRUBS,899.3101709
OBRIAN,90m,FORBS,44.32167342
OBRIAN,90m,GRAMINOIDS,3040.46944
OBRIAN,90m,LICHENS,618.4548852
OBRIAN,90m,NON VEGETATED,352.0314979
OBRIAN,90m,TREES,609.9796935
OGILVIE,10m,DECIDUOUS SHRUBS,43.26236963
OGILVIE,10m,EVERGREEN SHRUBS,2982.240571
OGILVIE,10m,FORBS,776.4959191
OGILVIE,10m,GRAMINOIDS,1816.701439
OGILVIE,10m,LICHENS,971.4946842
OGILVIE,10m,NON VEGETATED,635.8932168
OGILVIE,10m,TREES,9.225064039
OGILVIE,20m,DECIDUOUS SHRUBS,19825.61731
OGILVIE,20m,EVERGREEN SHRUBS,2859.769919
OGILVIE,20m,FORBS,4031.353055
OGILVIE,20m,GRAMINOIDS,1129.275096
OGILVIE,20m,NON VEGETATED,5.725901604
OGILVIE,20m,TREES,1076.787661
OGILVIE,30m,BRYOPHYTES,0
OGILVIE,30m,DECIDUOUS SHRUBS,6310.580128
OGILVIE,30m,EVERGREEN SHRUBS,10021.6008
OGILVIE,30m,FORBS,7862.61769
OGILVIE,30m,GRAMINOIDS,512.7863331
OGILVIE,30m,NON VEGETATED,90.6601162
OGILVIE,40m,BRYOPHYTES,15.90528297
OGILVIE,40m,DECIDUOUS SHRUBS,15234.71642
OGILVIE,40m,EVERGREEN SHRUBS,3473.077645
OGILVIE,40m,FORBS,2285.589188
OGILVIE,40m,GRAMINOIDS,201.3608866
OGILVIE,40m,NON VEGETATED,118.6534128
OGILVIE,40m,TREES,3438.404109
OGILVIE,50m,BRYOPHYTES,27.35708714
OGILVIE,50m,DECIDUOUS SHRUBS,397.3139763
OGILVIE,50m,EVERGREEN SHRUBS,4864.153673
OGILVIE,50m,FORBS,1784.890873
OGILVIE,50m,GRAMINOIDS,1628.382891
OGILVIE,50m,LICHENS,451.85248
OGILVIE,50m,NON VEGETATED,6.680218905
OGILVIE,50m,TREES,475.8860588
OGILVIE,60m,BRYOPHYTES,7.952641487
OGILVIE,60m,DECIDUOUS SHRUBS,0.636211336
OGILVIE,60m,EVERGREEN SHRUBS,1276.230503
OGILVIE,60m,FORBS,615.4275007
OGILVIE,60m,GRAMINOIDS,1686.383224
OGILVIE,60m,LICHENS,3029.55245
OGILVIE,60m,NON VEGETATED,155.8717731
OGILVIE,60m,TREES,110.3826656
OGILVIE,70m,BRYOPHYTES,135.5130119
OGILVIE,70m,DECIDUOUS SHRUBS,87.79716206
OGILVIE,70m,EVERGREEN SHRUBS,3929.297901
OGILVIE,70m,FORBS,1055.474585
OGILVIE,70m,GRAMINOIDS,710.6480457
OGILVIE,70m,LICHENS,1805.444235
OGILVIE,70m,NON VEGETATED,115.7904606
OGILVIE,70m,TREES,13.67854404
OGILVIE,80m,BRYOPHYTES,277.3881369
OGILVIE,80m,DECIDUOUS SHRUBS,1808.748811
OGILVIE,80m,EVERGREEN SHRUBS,12491.69125
OGILVIE,80m,FORBS,1368.490561
OGILVIE,80m,GRAMINOIDS,311.7435455
OGILVIE,80m,LICHENS,831.8463068
OGILVIE,80m,NON VEGETATED,91.93253744
OGILVIE,80m,TREES,717.3282719
OGILVIE,90m,BRYOPHYTES,246.2137774
OGILVIE,90m,DECIDUOUS SHRUBS,1857.100854
OGILVIE,90m,EVERGREEN SHRUBS,8388.764395
OGILVIE,90m,FORBS,204.2238364
OGILVIE,90m,GRAMINOIDS,12.40612125
OGILVIE,90m,TREES,1250.155272
PAGE,0m,BRYOPHYTES,300.3001702
PAGE,0m,DECIDUOUS SHRUBS,155.6617091
PAGE,0m,EVERGREEN SHRUBS,2302.189947
PAGE,0m,FORBS,197.0824294
PAGE,0m,GRAMINOIDS,604.6087936
PAGE,0m,NON VEGETATED,96.20294464
PAGE,10m,BRYOPHYTES,476.6722311
PAGE,10m,DECIDUOUS SHRUBS,768.621448
PAGE,10m,EVERGREEN SHRUBS,3068.807178
PAGE,10m,FORBS,874.8455417
PAGE,10m,GRAMINOIDS,742.232446
PAGE,10m,NON VEGETATED,108.2283157
PAGE,20m,BRYOPHYTES,366.1056539
PAGE,20m,DECIDUOUS SHRUBS,6363.089946
PAGE,20m,EVERGREEN SHRUBS,2667.293451
PAGE,20m,FORBS,2475.555658
PAGE,20m,GRAMINOIDS,387.150048
PAGE,20m,NON VEGETATED,0.334038019
PAGE,30m,BRYOPHYTES,387.4840887
PAGE,30m,DECIDUOUS SHRUBS,2414.760731
PAGE,30m,EVERGREEN SHRUBS,1889.31896
PAGE,30m,FORBS,2794.895983
PAGE,30m,GRAMINOIDS,785.6573887
PAGE,30m,NON VEGETATED,285.6024938
PAGE,40m,BRYOPHYTES,375.7927504
PAGE,40m,DECIDUOUS SHRUBS,6791.994748
PAGE,40m,EVERGREEN SHRUBS,1618.748158
PAGE,40m,FORBS,4146.41373
PAGE,40m,GRAMINOIDS,507.4037285
PAGE,40m,NON VEGETATED,36.74418259
PAGE,50m,BRYOPHYTES,1515.196379
PAGE,50m,DECIDUOUS SHRUBS,1884.976473
PAGE,50m,EVERGREEN SHRUBS,2748.798734
PAGE,50m,FORBS,460.9724441
PAGE,50m,GRAMINOIDS,1895.331633
PAGE,50m,NON VEGETATED,489.3656852
PAGE,60m,BRYOPHYTES,559.847698
PAGE,60m,DECIDUOUS SHRUBS,530.4523581
PAGE,60m,EVERGREEN SHRUBS,1267.006157
PAGE,60m,FORBS,134.6173165
PAGE,60m,GRAMINOIDS,2428.122246
PAGE,60m,NON VEGETATED,43.09090328
PAGE,70m,BRYOPHYTES,1495.154085
PAGE,70m,DECIDUOUS SHRUBS,1417.657299
PAGE,70m,EVERGREEN SHRUBS,5878.734832
PAGE,70m,FORBS,197.41646
PAGE,70m,GRAMINOIDS,6789.6565
PAGE,70m,NON VEGETATED,0
PAGE,80m,BRYOPHYTES,884.5326326
PAGE,80m,DECIDUOUS SHRUBS,1387.927927
PAGE,80m,EVERGREEN SHRUBS,2827.297668
PAGE,80m,FORBS,316.6680303
PAGE,80m,GRAMINOIDS,4441.035254
PAGE,80m,NON VEGETATED,25.05285048
PAGE,90m,BRYOPHYTES,598.596109
PAGE,90m,DECIDUOUS SHRUBS,2212.667711
PAGE,90m,EVERGREEN SHRUBS,3663.394804
PAGE,90m,FORBS,475.0020411
PAGE,90m,GRAMINOIDS,2652.929853
PAGE,90m,NON VEGETATED,9.353064537
PEDRO,0m,BRYOPHYTES,1179.594617
PEDRO,0m,DECIDUOUS SHRUBS,5520.469019
PEDRO,0m,EVERGREEN SHRUBS,1823.240537
PEDRO,0m,FORBS,7840.75197
PEDRO,0m,GRAMINOIDS,187.4833679
PEDRO,0m,NON VEGETATED,1399.218006
PEDRO,0m,TREES,3550.906864
PEDRO,10m,BRYOPHYTES,338.0339301
PEDRO,10m,DECIDUOUS SHRUBS,32243.7566
PEDRO,10m,EVERGREEN SHRUBS,2047.656736
PEDRO,10m,FORBS,3651.837731
PEDRO,10m,GRAMINOIDS,63.43422318
PEDRO,10m,NON VEGETATED,50.46544826
PEDRO,10m,SHADOW,58.0775547
PEDRO,10m,TREES,699.4680403
PEDRO,20m,DECIDUOUS SHRUBS,42179.81142
PEDRO,20m,EVERGREEN SHRUBS,13799.90378
PEDRO,20m,FORBS,1327.043943
PEDRO,20m,GRAMINOIDS,724.5597839
PEDRO,30m,DECIDUOUS SHRUBS,169408.5637
PEDRO,30m,EVERGREEN SHRUBS,4252.066441
PEDRO,30m,FORBS,1063.439484
PEDRO,30m,GRAMINOIDS,85.70668411
PEDRO,30m,TREES,2741.48613
PEDRO,40m,DECIDUOUS SHRUBS,23996.32651
PEDRO,40m,EVERGREEN SHRUBS,866.4207106
PEDRO,40m,FORBS,1692.06076
PEDRO,40m,GRAMINOIDS,89.37177372
PEDRO,40m,NON VEGETATED,61.46071243
PEDRO,40m,TREES,721.7404881
PEDRO,50m,BRYOPHYTES,1532.852763
PEDRO,50m,DECIDUOUS SHRUBS,50141.22943
PEDRO,50m,EVERGREEN SHRUBS,23433.44771
PEDRO,50m,FORBS,1593.749596
PEDRO,50m,GRAMINOIDS,1228.932348
PEDRO,50m,NON VEGETATED,937.134918
PEDRO,50m,TREES,4881.897842
PEDRO,60m,BRYOPHYTES,8898.552839
PEDRO,60m,DECIDUOUS SHRUBS,59824.39321
PEDRO,60m,EVERGREEN SHRUBS,37492.44522
PEDRO,60m,FORBS,456.7264099
PEDRO,60m,GRAMINOIDS,155.3433685
PEDRO,60m,NON VEGETATED,251.1995316
PEDRO,60m,TREES,5322.83609
PEDRO,70m,DECIDUOUS SHRUBS,241128.1432
PEDRO,70m,EVERGREEN SHRUBS,22254.41723
PEDRO,70m,FORBS,15018.40479
PEDRO,70m,GRAMINOIDS,609.8143311
PEDRO,70m,TREES,1090.222839
PEDRO,80m,BRYOPHYTES,341.6990095
PEDRO,80m,DECIDUOUS SHRUBS,19813.75011
PEDRO,80m,EVERGREEN SHRUBS,15059.28458
PEDRO,80m,FORBS,5183.562781
PEDRO,80m,GRAMINOIDS,44.8268528
PEDRO,80m,NON VEGETATED,167.1844172
PEDRO,90m,BRYOPHYTES,293.7709355
PEDRO,90m,DECIDUOUS SHRUBS,76075.9591
PEDRO,90m,EVERGREEN SHRUBS,4550.630199
PEDRO,90m,FORBS,1234.570946
PEDRO,90m,NON VEGETATED,3512.282447
PEDRO,90m,SHADOW,225.5438995
PEDRO,90m,TREES,945.0289612
PINNELL,0m,BRYOPHYTES,170.9907355
PINNELL,0m,DECIDUOUS SHRUBS,465.5597498
PINNELL,0m,EVERGREEN SHRUBS,5109.839453
PINNELL,0m,FORBS,12.84724665
PINNELL,0m,GRAMINOIDS,394.8998946
PINNELL,0m,LICHENS,278.9687879
PINNELL,0m,NON VEGETATED,199.1323261
PINNELL,10m,BRYOPHYTES,317.2046373
PINNELL,10m,DECIDUOUS SHRUBS,289.9807129
PINNELL,10m,EVERGREEN SHRUBS,2321.375121
PINNELL,10m,FORBS,6.11773634
PINNELL,10m,GRAMINOIDS,387.2527188
PINNELL,10m,LICHENS,1260.865498
PINNELL,10m,NON VEGETATED,221.1561761
PINNELL,10m,TREES,3.05886817
PINNELL,20m,BRYOPHYTES,698.6455166
PINNELL,20m,DECIDUOUS SHRUBS,3333.554627
PINNELL,20m,EVERGREEN SHRUBS,3644.335646
PINNELL,20m,GRAMINOIDS,1582.046656
PINNELL,20m,LICHENS,823.7532244
PINNELL,20m,NON VEGETATED,476.8775644
PINNELL,20m,TREES,371.9583836
PINNELL,30m,BRYOPHYTES,659.4920025
PINNELL,30m,DECIDUOUS SHRUBS,51.69487381
PINNELL,30m,EVERGREEN SHRUBS,641.7505611
PINNELL,30m,GRAMINOIDS,1305.830865
PINNELL,30m,LICHENS,480.2423227
PINNELL,30m,NON VEGETATED,262.1450122
PINNELL,40m,BRYOPHYTES,63.62445939
PINNELL,40m,DECIDUOUS SHRUBS,575.9848953
PINNELL,40m,EVERGREEN SHRUBS,2015.488311
PINNELL,40m,GRAMINOIDS,2229.303183
PINNELL,40m,LICHENS,765.022953
PINNELL,40m,NON VEGETATED,2315.563268
PINNELL,40m,TREES,637.1622515
PINNELL,50m,BRYOPHYTES,1284.112898
PINNELL,50m,DECIDUOUS SHRUBS,1687.577625
PINNELL,50m,EVERGREEN SHRUBS,1980.617199
PINNELL,50m,GRAMINOIDS,479.9364339
PINNELL,50m,LICHENS,55.97728652
PINNELL,50m,NON VEGETATED,208.6148107
PINNELL,50m,TREES,68.51864815
PINNELL,60m,BRYOPHYTES,50.7772131
PINNELL,60m,EVERGREEN SHRUBS,1140.651975
PINNELL,60m,GRAMINOIDS,501.6543975
PINNELL,60m,LICHENS,3047.550446
PINNELL,60m,NON VEGETATED,280.4982203
PINNELL,70m,BRYOPHYTES,25.08272037
PINNELL,70m,DECIDUOUS SHRUBS,7256.553156
PINNELL,70m,EVERGREEN SHRUBS,1916.380967
PINNELL,70m,FORBS,56.89495087
PINNELL,70m,GRAMINOIDS,437.1122764
PINNELL,70m,LICHENS,970.578894
PINNELL,70m,NON VEGETATED,863.2126338
PINNELL,70m,TREES,23.85917282
PINNELL,80m,BRYOPHYTES,1213.147156
PINNELL,80m,DECIDUOUS SHRUBS,564.0553097
PINNELL,80m,EVERGREEN SHRUBS,2597.285058
PINNELL,80m,FORBS,14.6825676
PINNELL,80m,GRAMINOIDS,271.9333885
PINNELL,80m,LICHENS,89.93072706
PINNELL,80m,NON VEGETATED,53.22430861
PINNELL,80m,TREES,68.82453346
PINNELL,90m,BRYOPHYTES,62.09502602
PINNELL,90m,DECIDUOUS SHRUBS,186.2850747
PINNELL,90m,EVERGREEN SHRUBS,4196.318751
PINNELL,90m,FORBS,24.77683258
PINNELL,90m,GRAMINOIDS,936.3989699
PINNELL,90m,LICHENS,974.9770127
PINNELL,90m,NON VEGETATED,231.5563276
PORCUPINECREEK,0m,BRYOPHYTES,288.113471
PORCUPINECREEK,0m,EVERGREEN SHRUBS,265.0346136
PORCUPINECREEK,0m,GRAMINOIDS,12509.11246
PORCUPINECREEK,0m,LICHENS,931.3435402
PORCUPINECREEK,0m,NON VEGETATED,13.40062523
PORCUPINECREEK,0m,TREES,0
PORCUPINECREEK,10m,BRYOPHYTES,303.0030475
PORCUPINECREEK,10m,DECIDUOUS SHRUBS,3271.241776
PORCUPINECREEK,10m,EVERGREEN SHRUBS,4282.616847
PORCUPINECREEK,10m,GRAMINOIDS,1870.504097
PORCUPINECREEK,10m,LICHENS,811.1101389
PORCUPINECREEK,10m,TREES,173.8359034
PORCUPINECREEK,20m,DECIDUOUS SHRUBS,11818.98016
PORCUPINECREEK,20m,EVERGREEN SHRUBS,9235.264959
PORCUPINECREEK,20m,GRAMINOIDS,1017.703122
PORCUPINECREEK,20m,LICHENS,170.1135006
PORCUPINECREEK,20m,NON VEGETATED,26.42901373
PORCUPINECREEK,20m,TREES,38.34068012
PORCUPINECREEK,30m,BRYOPHYTES,59.93057632
PORCUPINECREEK,30m,DECIDUOUS SHRUBS,23948.7803
PORCUPINECREEK,30m,EVERGREEN SHRUBS,6314.672907
PORCUPINECREEK,30m,GRAMINOIDS,837.911377
PORCUPINECREEK,30m,LICHENS,513.3184357
PORCUPINECREEK,30m,TREES,992.3908195
PORCUPINECREEK,40m,BRYOPHYTES,29.0346899
PORCUPINECREEK,40m,DECIDUOUS SHRUBS,5609.294901
PORCUPINECREEK,40m,EVERGREEN SHRUBS,3813.076673
PORCUPINECREEK,40m,GRAMINOIDS,1647.904783
PORCUPINECREEK,40m,LICHENS,20.47317886
PORCUPINECREEK,40m,NON VEGETATED,840.5170636
PORCUPINECREEK,40m,TREES,1221.690431
PORCUPINECREEK,50m,BRYOPHYTES,162.2964759
PORCUPINECREEK,50m,DECIDUOUS SHRUBS,1754.737572
PORCUPINECREEK,50m,EVERGREEN SHRUBS,5419.808895
PORCUPINECREEK,50m,GRAMINOIDS,2285.923507
PORCUPINECREEK,50m,LICHENS,661.0975597
PORCUPINECREEK,50m,NON VEGETATED,2056.623888
PORCUPINECREEK,60m,BRYOPHYTES,170.8579865
PORCUPINECREEK,60m,DECIDUOUS SHRUBS,3366.907373
PORCUPINECREEK,60m,EVERGREEN SHRUBS,4915.051991
PORCUPINECREEK,60m,GRAMINOIDS,1083.217304
PORCUPINECREEK,60m,LICHENS,222.9715348
PORCUPINECREEK,60m,NON VEGETATED,2089.753228
PORCUPINECREEK,70m,BRYOPHYTES,75.93688393
PORCUPINECREEK,70m,DECIDUOUS SHRUBS,6206.351143
PORCUPINECREEK,70m,EVERGREEN SHRUBS,5426.509175
PORCUPINECREEK,70m,GRAMINOIDS,2968.983221
PORCUPINECREEK,70m,LICHENS,0
PORCUPINECREEK,70m,TREES,82.63719177
PORCUPINECREEK,80m,BRYOPHYTES,180.9084549
PORCUPINECREEK,80m,DECIDUOUS SHRUBS,209.1986694
PORCUPINECREEK,80m,EVERGREEN SHRUBS,2360.371429
PORCUPINECREEK,80m,FORBS,32.01260769
PORCUPINECREEK,80m,GRAMINOIDS,3421.998831
PORCUPINECREEK,80m,LICHENS,3138.724458
PORCUPINECREEK,80m,NON VEGETATED,1155.059543
PORCUPINECREEK,90m,BRYOPHYTES,48.76338816
PORCUPINECREEK,90m,DECIDUOUS SHRUBS,2533.835081
PORCUPINECREEK,90m,EVERGREEN SHRUBS,4872.988866
PORCUPINECREEK,90m,GRAMINOIDS,3979.986015
PORCUPINECREEK,90m,LICHENS,878.8577456
PORCUPINECREEK,90m,NON VEGETATED,184.2586129
PORCUPINECREEK,90m,TREES,52.11354637
PRINDLE,0m,BRYOPHYTES,310.6740488
PRINDLE,0m,DECIDUOUS SHRUBS,5.004662514
PRINDLE,0m,EVERGREEN SHRUBS,1715.444291
PRINDLE,0m,FORBS,20.4036237
PRINDLE,0m,GRAMINOIDS,2290.595493
PRINDLE,0m,LICHENS,1161.85164
PRINDLE,0m,NON VEGETATED,242.5336426
PRINDLE,10m,BRYOPHYTES,42.73211801
PRINDLE,10m,DECIDUOUS SHRUBS,13.08911705
PRINDLE,10m,EVERGREEN SHRUBS,1874.823541
PRINDLE,10m,FORBS,23.86839032
PRINDLE,10m,GRAMINOIDS,4.619688392
PRINDLE,10m,LICHENS,417.3118541
PRINDLE,10m,NON VEGETATED,525.8745309
PRINDLE,20m,BRYOPHYTES,149.754903
PRINDLE,20m,DECIDUOUS SHRUBS,87.77407837
PRINDLE,20m,EVERGREEN SHRUBS,738.3801981
PRINDLE,20m,FORBS,23.09844095
PRINDLE,20m,GRAMINOIDS,631.7423889
PRINDLE,20m,LICHENS,843.4781167
PRINDLE,20m,NON VEGETATED,495.07661
PRINDLE,30m,BRYOPHYTES,239.4538508
PRINDLE,30m,DECIDUOUS SHRUBS,31.56786978
PRINDLE,30m,EVERGREEN SHRUBS,1343.174408
PRINDLE,30m,FORBS,7.31450671
PRINDLE,30m,GRAMINOIDS,2939.276735
PRINDLE,30m,LICHENS,803.8257868
PRINDLE,30m,NON VEGETATED,582.8506888
PRINDLE,40m,BRYOPHYTES,90.08392358
PRINDLE,40m,DECIDUOUS SHRUBS,90.85387135
PRINDLE,40m,EVERGREEN SHRUBS,2659.998804
PRINDLE,40m,FORBS,174.3932376
PRINDLE,40m,GRAMINOIDS,1038.739422
PRINDLE,40m,LICHENS,951.4290264
PRINDLE,40m,NON VEGETATED,418.8517499
PRINDLE,40m,TREES,16.55388451
PRINDLE,50m,BRYOPHYTES,122.4217426
PRINDLE,50m,DECIDUOUS SHRUBS,83.53936446
PRINDLE,50m,EVERGREEN SHRUBS,4549.238143
PRINDLE,50m,FORBS,11.54922104
PRINDLE,50m,GRAMINOIDS,950.8858591
PRINDLE,50m,LICHENS,958.9703248
PRINDLE,50m,NON VEGETATED,256.7776784
PRINDLE,60m,BRYOPHYTES,6.544559002
PRINDLE,60m,DECIDUOUS SHRUBS,467.7434509
PRINDLE,60m,EVERGREEN SHRUBS,4091.889007
PRINDLE,60m,FORBS,36.95750856
PRINDLE,60m,GRAMINOIDS,1525.267128
PRINDLE,60m,LICHENS,383.0491626
PRINDLE,60m,NON VEGETATED,321.8382986
PRINDLE,60m,TREES,28.10310459
PRINDLE,70m,BRYOPHYTES,155.144533
PRINDLE,70m,DECIDUOUS SHRUBS,112.0424156
PRINDLE,70m,EVERGREEN SHRUBS,2223.973767
PRINDLE,70m,FORBS,10.03806973
PRINDLE,70m,GRAMINOIDS,1746.584495
PRINDLE,70m,LICHENS,658.6087066
PRINDLE,70m,NON VEGETATED,546.2781597
PRINDLE,80m,BRYOPHYTES,151.2947929
PRINDLE,80m,EVERGREEN SHRUBS,7204.404021
PRINDLE,80m,FORBS,44.27201271
PRINDLE,80m,GRAMINOIDS,6103.763248
PRINDLE,80m,LICHENS,910.8485659
PRINDLE,80m,NON VEGETATED,463.1237531
PRINDLE,80m,TREES,13.47409153
PRINDLE,90m,BRYOPHYTES,7.314506531
PRINDLE,90m,DECIDUOUS SHRUBS,205.9611149
PRINDLE,90m,EVERGREEN SHRUBS,6620.013487
PRINDLE,90m,FORBS,216.7403812
PRINDLE,90m,GRAMINOIDS,3273.049253
PRINDLE,90m,LICHENS,885.4402723
PRINDLE,90m,NON VEGETATED,73.53004122
QUARTZ02,0m,EVERGREEN SHRUBS,435.372847
QUARTZ02,0m,GRAMINOIDS,107.6270845
QUARTZ02,0m,LICHENS,2968.865801
QUARTZ02,0m,NON VEGETATED,732.7154801
QUARTZ02,10m,BRYOPHYTES,86.95295703
QUARTZ02,10m,EVERGREEN SHRUBS,2031.537258
QUARTZ02,10m,GRAMINOIDS,566.1063067
QUARTZ02,10m,LICHENS,3205.098136
QUARTZ02,10m,NON VEGETATED,633.6012616
QUARTZ02,20m,BRYOPHYTES,17.02575493
QUARTZ02,20m,DECIDUOUS SHRUBS,4596.69749
QUARTZ02,20m,EVERGREEN SHRUBS,8107.299067
QUARTZ02,20m,GRAMINOIDS,168.7373767
QUARTZ02,20m,LICHENS,255.6903343
QUARTZ02,30m,BRYOPHYTES,162.0486907
QUARTZ02,30m,DECIDUOUS SHRUBS,77.52798462
QUARTZ02,30m,EVERGREEN SHRUBS,765.2468216
QUARTZ02,30m,GRAMINOIDS,704.4405589
QUARTZ02,30m,LICHENS,5602.385066
QUARTZ02,30m,NON VEGETATED,892.6359511
QUARTZ02,40m,DECIDUOUS SHRUBS,105.4252958
QUARTZ02,40m,EVERGREEN SHRUBS,2187.171503
QUARTZ02,40m,GRAMINOIDS,373.0121105
QUARTZ02,40m,LICHENS,5949.587393
QUARTZ02,40m,NON VEGETATED,326.5296304
QUARTZ02,40m,TREES,26.75475597
QUARTZ02,50m,BRYOPHYTES,271.8039953
QUARTZ02,50m,DECIDUOUS SHRUBS,10.3370657
QUARTZ02,50m,EVERGREEN SHRUBS,572.1869391
QUARTZ02,50m,GRAMINOIDS,2722.296416
QUARTZ02,50m,LICHENS,1345.642603
QUARTZ02,50m,NON VEGETATED,745.788816
QUARTZ02,60m,BRYOPHYTES,72.96751499
QUARTZ02,60m,DECIDUOUS SHRUBS,3787.926159
QUARTZ02,60m,EVERGREEN SHRUBS,3045.785744
QUARTZ02,60m,FORBS,17.63381672
QUARTZ02,60m,GRAMINOIDS,807.5071805
QUARTZ02,60m,LICHENS,303.4195447
QUARTZ02,60m,NON VEGETATED,53.8135438
QUARTZ02,60m,TREES,16.11365938
QUARTZ02,70m,DECIDUOUS SHRUBS,23.71444273
QUARTZ02,70m,EVERGREEN SHRUBS,2109.977322
QUARTZ02,70m,FORBS,59.59013939
QUARTZ02,70m,GRAMINOIDS,558.2014942
QUARTZ02,70m,LICHENS,3642.295159
QUARTZ02,70m,NON VEGETATED,1019.112971
QUARTZ02,80m,DECIDUOUS SHRUBS,29.49103642
QUARTZ02,80m,EVERGREEN SHRUBS,1329.832976
QUARTZ02,80m,GRAMINOIDS,1144.981949
QUARTZ02,80m,LICHENS,6100.084301
QUARTZ02,80m,NON VEGETATED,98.81017992
QUARTZ02,90m,EVERGREEN SHRUBS,996.3106221
QUARTZ02,90m,LICHENS,1526.541241
QUARTZ02,90m,NON VEGETATED,622.0480717
SCHAR,0m,DECIDUOUS SHRUBS,10.38388681
SCHAR,0m,EVERGREEN SHRUBS,1773.677782
SCHAR,0m,GRAMINOIDS,128.837115
SCHAR,0m,LICHENS,79.22521192
SCHAR,0m,NON VEGETATED,369.5894544
SCHAR,10m,BRYOPHYTES,53.45778847
SCHAR,10m,DECIDUOUS SHRUBS,11186.13829
SCHAR,10m,EVERGREEN SHRUBS,5616.913577
SCHAR,10m,GRAMINOIDS,854.9400258
SCHAR,10m,LICHENS,61.14955759
SCHAR,10m,NON VEGETATED,301.9018968
SCHAR,20m,BRYOPHYTES,73.45638436
SCHAR,20m,DECIDUOUS SHRUBS,9052.057259
SCHAR,20m,EVERGREEN SHRUBS,1936.402603
SCHAR,20m,GRAMINOIDS,84.60944748
SCHAR,20m,LICHENS,196.9092625
SCHAR,20m,NON VEGETATED,2522.515336
SCHAR,30m,DECIDUOUS SHRUBS,45329.89656
SCHAR,30m,EVERGREEN SHRUBS,8414.409657
SCHAR,30m,NON VEGETATED,162.6808968
SCHAR,40m,BRYOPHYTES,334.6281493
SCHAR,40m,DECIDUOUS SHRUBS,31770.46333
SCHAR,40m,EVERGREEN SHRUBS,5729.452206
SCHAR,40m,GRAMINOIDS,144.5944715
SCHAR,40m,NON VEGETATED,137.2670387
SCHAR,50m,DECIDUOUS SHRUBS,14824.34452
SCHAR,50m,EVERGREEN SHRUBS,6334.940161
SCHAR,50m,GRAMINOIDS,0
SCHAR,50m,LICHENS,0
SCHAR,50m,NON VEGETATED,1147.611787
SCHAR,60m,BRYOPHYTES,92.30121821
SCHAR,60m,DECIDUOUS SHRUBS,64.99544096
SCHAR,60m,EVERGREEN SHRUBS,2409.061744
SCHAR,60m,GRAMINOIDS,1022.62056
SCHAR,60m,LICHENS,569.1908382
SCHAR,60m,NON VEGETATED,496.503629
SCHAR,70m,BRYOPHYTES,1299.524213
SCHAR,70m,DECIDUOUS SHRUBS,6785.677744
SCHAR,70m,EVERGREEN SHRUBS,2399.83163
SCHAR,70m,GRAMINOIDS,1161.456968
SCHAR,70m,LICHENS,773.7918579
SCHAR,70m,NON VEGETATED,822.6345917
SCHAR,80m,BRYOPHYTES,107.6847527
SCHAR,80m,DECIDUOUS SHRUBS,7364.483307
SCHAR,80m,EVERGREEN SHRUBS,3474.371629
SCHAR,80m,GRAMINOIDS,414.5863004
SCHAR,80m,LICHENS,834.1722441
SCHAR,80m,NON VEGETATED,409.5866513
SCHAR,90m,BRYOPHYTES,38.84342885
SCHAR,90m,EVERGREEN SHRUBS,2755.960493
SCHAR,90m,GRAMINOIDS,673.4142904
SCHAR,90m,LICHENS,453.0451391
SCHAR,90m,NON VEGETATED,352.2829784
SEELA,0m,BRYOPHYTES,1248.731594
SEELA,0m,DECIDUOUS SHRUBS,12.33038402
SEELA,0m,EVERGREEN SHRUBS,629.2232183
SEELA,0m,FORBS,9.341199577
SEELA,0m,GRAMINOIDS,1273.392359
SEELA,0m,LICHENS,56.79449463
SEELA,0m,NON VEGETATED,152.8220311
SEELA,10m,BRYOPHYTES,1310.383505
SEELA,10m,EVERGREEN SHRUBS,2728.377607
SEELA,10m,FORBS,20.17699146
SEELA,10m,GRAMINOIDS,823.5201754
SEELA,20m,BRYOPHYTES,1374.277324
SEELA,20m,EVERGREEN SHRUBS,1048.082611
SEELA,20m,GRAMINOIDS,1105.624401
SEELA,20m,NON VEGETATED,13.45132765
SEELA,30m,BRYOPHYTES,293.687323
SEELA,30m,DECIDUOUS SHRUBS,48.20059109
SEELA,30m,EVERGREEN SHRUBS,4068.652993
SEELA,30m,FORBS,3.362831831
SEELA,30m,GRAMINOIDS,1116.460191
SEELA,30m,LICHENS,120.6882995
SEELA,30m,NON VEGETATED,143.4808294
SEELA,40m,DECIDUOUS SHRUBS,2167.158347
SEELA,40m,EVERGREEN SHRUBS,3582.536946
SEELA,40m,FORBS,0
SEELA,40m,GRAMINOIDS,271.6420892
SEELA,40m,LICHENS,827.2566631
SEELA,40m,NON VEGETATED,514.8869361
SEELA,50m,BRYOPHYTES,96.02753359
SEELA,50m,DECIDUOUS SHRUBS,240.6293039
SEELA,50m,EVERGREEN SHRUBS,4375.044336
SEELA,50m,GRAMINOIDS,916.9321651
SEELA,50m,LICHENS,195.0442504
SEELA,50m,NON VEGETATED,959.5280438
SEELA,60m,BRYOPHYTES,14.19862425
SEELA,60m,DECIDUOUS SHRUBS,787.6499581
SEELA,60m,EVERGREEN SHRUBS,3275.771933
SEELA,60m,GRAMINOIDS,783.9134825
SEELA,60m,LICHENS,900.4916578
SEELA,60m,NON VEGETATED,104.9950864
SEELA,70m,BRYOPHYTES,353.0973515
SEELA,70m,DECIDUOUS SHRUBS,78.83972454
SEELA,70m,EVERGREEN SHRUBS,1540.550669
SEELA,70m,GRAMINOIDS,1923.913512
SEELA,70m,LICHENS,1673.1957
SEELA,70m,NON VEGETATED,254.827929
SEELA,80m,BRYOPHYTES,604.9360974
SEELA,80m,DECIDUOUS SHRUBS,328.8102303
SEELA,80m,EVERGREEN SHRUBS,2505.683429
SEELA,80m,GRAMINOIDS,1226.686358
SEELA,80m,LICHENS,141.2389453
SEELA,80m,NON VEGETATED,804.0904785
SEELA,90m,BRYOPHYTES,439.0363935
SEELA,90m,DECIDUOUS SHRUBS,31.01278305
SEELA,90m,EVERGREEN SHRUBS,3897.895828
SEELA,90m,FORBS,16.44051218
SEELA,90m,GRAMINOIDS,294.434618
SEELA,90m,LICHENS,10.46214366
SEELA,90m,NON VEGETATED,48.20059013
SHEEPCREEK,0m,BRYOPHYTES,7.221266031
SHEEPCREEK,0m,EVERGREEN SHRUBS,256.8707485
SHEEPCREEK,0m,GRAMINOIDS,3473.686845
SHEEPCREEK,0m,NON VEGETATED,318.7673137
SHEEPCREEK,10m,BRYOPHYTES,76.33909628
SHEEPCREEK,10m,DECIDUOUS SHRUBS,10014.34844
SHEEPCREEK,10m,EVERGREEN SHRUBS,4886.991732
SHEEPCREEK,10m,GRAMINOIDS,1485.001776
SHEEPCREEK,10m,NON VEGETATED,560.6797229
SHEEPCREEK,10m,TREES,2813.714687
SHEEPCREEK,20m,BRYOPHYTES,260.2234793
SHEEPCREEK,20m,DECIDUOUS SHRUBS,7010.301823
SHEEPCREEK,20m,EVERGREEN SHRUBS,2706.685208
SHEEPCREEK,20m,GRAMINOIDS,2296.878386
SHEEPCREEK,20m,NON VEGETATED,104.450453
SHEEPCREEK,20m,TREES,518.6416326
SHEEPCREEK,30m,BRYOPHYTES,1734.909156
SHEEPCREEK,30m,DECIDUOUS SHRUBS,3311.982056
SHEEPCREEK,30m,EVERGREEN SHRUBS,2869.937425
SHEEPCREEK,30m,GRAMINOIDS,835.6036403
SHEEPCREEK,30m,NON VEGETATED,42.8117902
SHEEPCREEK,30m,TREES,1700.866016
SHEEPCREEK,40m,BRYOPHYTES,52.8699832
SHEEPCREEK,40m,DECIDUOUS SHRUBS,54813.79307
SHEEPCREEK,40m,EVERGREEN SHRUBS,3430.359244
SHEEPCREEK,40m,GRAMINOIDS,1091.184865
SHEEPCREEK,40m,NON VEGETATED,4.900144577
SHEEPCREEK,40m,TREES,1247.98951
SHEEPCREEK,50m,BRYOPHYTES,119.1508867
SHEEPCREEK,50m,DECIDUOUS SHRUBS,175.1156979
SHEEPCREEK,50m,EVERGREEN SHRUBS,2280.114731
SHEEPCREEK,50m,GRAMINOIDS,3601.606415
SHEEPCREEK,50m,NON VEGETATED,78.91812161
SHEEPCREEK,50m,TREES,723.9319181
SHEEPCREEK,60m,BRYOPHYTES,229.0172955
SHEEPCREEK,60m,DECIDUOUS SHRUBS,155.2572179
SHEEPCREEK,60m,EVERGREEN SHRUBS,2038.976023
SHEEPCREEK,60m,GRAMINOIDS,7357.69633
SHEEPCREEK,60m,NON VEGETATED,198.0690079
SHEEPCREEK,60m,TREES,17.27945825
SHEEPCREEK,70m,BRYOPHYTES,40.74857306
SHEEPCREEK,70m,DECIDUOUS SHRUBS,9.026582181
SHEEPCREEK,70m,EVERGREEN SHRUBS,70.14944267
SHEEPCREEK,70m,GRAMINOIDS,4580.345853
SHEEPCREEK,70m,NON VEGETATED,629.7975588
SHEEPCREEK,70m,TREES,0
SHEEPCREEK,80m,BRYOPHYTES,49.77515504
SHEEPCREEK,80m,DECIDUOUS SHRUBS,299.1667361
SHEEPCREEK,80m,EVERGREEN SHRUBS,94.9080658
SHEEPCREEK,80m,GRAMINOIDS,3987.944152
SHEEPCREEK,80m,NON VEGETATED,1294.411933
SHEEPCREEK,80m,TREES,60.60705376
SHEEPCREEK,90m,BRYOPHYTES,8.51077801
SHEEPCREEK,90m,DECIDUOUS SHRUBS,550.1057284
SHEEPCREEK,90m,EVERGREEN SHRUBS,69.89154032
SHEEPCREEK,90m,GRAMINOIDS,2260.514159
SHEEPCREEK,90m,LICHENS,22.1796031
SHEEPCREEK,90m,NON VEGETATED,826.0612532
SHEEPCREEK,90m,TREES,19.85848117
SIXTYMILE,0m,BRYOPHYTES,142.0099306
SIXTYMILE,0m,DECIDUOUS SHRUBS,5258.930019
SIXTYMILE,0m,EVERGREEN SHRUBS,1932.313956
SIXTYMILE,0m,GRAMINOIDS,1370.481383
SIXTYMILE,0m,LICHENS,1091.594414
SIXTYMILE,0m,NON VEGETATED,774.4959209
SIXTYMILE,0m,TREES,431.7329979
SIXTYMILE,10m,BRYOPHYTES,357.0209468
SIXTYMILE,10m,DECIDUOUS SHRUBS,11152.62729
SIXTYMILE,10m,EVERGREEN SHRUBS,3189.80538
SIXTYMILE,10m,GRAMINOIDS,447.701992
SIXTYMILE,10m,LICHENS,99.2358551
SIXTYMILE,10m,NON VEGETATED,1396.716137
SIXTYMILE,10m,TREES,3678.000113
SIXTYMILE,20m,BRYOPHYTES,442.5690942
SIXTYMILE,20m,DECIDUOUS SHRUBS,671.2678127
SIXTYMILE,20m,EVERGREEN SHRUBS,4044.716523
SIXTYMILE,20m,FORBS,33.64893913
SIXTYMILE,20m,GRAMINOIDS,282.8792152
SIXTYMILE,20m,LICHENS,1252.995238
SIXTYMILE,20m,NON VEGETATED,740.8469857
SIXTYMILE,30m,BRYOPHYTES,61.70429754
SIXTYMILE,30m,DECIDUOUS SHRUBS,3063.475831
SIXTYMILE,30m,EVERGREEN SHRUBS,1788.762268
SIXTYMILE,30m,FORBS,15.41134071
SIXTYMILE,30m,GRAMINOIDS,567.109458
SIXTYMILE,30m,LICHENS,445.1446638
SIXTYMILE,30m,NON VEGETATED,334.435349
SIXTYMILE,40m,BRYOPHYTES,300.5591647
SIXTYMILE,40m,DECIDUOUS SHRUBS,37.07086468
SIXTYMILE,40m,EVERGREEN SHRUBS,1084.180223
SIXTYMILE,40m,GRAMINOIDS,30.79733467
SIXTYMILE,40m,LICHENS,2289.268489
SIXTYMILE,40m,NON VEGETATED,1218.205654
SIXTYMILE,50m,BRYOPHYTES,458.5380859
SIXTYMILE,50m,DECIDUOUS SHRUBS,17449.54131
SIXTYMILE,50m,EVERGREEN SHRUBS,4093.193841
SIXTYMILE,50m,GRAMINOIDS,15.39866734
SIXTYMILE,50m,LICHENS,41.6334343
SIXTYMILE,50m,NON VEGETATED,887.9897963
SIXTYMILE,50m,TREES,180.2214508
SIXTYMILE,60m,BRYOPHYTES,206.4562027
SIXTYMILE,60m,DECIDUOUS SHRUBS,658.7207578
SIXTYMILE,60m,EVERGREEN SHRUBS,1037.984221
SIXTYMILE,60m,FORBS,9.125136256
SIXTYMILE,60m,GRAMINOIDS,62.73531055
SIXTYMILE,60m,LICHENS,150.5647457
SIXTYMILE,60m,NON VEGETATED,269.7618371
SIXTYMILE,70m,BRYOPHYTES,574.3132518
SIXTYMILE,70m,DECIDUOUS SHRUBS,2459.794465
SIXTYMILE,70m,EVERGREEN SHRUBS,872.0208153
SIXTYMILE,70m,FORBS,59.88370413
SIXTYMILE,70m,GRAMINOIDS,53.03985596
SIXTYMILE,70m,LICHENS,29.65669191
SIXTYMILE,70m,NON VEGETATED,1192.541218
SIXTYMILE,80m,DECIDUOUS SHRUBS,45089.00814
SIXTYMILE,80m,EVERGREEN SHRUBS,890.2710648
SIXTYMILE,80m,GRAMINOIDS,1009.46817
SIXTYMILE,80m,NON VEGETATED,1432.646355
SIXTYMILE,80m,TREES,5834.95417
SIXTYMILE,90m,BRYOPHYTES,1002.624314
SIXTYMILE,90m,DECIDUOUS SHRUBS,7449.532882
SIXTYMILE,90m,EVERGREEN SHRUBS,1542.718315
SIXTYMILE,90m,FORBS,165.3930931
SIXTYMILE,90m,GRAMINOIDS,2584.124466
SIXTYMILE,90m,LICHENS,1535.874497
SIXTYMILE,90m,NON VEGETATED,1231.893357
SOUTHSTONEBOY,0m,BRYOPHYTES,734.9720066
SOUTHSTONEBOY,0m,DECIDUOUS SHRUBS,7822.728431
SOUTHSTONEBOY,0m,EVERGREEN SHRUBS,3435.675882
SOUTHSTONEBOY,0m,GRAMINOIDS,1444.819634
SOUTHSTONEBOY,0m,LICHENS,382.5606318
SOUTHSTONEBOY,0m,NON VEGETATED,577.5258609
SOUTHSTONEBOY,10m,BRYOPHYTES,689.4131367
SOUTHSTONEBOY,10m,DECIDUOUS SHRUBS,4179.022685
SOUTHSTONEBOY,10m,EVERGREEN SHRUBS,4712.999619
SOUTHSTONEBOY,10m,GRAMINOIDS,1497.748323
SOUTHSTONEBOY,10m,LICHENS,228.7993993
SOUTHSTONEBOY,10m,NON VEGETATED,635.1444613
SOUTHSTONEBOY,20m,BRYOPHYTES,1855.854568
SOUTHSTONEBOY,20m,DECIDUOUS SHRUBS,6265.35161
SOUTHSTONEBOY,20m,EVERGREEN SHRUBS,3874.515143
SOUTHSTONEBOY,20m,GRAMINOIDS,409.0249784
SOUTHSTONEBOY,20m,LICHENS,367.8209922
SOUTHSTONEBOY,20m,NON VEGETATED,337.0017533
SOUTHSTONEBOY,30m,BRYOPHYTES,0
SOUTHSTONEBOY,30m,DECIDUOUS SHRUBS,9.379770517
SOUTHSTONEBOY,30m,EVERGREEN SHRUBS,2607.911169
SOUTHSTONEBOY,30m,GRAMINOIDS,6661.981915
SOUTHSTONEBOY,30m,LICHENS,145.3864436
SOUTHSTONEBOY,30m,NON VEGETATED,334.9917948
SOUTHSTONEBOY,40m,BRYOPHYTES,134.6667039
SOUTHSTONEBOY,40m,DECIDUOUS SHRUBS,220.4246063
SOUTHSTONEBOY,40m,EVERGREEN SHRUBS,7932.605802
SOUTHSTONEBOY,40m,GRAMINOIDS,1514.497921
SOUTHSTONEBOY,40m,LICHENS,122.9419913
SOUTHSTONEBOY,40m,NON VEGETATED,849.8741916
SOUTHSTONEBOY,50m,NON VEGETATED,219.7546282
SOUTHSTONEBOY,60m,BRYOPHYTES,79.39305687
SOUTHSTONEBOY,60m,DECIDUOUS SHRUBS,3094.989221
SOUTHSTONEBOY,60m,EVERGREEN SHRUBS,8715.816639
SOUTHSTONEBOY,60m,GRAMINOIDS,1257.559209
SOUTHSTONEBOY,70m,BRYOPHYTES,413.3798836
SOUTHSTONEBOY,70m,DECIDUOUS SHRUBS,1177.831167
SOUTHSTONEBOY,70m,EVERGREEN SHRUBS,7303.15621
SOUTHSTONEBOY,70m,FORBS,153.4262389
SOUTHSTONEBOY,70m,GRAMINOIDS,277.708199
SOUTHSTONEBOY,70m,NON VEGETATED,54.26867282
SOUTHSTONEBOY,80m,BRYOPHYTES,267.6584477
SOUTHSTONEBOY,80m,DECIDUOUS SHRUBS,344.37157
SOUTHSTONEBOY,80m,EVERGREEN SHRUBS,1826.375291
SOUTHSTONEBOY,80m,GRAMINOIDS,2149.642365
SOUTHSTONEBOY,80m,LICHENS,283.7380626
SOUTHSTONEBOY,80m,NON VEGETATED,604.6602072
SOUTHSTONEBOY,90m,BRYOPHYTES,171.8507906
SOUTHSTONEBOY,90m,DECIDUOUS SHRUBS,1169.456362
SOUTHSTONEBOY,90m,EVERGREEN SHRUBS,1126.912407
SOUTHSTONEBOY,90m,GRAMINOIDS,8775.780163
SOUTHSTONEBOY,90m,LICHENS,168.1658809
SOUTHSTONEBOY,90m,NON VEGETATED,1333.602349
SPRINGRIVER,0m,BRYOPHYTES,121.7442473
SPRINGRIVER,0m,DECIDUOUS SHRUBS,429.4756329
SPRINGRIVER,0m,EVERGREEN SHRUBS,974.5885692
SPRINGRIVER,0m,FORBS,539.6339569
SPRINGRIVER,0m,GRAMINOIDS,6319.154767
SPRINGRIVER,0m,NON VEGETATED,31.7248854
SPRINGRIVER,10m,BRYOPHYTES,7.534660339
SPRINGRIVER,10m,DECIDUOUS SHRUBS,546.8577008
SPRINGRIVER,10m,EVERGREEN SHRUBS,2823.514796
SPRINGRIVER,10m,FORBS,541.7024202
SPRINGRIVER,10m,GRAMINOIDS,383.0779972
SPRINGRIVER,10m,NON VEGETATED,316.0591674
SPRINGRIVER,20m,BRYOPHYTES,17.4486866
SPRINGRIVER,20m,DECIDUOUS SHRUBS,9792.588254
SPRINGRIVER,20m,EVERGREEN SHRUBS,2686.877931
SPRINGRIVER,20m,FORBS,960.8674617
SPRINGRIVER,20m,GRAMINOIDS,387.2408266
SPRINGRIVER,20m,NON VEGETATED,17.05212593
SPRINGRIVER,30m,DECIDUOUS SHRUBS,19.82805288
SPRINGRIVER,30m,EVERGREEN SHRUBS,1646.521549
SPRINGRIVER,30m,FORBS,40.44923067
SPRINGRIVER,30m,GRAMINOIDS,167.7453333
SPRINGRIVER,30m,NON VEGETATED,161.7969185
SPRINGRIVER,40m,BRYOPHYTES,0
SPRINGRIVER,40m,DECIDUOUS SHRUBS,34.50081444
SPRINGRIVER,40m,EVERGREEN SHRUBS,1531.518841
SPRINGRIVER,40m,FORBS,780.4321859
SPRINGRIVER,40m,GRAMINOIDS,834.761053
SPRINGRIVER,40m,LICHENS,0.793122172
SPRINGRIVER,40m,NON VEGETATED,279.5755481
SPRINGRIVER,50m,BRYOPHYTES,19.43149185
SPRINGRIVER,50m,DECIDUOUS SHRUBS,1236.477406
SPRINGRIVER,50m,EVERGREEN SHRUBS,2266.743052
SPRINGRIVER,50m,FORBS,1043.352175
SPRINGRIVER,50m,GRAMINOIDS,2371.038625
SPRINGRIVER,50m,NON VEGETATED,150.2966443
SPRINGRIVER,60m,BRYOPHYTES,23.79366338
SPRINGRIVER,60m,DECIDUOUS SHRUBS,136.0204468
SPRINGRIVER,60m,EVERGREEN SHRUBS,1874.940723
SPRINGRIVER,60m,GRAMINOIDS,691.2059398
SPRINGRIVER,60m,NON VEGETATED,481.02858
SPRINGRIVER,70m,BRYOPHYTES,4.758732796
SPRINGRIVER,70m,DECIDUOUS SHRUBS,647.9807817
SPRINGRIVER,70m,EVERGREEN SHRUBS,1119.09533
SPRINGRIVER,70m,FORBS,319.6282191
SPRINGRIVER,70m,GRAMINOIDS,1376.066898
SPRINGRIVER,70m,NON VEGETATED,299.0070454
SPRINGRIVER,80m,BRYOPHYTES,330.7319369
SPRINGRIVER,80m,DECIDUOUS SHRUBS,12130.00987
SPRINGRIVER,80m,EVERGREEN SHRUBS,2619.285864
SPRINGRIVER,80m,FORBS,3291.060298
SPRINGRIVER,80m,GRAMINOIDS,3854.970136
SPRINGRIVER,80m,NON VEGETATED,0
SPRINGRIVER,90m,DECIDUOUS SHRUBS,103.5024395
SPRINGRIVER,90m,EVERGREEN SHRUBS,2426.528799
SPRINGRIVER,90m,FORBS,96.36433911
SPRINGRIVER,90m,GRAMINOIDS,1559.379648
SPRINGRIVER,90m,LICHENS,185.1940168
SPRINGRIVER,90m,NON VEGETATED,104.2955593
STONE01,0m,BRYOPHYTES,202.2959114
STONE01,0m,DECIDUOUS SHRUBS,7681.581433
STONE01,0m,EVERGREEN SHRUBS,3154.935237
STONE01,0m,GRAMINOIDS,1896.799411
STONE01,0m,LICHENS,817.3635544
STONE01,0m,NON VEGETATED,83.37234056
STONE01,0m,TREES,233.4425516
STONE01,10m,BRYOPHYTES,300.4550412
STONE01,10m,DECIDUOUS SHRUBS,2013.520709
STONE01,10m,EVERGREEN SHRUBS,4825.842793
STONE01,10m,FORBS,3.775351286
STONE01,10m,GRAMINOIDS,418.434765
STONE01,10m,LICHENS,73.61935073
STONE01,10m,NON VEGETATED,2.831513643
STONE01,10m,TREES,408.6817772
STONE01,20m,BRYOPHYTES,72.04628825
STONE01,20m,DECIDUOUS SHRUBS,607.8315513
STONE01,20m,EVERGREEN SHRUBS,4693.076262
STONE01,20m,FORBS,9.438378811
STONE01,20m,GRAMINOIDS,494.2564083
STONE01,20m,LICHENS,298.5673658
STONE01,20m,NON VEGETATED,62.92252088
STONE01,20m,TREES,180.5876414
STONE01,30m,BRYOPHYTES,750.9802943
STONE01,30m,DECIDUOUS SHRUBS,2259.233128
STONE01,30m,EVERGREEN SHRUBS,4380.665953
STONE01,30m,GRAMINOIDS,1279.529476
STONE01,30m,LICHENS,577.628751
STONE01,30m,NON VEGETATED,131.5080733
STONE01,30m,TREES,484.5034175
STONE01,40m,BRYOPHYTES,282.836735
STONE01,40m,DECIDUOUS SHRUBS,1164.381247
STONE01,40m,EVERGREEN SHRUBS,5204.007123
STONE01,40m,FORBS,76.13625145
STONE01,40m,GRAMINOIDS,2206.063605
STONE01,40m,LICHENS,935.0286711
STONE01,40m,NON VEGETATED,262.3869148
STONE01,40m,TREES,447.6937373
STONE01,50m,BRYOPHYTES,142.5195137
STONE01,50m,DECIDUOUS SHRUBS,95.95684588
STONE01,50m,EVERGREEN SHRUBS,3665.551495
STONE01,50m,FORBS,87.46230698
STONE01,50m,GRAMINOIDS,1253.102021
STONE01,50m,LICHENS,537.6729488
STONE01,50m,NON VEGETATED,774.2616278
STONE01,50m,TREES,290.3874362
STONE01,60m,BRYOPHYTES,180.273025
STONE01,60m,DECIDUOUS SHRUBS,2949.807808
STONE01,60m,EVERGREEN SHRUBS,4390.104322
STONE01,60m,GRAMINOIDS,677.0463281
STONE01,60m,LICHENS,424.0977931
STONE01,60m,NON VEGETATED,114.5189893
STONE01,60m,TREES,617.5845497
STONE01,70m,BRYOPHYTES,392.0073121
STONE01,70m,DECIDUOUS SHRUBS,1220.696916
STONE01,70m,EVERGREEN SHRUBS,2544.586768
STONE01,70m,FORBS,63.5517478
STONE01,70m,GRAMINOIDS,2985.359034
STONE01,70m,LICHENS,615.6968729
STONE01,70m,NON VEGETATED,183.1045403
STONE01,70m,TREES,499.9194341
STONE01,80m,BRYOPHYTES,319.6464137
STONE01,80m,DECIDUOUS SHRUBS,3133.226957
STONE01,80m,EVERGREEN SHRUBS,2359.279946
STONE01,80m,GRAMINOIDS,806.9813406
STONE01,80m,LICHENS,477.8965468
STONE01,80m,NON VEGETATED,59.14717048
STONE01,80m,TREES,1034.131638
STONE01,90m,BRYOPHYTES,152.5871185
STONE01,90m,DECIDUOUS SHRUBS,1501.527328
STONE01,90m,EVERGREEN SHRUBS,833.0144871
STONE01,90m,GRAMINOIDS,634.2711168
STONE01,90m,LICHENS,172.0930955
STONE01,90m,NON VEGETATED,381.3104775
STONE01,90m,TREES,946.4172238
STONE02,0m,BRYOPHYTES,787.9657786
STONE02,0m,DECIDUOUS SHRUBS,6940.668537
STONE02,0m,EVERGREEN SHRUBS,3188.717614
STONE02,0m,FORBS,63.69423485
STONE02,0m,GRAMINOIDS,57.68534279
STONE02,0m,NON VEGETATED,2.002963305
STONE02,0m,TREES,67.70015907
STONE02,10m,BRYOPHYTES,1479.789301
STONE02,10m,DECIDUOUS SHRUBS,7762.684676
STONE02,10m,EVERGREEN SHRUBS,4318.388932
STONE02,10m,FORBS,48.87230492
STONE02,10m,GRAMINOIDS,156.6317352
STONE02,10m,NON VEGETATED,166.6465487
STONE02,10m,TREES,402.1950455
STONE02,20m,BRYOPHYTES,740.6958437
STONE02,20m,DECIDUOUS SHRUBS,5783.756906
STONE02,20m,EVERGREEN SHRUBS,5595.878974
STONE02,20m,FORBS,0
STONE02,20m,GRAMINOIDS,1683.290367
STONE02,20m,NON VEGETATED,124.5843215
STONE02,20m,TREES,214.3170738
STONE02,30m,BRYOPHYTES,1214.997549
STONE02,30m,DECIDUOUS SHRUBS,9374.268998
STONE02,30m,EVERGREEN SHRUBS,5416.413431
STONE02,30m,GRAMINOIDS,781.1556931
STONE02,30m,NON VEGETATED,52.47763824
STONE02,30m,TREES,2369.505594
STONE02,40m,BRYOPHYTES,1528.661606
STONE02,40m,DECIDUOUS SHRUBS,7749.064519
STONE02,40m,EVERGREEN SHRUBS,4701.355503
STONE02,40m,GRAMINOIDS,1272.682899
STONE02,40m,NON VEGETATED,47.67052627
STONE02,40m,TREES,1873.571894
STONE02,50m,BRYOPHYTES,1058.36583
STONE02,50m,DECIDUOUS SHRUBS,245.1627131
STONE02,50m,EVERGREEN SHRUBS,805.5918548
STONE02,50m,GRAMINOIDS,2097.102602
STONE02,50m,NON VEGETATED,609.3014399
STONE02,50m,TREES,542.0018717
STONE02,60m,BRYOPHYTES,388.9754767
STONE02,60m,DECIDUOUS SHRUBS,4313.181219
STONE02,60m,EVERGREEN SHRUBS,1676.480296
STONE02,60m,FORBS,29.24326324
STONE02,60m,GRAMINOIDS,940.1909794
STONE02,60m,NON VEGETATED,400.1920741
STONE02,60m,TREES,277.6107073
STONE02,70m,BRYOPHYTES,255.9787115
STONE02,70m,DECIDUOUS SHRUBS,517.1651316
STONE02,70m,EVERGREEN SHRUBS,3463.524166
STONE02,70m,GRAMINOIDS,4835.15345
STONE02,70m,LICHENS,4.807111979
STONE02,70m,NON VEGETATED,243.1597508
STONE02,70m,TREES,503.9455678
STONE02,80m,BRYOPHYTES,483.1147561
STONE02,80m,DECIDUOUS SHRUBS,3941.831841
STONE02,80m,EVERGREEN SHRUBS,3158.272568
STONE02,80m,FORBS,87.32920027
STONE02,80m,GRAMINOIDS,3236.788734
STONE02,80m,NON VEGETATED,23.234375
STONE02,80m,TREES,959.0188408
STONE02,90m,BRYOPHYTES,1396.866627
STONE02,90m,DECIDUOUS SHRUBS,3249.207091
STONE02,90m,EVERGREEN SHRUBS,1535.47169
STONE02,90m,GRAMINOIDS,1689.299286
STONE02,90m,LICHENS,39.25807953
STONE02,90m,NON VEGETATED,1128.870123
STONE02,90m,TREES,977.045521
SWEDE,0m,BRYOPHYTES,13.2002306
SWEDE,0m,DECIDUOUS SHRUBS,2315.4404
SWEDE,0m,EVERGREEN SHRUBS,6495.713333
SWEDE,0m,FORBS,295.8051603
SWEDE,0m,GRAMINOIDS,1861.832489
SWEDE,0m,LICHENS,167.7029223
SWEDE,0m,NON VEGETATED,24.00041866
SWEDE,10m,BRYOPHYTES,23.10040349
SWEDE,10m,DECIDUOUS SHRUBS,5878.602484
SWEDE,10m,EVERGREEN SHRUBS,12953.62599
SWEDE,10m,FORBS,410.1071539
SWEDE,10m,GRAMINOIDS,5834.201757
SWEDE,10m,LICHENS,168.0029292
SWEDE,20m,BRYOPHYTES,112.2019578
SWEDE,20m,DECIDUOUS SHRUBS,242.9215041
SWEDE,20m,EVERGREEN SHRUBS,1567.887744
SWEDE,20m,FORBS,1425.850216
SWEDE,20m,GRAMINOIDS,1905.231708
SWEDE,20m,LICHENS,2792.903653
SWEDE,20m,NON VEGETATED,834.0145509
SWEDE,30m,BRYOPHYTES,402.907025
SWEDE,30m,DECIDUOUS SHRUBS,495.3086414
SWEDE,30m,EVERGREEN SHRUBS,6553.314342
SWEDE,30m,FORBS,1204.521021
SWEDE,30m,GRAMINOIDS,4691.48183
SWEDE,30m,LICHENS,3129.054576
SWEDE,30m,NON VEGETATED,124.8021774
SWEDE,40m,DECIDUOUS SHRUBS,24887.5341
SWEDE,40m,EVERGREEN SHRUBS,6121.306789
SWEDE,40m,FORBS,727.8126965
SWEDE,40m,GRAMINOIDS,3706.56469
SWEDE,40m,LICHENS,0
SWEDE,40m,NON VEGETATED,93.30162811
SWEDE,50m,BRYOPHYTES,60.60105753
SWEDE,50m,DECIDUOUS SHRUBS,4914.385735
SWEDE,50m,EVERGREEN SHRUBS,4938.986167
SWEDE,50m,FORBS,3973.569326
SWEDE,50m,GRAMINOIDS,1329.923196
SWEDE,50m,LICHENS,693.0120817
SWEDE,50m,NON VEGETATED,413.7072178
SWEDE,60m,BRYOPHYTES,92.10160768
SWEDE,60m,DECIDUOUS SHRUBS,6790.018474
SWEDE,60m,EVERGREEN SHRUBS,6817.618952
SWEDE,60m,FORBS,4368.976228
SWEDE,60m,GRAMINOIDS,1670.129133
SWEDE,60m,LICHENS,326.705698
SWEDE,60m,NON VEGETATED,190.5033202
SWEDE,70m,BRYOPHYTES,1177.220533
SWEDE,70m,DECIDUOUS SHRUBS,5988.104435
SWEDE,70m,EVERGREEN SHRUBS,6793.918474
SWEDE,70m,FORBS,6230.208647
SWEDE,70m,GRAMINOIDS,5617.898002
SWEDE,70m,LICHENS,12.90022564
SWEDE,80m,BRYOPHYTES,426.3074344
SWEDE,80m,DECIDUOUS SHRUBS,2430.942421
SWEDE,80m,EVERGREEN SHRUBS,7062.123192
SWEDE,80m,FORBS,4770.683218
SWEDE,80m,GRAMINOIDS,4090.271353
SWEDE,80m,LICHENS,274.5047866
SWEDE,80m,NON VEGETATED,126.3022013
SWEDE,90m,BRYOPHYTES,381.0066466
SWEDE,90m,DECIDUOUS SHRUBS,2802.648907
SWEDE,90m,EVERGREEN SHRUBS,4481.178184
SWEDE,90m,FORBS,5828.501649
SWEDE,90m,GRAMINOIDS,1274.122242
SWEDE,90m,LICHENS,565.2098616
SWEDE,90m,NON VEGETATED,150.6026298
THISTLE,0m,DECIDUOUS SHRUBS,2.980037212
THISTLE,0m,EVERGREEN SHRUBS,428.4017657
THISTLE,0m,GRAMINOIDS,1067.184454
THISTLE,0m,LICHENS,3446.589322
THISTLE,0m,NON VEGETATED,61.25632116
THISTLE,10m,DECIDUOUS SHRUBS,43.70721245
THISTLE,10m,EVERGREEN SHRUBS,2737.329802
THISTLE,10m,FORBS,1877.092375
THISTLE,10m,GRAMINOIDS,4569.059388
THISTLE,10m,LICHENS,4172.714399
THISTLE,10m,NON VEGETATED,62.58078292
THISTLE,10m,TREES,38.40936852
THISTLE,20m,BRYOPHYTES,98.01011658
THISTLE,20m,DECIDUOUS SHRUBS,1803.253674
THISTLE,20m,EVERGREEN SHRUBS,7797.764165
THISTLE,20m,FORBS,491.0439129
THISTLE,20m,GRAMINOIDS,5478.301844
THISTLE,20m,LICHENS,550.6446624
THISTLE,20m,TREES,1093.342552
THISTLE,30m,BRYOPHYTES,263.2366239
THISTLE,30m,DECIDUOUS SHRUBS,5193.873791
THISTLE,30m,EVERGREEN SHRUBS,7636.511012
THISTLE,30m,FORBS,86.08996582
THISTLE,30m,GRAMINOIDS,1559.22172
THISTLE,30m,LICHENS,675.8062339
THISTLE,30m,NON VEGETATED,537.0689383
THISTLE,30m,TREES,628.1256351
THISTLE,40m,BRYOPHYTES,335.7508727
THISTLE,40m,DECIDUOUS SHRUBS,5673.328674
THISTLE,40m,EVERGREEN SHRUBS,6297.812048
THISTLE,40m,FORBS,48.01171112
THISTLE,40m,GRAMINOIDS,3793.256319
THISTLE,40m,LICHENS,580.7761512
THISTLE,40m,TREES,489.3883467
THISTLE,50m,BRYOPHYTES,149.6640968
THISTLE,50m,DECIDUOUS SHRUBS,7036.199084
THISTLE,50m,EVERGREEN SHRUBS,8474.563745
THISTLE,50m,FORBS,270.1900473
THISTLE,50m,GRAMINOIDS,1677.429861
THISTLE,50m,NON VEGETATED,87.41442871
THISTLE,50m,TREES,428.4631338
THISTLE,60m,DECIDUOUS SHRUBS,1712.528077
THISTLE,60m,EVERGREEN SHRUBS,4925.339371
THISTLE,60m,FORBS,179.1333489
THISTLE,60m,GRAMINOIDS,1625.113655
THISTLE,60m,LICHENS,3755.178069
THISTLE,60m,NON VEGETATED,268.20336
THISTLE,60m,TREES,681.4351788
THISTLE,70m,BRYOPHYTES,547.3335083
THISTLE,70m,EVERGREEN SHRUBS,2608.525958
THISTLE,70m,GRAMINOIDS,3988.614317
THISTLE,70m,LICHENS,631.7679026
THISTLE,70m,NON VEGETATED,98.34123018
THISTLE,70m,TREES,35.76044655
THISTLE,80m,BRYOPHYTES,126.817142
THISTLE,80m,DECIDUOUS SHRUBS,1217.510774
THISTLE,80m,EVERGREEN SHRUBS,5688.891127
THISTLE,80m,GRAMINOIDS,3798.885291
THISTLE,80m,LICHENS,557.9292026
THISTLE,80m,NON VEGETATED,1158.572265
THISTLE,80m,TREES,3370.753281
THISTLE,90m,BRYOPHYTES,39.7338295
THISTLE,90m,DECIDUOUS SHRUBS,51.98509318
THISTLE,90m,EVERGREEN SHRUBS,650.6414606
THISTLE,90m,FORBS,21.19137573
THISTLE,90m,GRAMINOIDS,163.2398171
THISTLE,90m,LICHENS,1706.899121
THISTLE,90m,NON VEGETATED,776.7963767
TOPOFTHEWORLD,0m,BRYOPHYTES,1204.461526
TOPOFTHEWORLD,0m,DECIDUOUS SHRUBS,33701.10124
TOPOFTHEWORLD,0m,EVERGREEN SHRUBS,6991.796435
TOPOFTHEWORLD,0m,NON VEGETATED,253.7418251
TOPOFTHEWORLD,10m,DECIDUOUS SHRUBS,60435.67181
TOPOFTHEWORLD,10m,EVERGREEN SHRUBS,1028.322138
TOPOFTHEWORLD,10m,GRAMINOIDS,6.857886791
TOPOFTHEWORLD,10m,LICHENS,13520.50502
TOPOFTHEWORLD,10m,NON VEGETATED,8810.941266
TOPOFTHEWORLD,20m,DECIDUOUS SHRUBS,91343.44711
TOPOFTHEWORLD,20m,EVERGREEN SHRUBS,48879.41013
TOPOFTHEWORLD,20m,NON VEGETATED,2173.589264
TOPOFTHEWORLD,20m,TREES,3233.67424
TOPOFTHEWORLD,30m,DECIDUOUS SHRUBS,71026.05445
TOPOFTHEWORLD,30m,EVERGREEN SHRUBS,30833.06066
TOPOFTHEWORLD,30m,NON VEGETATED,381.5150909
TOPOFTHEWORLD,40m,BRYOPHYTES,0.72188288
TOPOFTHEWORLD,40m,DECIDUOUS SHRUBS,37747.97642
TOPOFTHEWORLD,40m,EVERGREEN SHRUBS,19926.85432
TOPOFTHEWORLD,40m,LICHENS,7.579770088
TOPOFTHEWORLD,40m,NON VEGETATED,782.8819652
TOPOFTHEWORLD,50m,BRYOPHYTES,1482.025481
TOPOFTHEWORLD,50m,DECIDUOUS SHRUBS,100757.5221
TOPOFTHEWORLD,50m,EVERGREEN SHRUBS,7496.031552
TOPOFTHEWORLD,50m,LICHENS,409.3075562
TOPOFTHEWORLD,50m,NON VEGETATED,528.4182749
TOPOFTHEWORLD,50m,TREES,2946.364899
TOPOFTHEWORLD,60m,DECIDUOUS SHRUBS,32025.25002
TOPOFTHEWORLD,60m,EVERGREEN SHRUBS,31655.2852
TOPOFTHEWORLD,60m,LICHENS,19.4908371
TOPOFTHEWORLD,60m,NON VEGETATED,3649.478743
TOPOFTHEWORLD,70m,DECIDUOUS SHRUBS,31504.05084
TOPOFTHEWORLD,70m,EVERGREEN SHRUBS,10876.9699
TOPOFTHEWORLD,70m,NON VEGETATED,489.4365783
TOPOFTHEWORLD,80m,DECIDUOUS SHRUBS,86908.92114
TOPOFTHEWORLD,80m,EVERGREEN SHRUBS,9186.320316
TOPOFTHEWORLD,80m,LICHENS,7358.151967
TOPOFTHEWORLD,80m,NON VEGETATED,1877.617317
TOPOFTHEWORLD,90m,DECIDUOUS SHRUBS,24253.82039
TOPOFTHEWORLD,90m,EVERGREEN SHRUBS,1900.356658
TOPOFTHEWORLD,90m,GRAMINOIDS,277.9249053
TOPOFTHEWORLD,90m,LICHENS,8392.971089
TOPOFTHEWORLD,90m,NON VEGETATED,2046.898839
TOWYK,0m,BRYOPHYTES,30.22018623
TOWYK,0m,DECIDUOUS SHRUBS,3841.955159
TOWYK,0m,EVERGREEN SHRUBS,3344.17734
TOWYK,0m,LICHENS,12.54422855
TOWYK,0m,NON VEGETATED,642.606632
TOWYK,10m,DECIDUOUS SHRUBS,145.9692049
TOWYK,10m,EVERGREEN SHRUBS,1443.726684
TOWYK,10m,LICHENS,53.0278759
TOWYK,10m,NON VEGETATED,801.1200594
TOWYK,20m,DECIDUOUS SHRUBS,2077.21024
TOWYK,20m,EVERGREEN SHRUBS,760.6364115
TOWYK,20m,NON VEGETATED,401.9855114
TOWYK,30m,DECIDUOUS SHRUBS,356.3701369
TOWYK,30m,EVERGREEN SHRUBS,1417.497837
TOWYK,30m,LICHENS,50.17691612
TOWYK,30m,NON VEGETATED,335.2730209
TOWYK,40m,BRYOPHYTES,0
TOWYK,40m,DECIDUOUS SHRUBS,5863.286544
TOWYK,40m,EVERGREEN SHRUBS,1834.308348
TOWYK,40m,LICHENS,19.95672798
TOWYK,40m,NON VEGETATED,196.1461201
TOWYK,50m,DECIDUOUS SHRUBS,244.0422683
TOWYK,50m,EVERGREEN SHRUBS,2236.293859
TOWYK,50m,LICHENS,11.40384436
TOWYK,50m,NON VEGETATED,645.4575889
TOWYK,60m,DECIDUOUS SHRUBS,984.0315127
TOWYK,60m,EVERGREEN SHRUBS,542.4859407
TOWYK,60m,NON VEGETATED,417.3806974
TOWYK,70m,BRYOPHYTES,56.44902706
TOWYK,70m,DECIDUOUS SHRUBS,935.6854162
TOWYK,70m,EVERGREEN SHRUBS,2608.059182
TOWYK,70m,LICHENS,87.23940992
TOWYK,70m,NON VEGETATED,295.929758
TOWYK,80m,DECIDUOUS SHRUBS,394.0028172
TOWYK,80m,EVERGREEN SHRUBS,720.1527588
TOWYK,80m,NON VEGETATED,884.938311
TOWYK,90m,DECIDUOUS SHRUBS,81.53748751
TOWYK,90m,EVERGREEN SHRUBS,396.2835848
TOWYK,90m,LICHENS,14.8249979
TOWYK,90m,NON VEGETATED,598.7018239
TWELVEMILE,0m,BRYOPHYTES,50.77932692
TWELVEMILE,0m,DECIDUOUS SHRUBS,26.95210421
TWELVEMILE,0m,LICHENS,2768.254545
TWELVEMILE,0m,NON VEGETATED,137.1041828
TWELVEMILE,10m,BRYOPHYTES,208.1952364
TWELVEMILE,10m,DECIDUOUS SHRUBS,2349.12975
TWELVEMILE,10m,EVERGREEN SHRUBS,532.40171
TWELVEMILE,10m,GRAMINOIDS,1078.084161
TWELVEMILE,10m,LICHENS,3766.263615
TWELVEMILE,10m,NON VEGETATED,462.0918738
TWELVEMILE,10m,TREES,66.40373611
TWELVEMILE,20m,BRYOPHYTES,262.4900603
TWELVEMILE,20m,DECIDUOUS SHRUBS,302.7229099
TWELVEMILE,20m,EVERGREEN SHRUBS,22.26478243
TWELVEMILE,20m,GRAMINOIDS,265.6149349
TWELVEMILE,20m,LICHENS,5218.161684
TWELVEMILE,20m,NON VEGETATED,1766.339361
TWELVEMILE,20m,TREES,541.7763472
TWELVEMILE,30m,BRYOPHYTES,29.29576683
TWELVEMILE,30m,DECIDUOUS SHRUBS,28414.15805
TWELVEMILE,30m,EVERGREEN SHRUBS,16.4056282
TWELVEMILE,30m,GRAMINOIDS,23.43661118
TWELVEMILE,30m,LICHENS,1172.611822
TWELVEMILE,30m,NON VEGETATED,626.9293857
TWELVEMILE,30m,TREES,9928.920632
TWELVEMILE,40m,BRYOPHYTES,3.515491724
TWELVEMILE,40m,GRAMINOIDS,121.8703837
TWELVEMILE,40m,LICHENS,5648.223554
TWELVEMILE,40m,NON VEGETATED,837.4682821
TWELVEMILE,40m,TREES,405.0627851
TWELVEMILE,50m,BRYOPHYTES,130.0731997
TWELVEMILE,50m,DECIDUOUS SHRUBS,17.57745981
TWELVEMILE,50m,EVERGREEN SHRUBS,17.96806908
TWELVEMILE,50m,GRAMINOIDS,173.0403194
TWELVEMILE,50m,LICHENS,5457.996384
TWELVEMILE,50m,NON VEGETATED,798.0166517
TWELVEMILE,50m,TREES,370.29847
TWELVEMILE,60m,BRYOPHYTES,768.3302698
TWELVEMILE,60m,DECIDUOUS SHRUBS,20.70234108
TWELVEMILE,60m,EVERGREEN SHRUBS,765.9866155
TWELVEMILE,60m,GRAMINOIDS,291.395216
TWELVEMILE,60m,LICHENS,3972.773394
TWELVEMILE,60m,NON VEGETATED,313.6599975
TWELVEMILE,60m,TREES,74.99716187
TWELVEMILE,70m,BRYOPHYTES,359.361392
TWELVEMILE,70m,DECIDUOUS SHRUBS,31257.01907
TWELVEMILE,70m,EVERGREEN SHRUBS,382.4073901
TWELVEMILE,70m,TREES,215354.3425
TWELVEMILE,80m,BRYOPHYTES,2479.202971
TWELVEMILE,80m,DECIDUOUS SHRUBS,7195.430563
TWELVEMILE,80m,EVERGREEN SHRUBS,1747.199439
TWELVEMILE,80m,GRAMINOIDS,362.8768792
TWELVEMILE,80m,LICHENS,930.8241282
TWELVEMILE,80m,NON VEGETATED,94.527668
TWELVEMILE,80m,TREES,753.8776922
TWELVEMILE,90m,BRYOPHYTES,1031.601567
TWELVEMILE,90m,DECIDUOUS SHRUBS,3179.17648
TWELVEMILE,90m,EVERGREEN SHRUBS,1076.521729
TWELVEMILE,90m,GRAMINOIDS,292.875104
TWELVEMILE,90m,LICHENS,1493.399605
TWELVEMILE,90m,NON VEGETATED,149.9943184
TWELVEMILE,90m,TREES,605.0552114
UPPERPALDO,0m,BRYOPHYTES,95.95493948
UPPERPALDO,0m,EVERGREEN SHRUBS,1146.538532
UPPERPALDO,0m,GRAMINOIDS,20.09312892
UPPERPALDO,0m,LICHENS,0
UPPERPALDO,0m,NON VEGETATED,596.232841
UPPERPALDO,10m,BRYOPHYTES,18.86293793
UPPERPALDO,10m,DECIDUOUS SHRUBS,1284.319981
UPPERPALDO,10m,EVERGREEN SHRUBS,346.5039501
UPPERPALDO,10m,LICHENS,19.68306506
UPPERPALDO,10m,NON VEGETATED,680.7060037
UPPERPALDO,20m,BRYOPHYTES,107.0266653
UPPERPALDO,20m,DECIDUOUS SHRUBS,2290.616688
UPPERPALDO,20m,EVERGREEN SHRUBS,769.6898441
UPPERPALDO,20m,GRAMINOIDS,483.8753428
UPPERPALDO,20m,LICHENS,36.08561945
UPPERPALDO,20m,NON VEGETATED,607.714628
UPPERPALDO,30m,BRYOPHYTES,20.5031929
UPPERPALDO,30m,DECIDUOUS SHRUBS,4.920766354
UPPERPALDO,30m,EVERGREEN SHRUBS,997.2752908
UPPERPALDO,30m,GRAMINOIDS,1082.568571
UPPERPALDO,30m,LICHENS,75.04168653
UPPERPALDO,30m,NON VEGETATED,599.51335
UPPERPALDO,40m,BRYOPHYTES,719.6620598
UPPERPALDO,40m,EVERGREEN SHRUBS,855.8032608
UPPERPALDO,40m,GRAMINOIDS,4410.236724
UPPERPALDO,40m,LICHENS,11.89185143
UPPERPALDO,40m,NON VEGETATED,449.0199184
UPPERPALDO,50m,BRYOPHYTES,453.5306284
UPPERPALDO,50m,DECIDUOUS SHRUBS,21919.14303
UPPERPALDO,50m,EVERGREEN SHRUBS,569.1686287
UPPERPALDO,50m,GRAMINOIDS,221.024415
UPPERPALDO,50m,NON VEGETATED,55.35861802
UPPERPALDO,60m,EVERGREEN SHRUBS,210.7728256
UPPERPALDO,60m,GRAMINOIDS,3474.881067
UPPERPALDO,60m,LICHENS,133.2707539
UPPERPALDO,60m,NON VEGETATED,957.9091541
UPPERPALDO,70m,BRYOPHYTES,35.67555237
UPPERPALDO,70m,DECIDUOUS SHRUBS,42336.63226
UPPERPALDO,70m,EVERGREEN SHRUBS,772.1502371
UPPERPALDO,70m,GRAMINOIDS,173.4570131
UPPERPALDO,70m,NON VEGETATED,218.564034
UPPERPALDO,80m,BRYOPHYTES,5.330830097
UPPERPALDO,80m,DECIDUOUS SHRUBS,16.81261706
UPPERPALDO,80m,EVERGREEN SHRUBS,1619.342128
UPPERPALDO,80m,GRAMINOIDS,819.3075715
UPPERPALDO,80m,LICHENS,152.9538158
UPPERPALDO,80m,NON VEGETATED,471.1633677
UPPERPALDO,90m,DECIDUOUS SHRUBS,3580.267479
UPPERPALDO,90m,EVERGREEN SHRUBS,3960.80676
UPPERPALDO,90m,GRAMINOIDS,488.7961189
UPPERPALDO,90m,LICHENS,78.32219803
UPPERPALDO,90m,NON VEGETATED,779.1213087
UPPERQUARRY,0m,BRYOPHYTES,242.4910056
UPPERQUARRY,0m,DECIDUOUS SHRUBS,115.7234273
UPPERQUARRY,0m,EVERGREEN SHRUBS,4005.423219
UPPERQUARRY,0m,GRAMINOIDS,5544.160685
UPPERQUARRY,0m,NON VEGETATED,72.74730085
UPPERQUARRY,10m,BRYOPHYTES,8.643243536
UPPERQUARRY,10m,DECIDUOUS SHRUBS,60.74279594
UPPERQUARRY,10m,EVERGREEN SHRUBS,6991.423834
UPPERQUARRY,10m,GRAMINOIDS,26857.43937
UPPERQUARRY,10m,LICHENS,405.0320034
UPPERQUARRY,20m,BRYOPHYTES,25.44955158
UPPERQUARRY,20m,DECIDUOUS SHRUBS,241.7707333
UPPERQUARRY,20m,EVERGREEN SHRUBS,2320.470852
UPPERQUARRY,20m,GRAMINOIDS,8141.695502
UPPERQUARRY,20m,LICHENS,27.85045195
UPPERQUARRY,20m,NON VEGETATED,57.86171556
UPPERQUARRY,30m,BRYOPHYTES,60.02252746
UPPERQUARRY,30m,DECIDUOUS SHRUBS,201.6756855
UPPERQUARRY,30m,EVERGREEN SHRUBS,1765.38254
UPPERQUARRY,30m,GRAMINOIDS,5463.970599
UPPERQUARRY,30m,LICHENS,12.24459457
UPPERQUARRY,30m,NON VEGETATED,28.09054214
UPPERQUARRY,40m,BRYOPHYTES,15.60585594
UPPERQUARRY,40m,DECIDUOUS SHRUBS,691.4595076
UPPERQUARRY,40m,EVERGREEN SHRUBS,790.616714
UPPERQUARRY,40m,GRAMINOIDS,7797.64638
UPPERQUARRY,40m,LICHENS,136.6112707
UPPERQUARRY,40m,NON VEGETATED,1411.489733
UPPERQUARRY,50m,DECIDUOUS SHRUBS,869.3662632
UPPERQUARRY,50m,EVERGREEN SHRUBS,3045.542965
UPPERQUARRY,50m,GRAMINOIDS,10886.40559
UPPERQUARRY,50m,LICHENS,269.3810959
UPPERQUARRY,50m,NON VEGETATED,13.20495605
UPPERQUARRY,60m,BRYOPHYTES,315.4783985
UPPERQUARRY,60m,DECIDUOUS SHRUBS,1376.436572
UPPERQUARRY,60m,EVERGREEN SHRUBS,4712.843093
UPPERQUARRY,60m,GRAMINOIDS,15693.9698
UPPERQUARRY,60m,LICHENS,142.6135206
UPPERQUARRY,60m,NON VEGETATED,63.14369392
UPPERQUARRY,70m,BRYOPHYTES,39.81707639
UPPERQUARRY,70m,DECIDUOUS SHRUBS,162.0322251
UPPERQUARRY,70m,EVERGREEN SHRUBS,953.5560058
UPPERQUARRY,70m,GRAMINOIDS,8661.552096
UPPERQUARRY,70m,LICHENS,116.1066669
UPPERQUARRY,80m,BRYOPHYTES,137.091448
UPPERQUARRY,80m,DECIDUOUS SHRUBS,14.88558722
UPPERQUARRY,80m,EVERGREEN SHRUBS,612.2297649
UPPERQUARRY,80m,GRAMINOIDS,8141.695498
UPPERQUARRY,80m,LICHENS,457.1315586
UPPERQUARRY,90m,DECIDUOUS SHRUBS,44.41666889
UPPERQUARRY,90m,EVERGREEN SHRUBS,3279.630825
UPPERQUARRY,90m,GRAMINOIDS,8219.484711
UPPERQUARRY,90m,LICHENS,115.2432513
WHEATEAR,0m,BRYOPHYTES,9.4074682
WHEATEAR,0m,DECIDUOUS SHRUBS,3.135822654
WHEATEAR,0m,EVERGREEN SHRUBS,2395.768555
WHEATEAR,0m,FORBS,103.4821483
WHEATEAR,0m,GRAMINOIDS,1030.901726
WHEATEAR,0m,LICHENS,230.8749499
WHEATEAR,0m,NON VEGETATED,201.4766121
WHEATEAR,10m,BRYOPHYTES,9.407468319
WHEATEAR,10m,EVERGREEN SHRUBS,2540.80035
WHEATEAR,10m,FORBS,3.919778347
WHEATEAR,10m,GRAMINOIDS,1142.223429
WHEATEAR,10m,LICHENS,1174.365601
WHEATEAR,10m,NON VEGETATED,277.1283296
WHEATEAR,20m,BRYOPHYTES,22.3427372
WHEATEAR,20m,EVERGREEN SHRUBS,1162.425348
WHEATEAR,20m,FORBS,27.04647171
WHEATEAR,20m,GRAMINOIDS,1535.143057
WHEATEAR,20m,LICHENS,266.2593076
WHEATEAR,20m,NON VEGETATED,72.90787864
WHEATEAR,30m,BRYOPHYTES,7.055601001
WHEATEAR,30m,DECIDUOUS SHRUBS,2.351866961
WHEATEAR,30m,EVERGREEN SHRUBS,1989.287538
WHEATEAR,30m,FORBS,39.19778305
WHEATEAR,30m,GRAMINOIDS,1124.976405
WHEATEAR,30m,LICHENS,253.2176841
WHEATEAR,30m,NON VEGETATED,291.6315142
WHEATEAR,40m,EVERGREEN SHRUBS,115.2414835
WHEATEAR,40m,FORBS,113.2815979
WHEATEAR,40m,GRAMINOIDS,66.2442534
WHEATEAR,40m,NON VEGETATED,426.4718933
WHEATEAR,50m,EVERGREEN SHRUBS,917.2281487
WHEATEAR,50m,FORBS,5.095711946
WHEATEAR,50m,GRAMINOIDS,76.04370308
WHEATEAR,50m,LICHENS,103.8741266
WHEATEAR,50m,NON VEGETATED,383.3543296
WHEATEAR,60m,BRYOPHYTES,7.839556873
WHEATEAR,60m,DECIDUOUS SHRUBS,7.055600882
WHEATEAR,60m,EVERGREEN SHRUBS,150.9114661
WHEATEAR,60m,FORBS,52.91700679
WHEATEAR,60m,GRAMINOIDS,158.359047
WHEATEAR,60m,LICHENS,14.11120224
WHEATEAR,60m,NON VEGETATED,212.451989
WHEATEAR,70m,BRYOPHYTES,141.5039955
WHEATEAR,70m,EVERGREEN SHRUBS,685.9612162
WHEATEAR,70m,GRAMINOIDS,9525.06154
WHEATEAR,70m,LICHENS,35.27800608
WHEATEAR,70m,NON VEGETATED,5.879667282
WHEATEAR,80m,BRYOPHYTES,2.351866961
WHEATEAR,80m,DECIDUOUS SHRUBS,18.42295897
WHEATEAR,80m,EVERGREEN SHRUBS,367.2832347
WHEATEAR,80m,FORBS,177.9579398
WHEATEAR,80m,GRAMINOIDS,872.9346496
WHEATEAR,80m,LICHENS,61.93249786
WHEATEAR,80m,NON VEGETATED,379.0425721
WHEATEAR,90m,FORBS,50.95711887
WHEATEAR,90m,NON VEGETATED,204.612433
WICKERSHAM,0m,BRYOPHYTES,603.5318213
WICKERSHAM,0m,DECIDUOUS SHRUBS,10203.1039
WICKERSHAM,0m,EVERGREEN SHRUBS,3711.955134
WICKERSHAM,0m,FORBS,22.774786
WICKERSHAM,0m,LICHENS,798.1222549
WICKERSHAM,0m,NON VEGETATED,200.2841411
WICKERSHAM,0m,TREES,1139.074203
WICKERSHAM,10m,BRYOPHYTES,1748.299717
WICKERSHAM,10m,DECIDUOUS SHRUBS,4690.601013
WICKERSHAM,10m,EVERGREEN SHRUBS,1714.472473
WICKERSHAM,10m,LICHENS,37.84633398
WICKERSHAM,10m,NON VEGETATED,599.847661
WICKERSHAM,10m,TREES,1658.205341
WICKERSHAM,20m,BRYOPHYTES,153.3948803
WICKERSHAM,20m,DECIDUOUS SHRUBS,7853.951785
WICKERSHAM,20m,EVERGREEN SHRUBS,1480.695974
WICKERSHAM,20m,LICHENS,371.4299595
WICKERSHAM,20m,NON VEGETATED,16.07631874
WICKERSHAM,20m,TREES,4634.668854
WICKERSHAM,30m,BRYOPHYTES,146.696411
WICKERSHAM,30m,DECIDUOUS SHRUBS,990.0333204
WICKERSHAM,30m,EVERGREEN SHRUBS,3512.005873
WICKERSHAM,30m,FORBS,7.368312836
WICKERSHAM,30m,GRAMINOIDS,64.64020014
WICKERSHAM,30m,LICHENS,1817.293925
WICKERSHAM,30m,NON VEGETATED,245.8337165
WICKERSHAM,30m,TREES,154.7345715
WICKERSHAM,40m,BRYOPHYTES,55.59726828
WICKERSHAM,40m,DECIDUOUS SHRUBS,11639.92496
WICKERSHAM,40m,EVERGREEN SHRUBS,132.9645557
WICKERSHAM,40m,NON VEGETATED,266.2640357
WICKERSHAM,40m,TREES,280.3308187
WICKERSHAM,50m,BRYOPHYTES,177.5093606
WICKERSHAM,50m,EVERGREEN SHRUBS,2093.270731
WICKERSHAM,50m,GRAMINOIDS,23.10970879
WICKERSHAM,50m,LICHENS,1691.027829
WICKERSHAM,50m,NON VEGETATED,1576.484048
WICKERSHAM,60m,BRYOPHYTES,166.1219726
WICKERSHAM,60m,DECIDUOUS SHRUBS,20107.79119
WICKERSHAM,60m,EVERGREEN SHRUBS,709.3675965
WICKERSHAM,60m,LICHENS,12.39216238
WICKERSHAM,60m,NON VEGETATED,1062.041825
WICKERSHAM,60m,TREES,756.9266934
WICKERSHAM,70m,BRYOPHYTES,1177.590387
WICKERSHAM,70m,DECIDUOUS SHRUBS,516.7866819
WICKERSHAM,70m,EVERGREEN SHRUBS,4858.732549
WICKERSHAM,70m,LICHENS,114.5437734
WICKERSHAM,70m,NON VEGETATED,906.9723423
WICKERSHAM,70m,TREES,2580.249182
WICKERSHAM,80m,BRYOPHYTES,112.5342321
WICKERSHAM,80m,DECIDUOUS SHRUBS,9113.598358
WICKERSHAM,80m,EVERGREEN SHRUBS,439.7543183
WICKERSHAM,80m,GRAMINOIDS,14.06677914
WICKERSHAM,80m,NON VEGETATED,114.2088508
WICKERSHAM,80m,TREES,99.47222573
WICKERSHAM,90m,BRYOPHYTES,449.4670942
WICKERSHAM,90m,EVERGREEN SHRUBS,1098.213565
WICKERSHAM,90m,LICHENS,527.5042228
WICKERSHAM,90m,NON VEGETATED,452.8163224
WICKERSHAM,90m,TREES,3.34923327
